file_id,file_type,file_size_mb,days_since_creation,days_since_last_accessed,access_count_30d
FOLDER_1_Documents_1.docx,.docx,0.017,756,756,0
FOLDER_2_Documents_1716307736344.jpg,.jpg,2.463,814,814,0
FOLDER_3_Documents_1_UKXKlbJYTc54POMG4DXJcQ.png,.png,0.319,940,940,0
FOLDER_4_Documents_2026A_HCI.pdf,.pdf,0.219,948,948,0
FOLDER_5_Documents_2026B_HCI.pdf,.pdf,0.12,948,948,0
FOLDER_6_Documents_22189.pdf,.pdf,0.024,1022,1022,0
FOLDER_7_Documents_22UG2-0121_Assignment_03_HCI.pdf,.pdf,0.169,941,941,0
FOLDER_8_Documents_22ug2-0121_CCS2311_Group_Activity_01___.docx,.docx,0.015,1030,1030,0
FOLDER_9_Documents_22ug2-0121_CCS2311_Group_Activity_01___.pdf,.pdf,0.102,1030,1030,0
FOLDER_10_Documents_22ug2-0121_CCS2311_Human_Factors_in_Computer_Systems__.pdf,.pdf,0.595,933,933,0
FOLDER_11_Documents_22UG2-0121_payment.pdf,.pdf,0.055,953,953,0
FOLDER_12_Documents_22UG2-0121_Persona___Know_tour_User_CCS2311___Human_Factors_in_Computer_System.docx,.docx,0.015,954,954,0
FOLDER_13_Documents_22UG2-0121_Persona___Know_tour_User_CCS2311___Human_Factors_in_Computer_System.pdf,.pdf,0.11,954,954,0
FOLDER_14_Documents_22UG2-0121_probabilit_In-Class_Assignment.docx,.docx,0.527,938,938,0
FOLDER_15_Documents_22UG2-0121_probabilit_In-Class_Assignment.pdf,.pdf,0.487,938,938,0
FOLDER_16_Documents_22UG2-0121_probability_Worksheet_02.docx,.docx,0.488,924,924,0
FOLDER_17_Documents_22UG2-0121_probability_Worksheet_02.pdf,.pdf,0.444,927,927,0
FOLDER_18_Documents_22UG2-0121_Quiz_02_SMA2306_.pdf,.pdf,0.966,937,937,0
FOLDER_19_Documents_22UG2-0121_Scenario_based_approach.docx,.docx,0.016,954,954,0
FOLDER_20_Documents_22UG2-0121_Scenario_based_approach.pdf,.pdf,0.109,954,954,0
FOLDER_21_Documents_22ug2-0121_Worksheet_07.docx,.docx,0.129,951,951,0
FOLDER_22_Documents_22ug2-0121_Worksheet_07.pdf,.pdf,0.267,951,951,0
FOLDER_23_Documents_22UG2-0121_Worksheet_08.pdf,.pdf,0.133,944,944,0
FOLDER_24_Documents_22UG2-0121_Worksheet_09.docx,.docx,0.133,939,939,0
FOLDER_25_Documents_22UG2-0121_Worksheet_09.pdf,.pdf,0.165,939,939,0
FOLDER_26_Documents_22UG20121_payment_1.jpg,.jpg,1.506,953,953,0
FOLDER_27_Documents_A_Microeconomic_Perspective.txt,.txt,0.004,918,918,0
FOLDER_28_Documents_CCS2311_22UG2-0121_Assigment_02.pdf,.pdf,0.122,946,946,0
FOLDER_29_Documents_CCS2311_22UG2-0121_Group_Activity_04.pdf,.pdf,0.193,1010,1010,0
FOLDER_30_Documents_CCS2311_22UG2-0121_Proposal_Group_01.pdf,.pdf,0.135,968,968,0
FOLDER_31_Documents_CCS2311_Group_Activity_03.pdf,.pdf,0.236,1017,1017,0
FOLDER_32_Documents_CCS2311_Heuristic_Evaluation_22UG2-0121__3_.pdf,.pdf,0.127,940,940,0
FOLDER_33_Documents_CCS2311_Heuristic_Evaluation_22UG2-0121.pdf,.pdf,0.077,940,940,0
FOLDER_34_Documents_CCS2311_22UG2-0121_Presentation.pptx__Read-Only_.pdf,.pdf,1.673,925,925,0
FOLDER_35_Documents_Dasunya_Herath.psd,.psd,203.96,936,936,0
FOLDER_36_Documents_desktop.ini,.ini,0.001,108,108,0
FOLDER_37_Documents_Dilshan.txt,.txt,0.002,919,919,0
FOLDER_38_Documents_G_22ug2-0121_CCS2311_Human_Factors_in_Computer_Systems__.pdf,.pdf,0.595,933,933,0
FOLDER_39_Documents_Gantt-Chart-001.docx,.docx,0.084,928,928,0
FOLDER_40_Documents_Gantt-Chart-002.docx,.docx,0.084,917,917,0
FOLDER_41_Documents_Gantt-Chart-003.docx,.docx,0.052,916,916,0
FOLDER_42_Documents_GROUP_-_07__University_Attendance_Management__System..docx,.docx,0.411,1005,1005,0
FOLDER_43_Documents_Group_18_presentation.pptx,.pptx,3.044,920,920,0
FOLDER_44_Documents_Group_Activity_01_.pdf,.pdf,0.141,1030,1030,0
FOLDER_45_Documents_group_activity_2.pdf,.pdf,0.236,1024,1024,0
FOLDER_46_Documents_hashi.txt,.txt,0.001,921,921,0
FOLDER_47_Documents_Healthcare.docx,.docx,0.031,1024,1024,0
FOLDER_48_Documents_Healthcare.pdf,.pdf,0.174,1024,1024,0
FOLDER_49_Documents_Honey_bunney.jpg,.jpg,1.669,956,956,0
FOLDER_50_Documents_IMG-20240102-WA0011.jpg,.jpg,0.013,952,952,0
FOLDER_51_Documents_IMG_9120.psd,.psd,75.624,933,933,0
FOLDER_52_Documents_Labsheet8_BUS-23-02-0269-ICT.xlsx,.xlsx,0.018,926,926,0
FOLDER_53_Documents_Labsheet9_BUS-23-02-0269.xlsx,.xlsx,0.013,920,920,0
FOLDER_54_Documents_library.rar,.rar,0.002,914,914,0
FOLDER_55_Documents_library01.rar,.rar,0.001,913,913,0
FOLDER_56_Documents_library02.rar,.rar,0.001,913,913,0
FOLDER_57_Documents_My_cheat_sheet.pdf,.pdf,0.237,904,904,0
FOLDER_58_Documents_Pilotgroup.sav,.sav,0.001,938,938,0
FOLDER_59_Documents_PM_101.rar,.rar,116.474,919,919,0
FOLDER_60_Documents_pramodi.docx,.docx,0.016,940,940,0
FOLDER_61_Documents_Presentation_NAVO.pptx,.pptx,3.044,920,920,0
FOLDER_62_Documents_probability_Worksheet_02.docx,.docx,0.488,924,924,0
FOLDER_63_Documents_probability_Worksheet_02.pdf,.pdf,0.442,925,925,0
FOLDER_64_Documents_Project_Management_b.docx,.docx,0.014,948,948,0
FOLDER_65_Documents_Q_and_A__01.docx,.docx,0.017,1022,1022,0
FOLDER_66_Documents_Q_and_A__01.pdf,.pdf,0.094,1022,1022,0
FOLDER_67_Documents_Q_and_A__02.docx,.docx,0.015,1022,1022,0
FOLDER_68_Documents_Q_and_A__02.pdf,.pdf,0.074,1022,1022,0
FOLDER_69_Documents_Q.docx,.docx,0.018,1021,1021,0
FOLDER_70_Documents_Q.pdf,.pdf,0.098,1021,1021,0
FOLDER_71_Documents_Quiz_galaxy_ART_.txt,.txt,0.004,887,887,0
FOLDER_72_Documents_quiz.zip,.zip,0.054,951,951,0
FOLDER_73_Documents_s_game_code.docx,.docx,0.017,889,889,0
FOLDER_74_Documents_School_of_Computing.docx,.docx,0.016,940,940,0
FOLDER_75_Documents_SLTC_IEEE_t_shirt_DATA.docx,.docx,0.327,885,885,0
FOLDER_76_Documents_Social_Clud_Ubisoft_Steam.txt,.txt,0.001,965,965,0
FOLDER_77_Documents_speech_recognition-final_version.pdf,.pdf,0.276,1024,1024,0
FOLDER_78_Documents_Statistical_Data_Analysis_with_SPSS.docx,.docx,0.014,938,938,0
FOLDER_79_Documents_techpowerzone22.txt,.txt,0.001,881,881,0
FOLDER_80_Documents_travl.sql,.sql,0.034,924,924,0
FOLDER_81_Documents_Witcher_3_PLAYER_COMMANDS.docx,.docx,0.016,1226,1226,0
FOLDER_82_Documents_workspace.code-workspace,.codeworkspace,0.001,855,855,0
FOLDER_83_Documents_Zoom_2024-01-11_01.45.45_22UG2-0123_Rashmi_Yashodha_Malalasekara_s_Personal_Meeting_Room_audio1328060205.m4a,.m4a,4.019,946,946,0
FOLDER_84_Documents_Zoom_2024-01-11_01.45.45_22UG2-0123_Rashmi_Yashodha_Malalasekara_s_Personal_Meeting_Room_recording.conf,.conf,0.001,946,946,0
FOLDER_85_Documents_Zoom_2024-01-11_01.45.45_22UG2-0123_Rashmi_Yashodha_Malalasekara_s_Personal_Meeting_Room_video1328060205.mp4,.mp4,7.708,946,946,0
FOLDER_86_Documents_Watermarks_20230520_221520_0000.png,.png,0.015,1172,1172,0
FOLDER_87_Documents_Watermarks_Baila_Night_-_Amod_Shamika.png,.png,0.082,1343,1343,0
FOLDER_88_Documents_Watermarks_Baila_Night_-_Gimhan_Kanishka.png,.png,0.081,1343,1343,0
FOLDER_89_Documents_Watermarks_Baila_Night_-_Vishwa_Nuwan.png,.png,0.081,1343,1343,0
FOLDER_90_Documents_Watermarks_Book_Donation_-_Sasindu_Geeth.png,.png,0.062,1319,1319,0
FOLDER_91_Documents_Watermarks_Charter_Installation_Ceremony_of_the_Rotaract_Club_of_SLTC_Research_University.png,.png,0.085,1228,1228,0
FOLDER_92_Documents_Watermarks_club_day-1.png,.png,0.037,1199,1199,0
FOLDER_93_Documents_Watermarks_Diwali__22_-_geeth.png,.png,0.06,1366,1366,0
FOLDER_94_Documents_Watermarks_Diwali__22_-_Shakuna.png,.png,0.061,1366,1366,0
FOLDER_95_Documents_Watermarks_EINDSPEL_-_Amantha_Abeysinghe.png,.png,0.074,1374,1374,0
FOLDER_96_Documents_Watermarks_EINDSPEL_-_geeth_dasanayake.png,.png,0.07,1373,1373,0
FOLDER_97_Documents_Watermarks_EINDSPEL_-_Maleesha_Rajakaruna.png,.png,0.074,1374,1374,0
FOLDER_98_Documents_Watermarks_EINDSPEL_-_Sasindu_Janangana.png,.png,0.073,1374,1374,0
FOLDER_99_Documents_Watermarks_GEETH_1.png,.png,0.112,1323,1323,0
FOLDER_100_Documents_Watermarks_Geeth_Dasanayake.png,.png,0.077,1323,1323,0
FOLDER_101_Documents_Watermarks_GEETH_IEEE.png,.png,0.131,1323,1323,0
FOLDER_102_Documents_Watermarks_IMG_2442.PNG,.png,0.101,1227,1227,0
FOLDER_103_Documents_Watermarks_LEO.png,.png,0.063,1199,1199,0
FOLDER_104_Documents_Watermarks_Moonland_-_Amantha_Abeysinghe.png,.png,0.06,1343,1343,0
FOLDER_105_Documents_Watermarks_Moonland_-_Geeth_Dasanayake.png,.png,0.059,1343,1343,0
FOLDER_106_Documents_Watermarks_Moonland_-_Shakuna.png,.png,0.06,1343,1343,0
FOLDER_107_Documents_Watermarks_Moonland_-_Vimukthi_Malshan.png,.png,0.059,1343,1343,0
FOLDER_108_Documents_Watermarks_New_year_2023_-_Geeth_Sasindu.png,.png,0.067,1319,1319,0
FOLDER_109_Documents_Watermarks_Panjab_Night_GEETH.png,.png,0.109,1150,1150,0
FOLDER_110_Documents_Watermarks_Prathiba.png,.png,0.047,1185,1185,0
FOLDER_111_Documents_Watermarks_PRATHYIBA.png,.png,0.047,1185,1185,0
FOLDER_112_Documents_Watermarks_Prime_Minister_Visit_-_Chamali_Siriwardhana.png,.png,0.058,1273,1273,0
FOLDER_113_Documents_Watermarks_Prime_Minister_Visit_-_Geeth_Dasanayake.png,.png,0.056,1273,1273,0
FOLDER_114_Documents_Watermarks_Road_to_GSoC_2023.png,.png,0.089,1228,1228,0
FOLDER_115_Documents_Watermarks_Rotaract_Logo_EN21__1_.png,.png,0.025,1233,1233,0
FOLDER_116_Documents_Watermarks_Rotaract_Logo_EN21.png,.png,0.019,1233,1233,0
FOLDER_117_Documents_Watermarks_seds_Geeth_Dasanayake.png,.png,0.067,1319,1319,0
FOLDER_118_Documents_Watermarks_Sportmeet_2022_-_Football_-_Amantha.png,.png,0.066,1366,1366,0
FOLDER_119_Documents_Watermarks_Sportmeet_2022_-_Football_-_Sasindu.png,.png,0.065,1366,1366,0
FOLDER_120_Documents_Watermarks_Sportmeet_2022_-_heshan___malshan.png,.png,0.065,1366,1366,0
FOLDER_121_Documents_Watermarks_Sportmeet_2022_-_Sasindu___Shamika.png,.png,0.065,1343,1343,0
FOLDER_122_Documents_Watermarks_Sportmeet_2022_-_Shakuna.png,.png,0.063,1366,1366,0
FOLDER_123_Documents_Watermarks_Sportmeet_2022_-_Vishva___gimhan.png,.png,0.065,1366,1366,0
FOLDER_124_Documents_Watermarks_sticker__Black_.png,.png,0.049,1233,1233,0
FOLDER_125_Documents_Watermarks_sticker__White_.png,.png,0.049,1233,1233,0
FOLDER_126_Documents_Watermarks_USE.png,.png,0.158,1348,1348,0
FOLDER_127_Documents_Watermarks_Visit_of_Ananda_College_to_SEDS_SLTC.png,.png,0.067,1323,1323,0
FOLDER_128_Documents_Watermarks_Wine_Tourism_Experience_-_Geeth_Dasanayake.png,.png,0.086,1273,1273,0
FOLDER_129_Documents_Watermarks_Zoo_Cleanup_-_Geeth_Dasanayake.png,.png,0.103,1368,1368,0
FOLDER_130_Documents_Watermarks_Zoo_Cleanup_-_Heshan_Eranga.png,.png,0.102,1368,1368,0
FOLDER_131_Documents_temp_OneDC_Updater_NBSDK_Update_0069.xml,.xml,0.001,253,253,0
FOLDER_132_Documents_temp_OneDC_Updater_NBSDK_Update_0070.xml,.xml,0.001,67,67,0
FOLDER_133_Documents_temp_OneDC_Updater_NBSDK_Update_0071.xml,.xml,0.001,52,52,0
FOLDER_134_Documents_temp_OneDC_Updater_NBSDK_Update_0072.xml,.xml,0.001,46,46,0
FOLDER_135_Documents_temp_OneDC_Updater_NBSDK_Update_0073.xml,.xml,0.001,43,43,0
FOLDER_136_Documents_temp_OneDC_Updater_NBSDK_Update_0074.xml,.xml,0.001,25,25,0
FOLDER_137_Documents_temp_OneDC_Updater_NBSDK_Update_0075.xml,.xml,0.001,18,18,0
FOLDER_138_Documents_temp_OneDC_Updater_NBSDK_Update_0076.xml,.xml,0.001,11,11,0
FOLDER_139_Documents_temp_OneDC_Updater_NBSDK_Update_0077.xml,.xml,0.001,4,4,0
FOLDER_140_Documents_temp_OneDC_Updater_OneDC_Updater.exe,.exe,5.069,1186,1186,0
FOLDER_141_Documents_temp_OneDC_Updater_Hotfix_UPDATEBIOS.exe,.exe,3.846,43,43,0
FOLDER_142_Documents_SQA_22UG2-0034_Lab08,.unknown,0.001,369,369,0
FOLDER_143_Documents_SQA_22UG2-0121_CCS3311_Lab08.py,.py,0.003,369,369,0
FOLDER_144_Documents_SQA_CCS3311SQA___Assignment_02__Part_B_.py,.py,0.007,362,362,0
FOLDER_145_Documents_SQA_empty_form_validation.png,.png,0.172,402,402,0
FOLDER_146_Documents_SQA_Lab_05_Report___Selenium_Form_Automation.py,.py,0.001,402,402,0
FOLDER_147_Documents_SQA_LAB04.py,.py,0.003,407,407,0
FOLDER_148_Documents_SQA_Setup___Navigation.py,.py,0.001,362,362,0
FOLDER_149_Documents_SQA_student_login_test.py,.py,0.001,428,428,0
FOLDER_150_Documents_SQA_.venv_.gitignore,.gitignore,0.001,363,363,0
FOLDER_151_Documents_SQA_.venv_pyvenv.cfg,.cfg,0.001,363,363,0
FOLDER_152_Documents_SQA_.venv_Scripts_activate,.unknown,0.002,363,363,0
FOLDER_153_Documents_SQA_.venv_Scripts_activate.bat,.bat,0.001,363,363,0
FOLDER_154_Documents_SQA_.venv_Scripts_activate.fish,.fish,0.002,363,363,0
FOLDER_155_Documents_SQA_.venv_Scripts_Activate.ps1,.ps1,0.009,436,436,0
FOLDER_156_Documents_SQA_.venv_Scripts_deactivate.bat,.bat,0.001,436,436,0
FOLDER_157_Documents_SQA_.venv_Scripts_pip.exe,.exe,0.103,363,363,0
FOLDER_158_Documents_SQA_.venv_Scripts_pip3.13.exe,.exe,0.103,363,363,0
FOLDER_159_Documents_SQA_.venv_Scripts_pip3.exe,.exe,0.103,363,363,0
FOLDER_160_Documents_SQA_.venv_Scripts_python.exe,.exe,0.243,436,436,0
FOLDER_161_Documents_SQA_.venv_Scripts_pythonw.exe,.exe,0.24,436,436,0
FOLDER_162_Documents_SQA_.venv_Lib_site-packages_pip-25.2.dist-info_entry_points.txt,.txt,0.001,363,363,0
FOLDER_163_Documents_SQA_.venv_Lib_site-packages_pip-25.2.dist-info_INSTALLER,.unknown,0.001,363,363,0
FOLDER_164_Documents_SQA_.venv_Lib_site-packages_pip-25.2.dist-info_METADATA,.unknown,0.005,363,363,0
FOLDER_165_Documents_SQA_.venv_Lib_site-packages_pip-25.2.dist-info_RECORD,.unknown,0.064,363,363,0
FOLDER_166_Documents_SQA_.venv_Lib_site-packages_pip-25.2.dist-info_REQUESTED,.unknown,0.001,363,363,0
FOLDER_167_Documents_SQA_.venv_Lib_site-packages_pip-25.2.dist-info_top_level.txt,.txt,0.001,363,363,0
FOLDER_168_Documents_SQA_.venv_Lib_site-packages_pip-25.2.dist-info_WHEEL,.unknown,0.001,363,363,0
FOLDER_169_Documents_SQA_.venv_Lib_site-packages_pip-25.2.dist-info_licenses_AUTHORS.txt,.txt,0.011,363,363,0
FOLDER_170_Documents_SQA_.venv_Lib_site-packages_pip-25.2.dist-info_licenses_LICENSE.txt,.txt,0.001,363,363,0
FOLDER_171_Documents_SQA_.venv_Lib_site-packages_pip-25.2.dist-info_licenses_src_pip__vendor_urllib3_LICENSE.txt,.txt,0.001,363,363,0
FOLDER_172_Documents_SQA_.venv_Lib_site-packages_pip-25.2.dist-info_licenses_src_pip__vendor_truststore_LICENSE,.unknown,0.001,363,363,0
FOLDER_173_Documents_SQA_.venv_Lib_site-packages_pip-25.2.dist-info_licenses_src_pip__vendor_tomli_w_LICENSE,.unknown,0.001,363,363,0
FOLDER_174_Documents_SQA_.venv_Lib_site-packages_pip-25.2.dist-info_licenses_src_pip__vendor_tomli_LICENSE,.unknown,0.001,363,363,0
FOLDER_175_Documents_SQA_.venv_Lib_site-packages_pip-25.2.dist-info_licenses_src_pip__vendor_tomli_LICENSE-HEADER,.unknown,0.001,363,363,0
FOLDER_176_Documents_SQA_.venv_Lib_site-packages_pip-25.2.dist-info_licenses_src_pip__vendor_rich_LICENSE,.unknown,0.001,363,363,0
FOLDER_177_Documents_SQA_.venv_Lib_site-packages_pip-25.2.dist-info_licenses_src_pip__vendor_resolvelib_LICENSE,.unknown,0.001,363,363,0
FOLDER_178_Documents_SQA_.venv_Lib_site-packages_pip-25.2.dist-info_licenses_src_pip__vendor_requests_LICENSE,.unknown,0.01,363,363,0
FOLDER_179_Documents_SQA_.venv_Lib_site-packages_pip-25.2.dist-info_licenses_src_pip__vendor_pyproject_hooks_LICENSE,.unknown,0.001,363,363,0
FOLDER_180_Documents_SQA_.venv_Lib_site-packages_pip-25.2.dist-info_licenses_src_pip__vendor_pygments_LICENSE,.unknown,0.001,363,363,0
FOLDER_181_Documents_SQA_.venv_Lib_site-packages_pip-25.2.dist-info_licenses_src_pip__vendor_platformdirs_LICENSE,.unknown,0.001,363,363,0
FOLDER_182_Documents_SQA_.venv_Lib_site-packages_pip-25.2.dist-info_licenses_src_pip__vendor_pkg_resources_LICENSE,.unknown,0.001,363,363,0
FOLDER_183_Documents_SQA_.venv_Lib_site-packages_pip-25.2.dist-info_licenses_src_pip__vendor_packaging_LICENSE,.unknown,0.001,363,363,0
FOLDER_184_Documents_SQA_.venv_Lib_site-packages_pip-25.2.dist-info_licenses_src_pip__vendor_packaging_LICENSE.APACHE,.apache,0.01,363,363,0
FOLDER_185_Documents_SQA_.venv_Lib_site-packages_pip-25.2.dist-info_licenses_src_pip__vendor_packaging_LICENSE.BSD,.bsd,0.001,363,363,0
FOLDER_186_Documents_SQA_.venv_Lib_site-packages_pip-25.2.dist-info_licenses_src_pip__vendor_msgpack_COPYING,.unknown,0.001,363,363,0
FOLDER_187_Documents_SQA_.venv_Lib_site-packages_pip-25.2.dist-info_licenses_src_pip__vendor_idna_LICENSE.md,.md,0.001,363,363,0
FOLDER_188_Documents_SQA_.venv_Lib_site-packages_pip-25.2.dist-info_licenses_src_pip__vendor_distro_LICENSE,.unknown,0.011,363,363,0
FOLDER_189_Documents_SQA_.venv_Lib_site-packages_pip-25.2.dist-info_licenses_src_pip__vendor_distlib_LICENSE.txt,.txt,0.014,363,363,0
FOLDER_190_Documents_SQA_.venv_Lib_site-packages_pip-25.2.dist-info_licenses_src_pip__vendor_dependency_groups_LICENSE.txt,.txt,0.001,363,363,0
FOLDER_191_Documents_SQA_.venv_Lib_site-packages_pip-25.2.dist-info_licenses_src_pip__vendor_certifi_LICENSE,.unknown,0.001,363,363,0
FOLDER_192_Documents_SQA_.venv_Lib_site-packages_pip-25.2.dist-info_licenses_src_pip__vendor_cachecontrol_LICENSE.txt,.txt,0.001,363,363,0
FOLDER_193_Documents_SQA_.venv_Lib_site-packages_pip_py.typed,.typed,0.001,363,363,0
FOLDER_194_Documents_SQA_.venv_Lib_site-packages_pip___init__.py,.py,0.001,363,363,0
FOLDER_195_Documents_SQA_.venv_Lib_site-packages_pip___main__.py,.py,0.001,363,363,0
FOLDER_196_Documents_SQA_.venv_Lib_site-packages_pip___pip-runner__.py,.py,0.001,363,363,0
FOLDER_197_Documents_SQA_.venv_Lib_site-packages_pip___pycache_____init__.cpython-313.pyc,.pyc,0.001,363,363,0
FOLDER_198_Documents_SQA_.venv_Lib_site-packages_pip___pycache_____main__.cpython-313.pyc,.pyc,0.001,363,363,0
FOLDER_199_Documents_SQA_.venv_Lib_site-packages_pip___pycache_____pip-runner__.cpython-313.pyc,.pyc,0.002,363,363,0
FOLDER_200_Documents_SQA_.venv_Lib_site-packages_pip__vendor_vendor.txt,.txt,0.001,363,363,0
FOLDER_201_Documents_SQA_.venv_Lib_site-packages_pip__vendor___init__.py,.py,0.005,363,363,0
FOLDER_202_Documents_SQA_.venv_Lib_site-packages_pip__vendor___pycache_____init__.cpython-313.pyc,.pyc,0.004,363,363,0
FOLDER_203_Documents_SQA_.venv_Lib_site-packages_pip__vendor_urllib3_connection.py,.py,0.019,363,363,0
FOLDER_204_Documents_SQA_.venv_Lib_site-packages_pip__vendor_urllib3_connectionpool.py,.py,0.039,363,363,0
FOLDER_205_Documents_SQA_.venv_Lib_site-packages_pip__vendor_urllib3_exceptions.py,.py,0.008,363,363,0
FOLDER_206_Documents_SQA_.venv_Lib_site-packages_pip__vendor_urllib3_fields.py,.py,0.008,363,363,0
FOLDER_207_Documents_SQA_.venv_Lib_site-packages_pip__vendor_urllib3_filepost.py,.py,0.002,363,363,0
FOLDER_208_Documents_SQA_.venv_Lib_site-packages_pip__vendor_urllib3_poolmanager.py,.py,0.019,363,363,0
FOLDER_209_Documents_SQA_.venv_Lib_site-packages_pip__vendor_urllib3_request.py,.py,0.006,363,363,0
FOLDER_210_Documents_SQA_.venv_Lib_site-packages_pip__vendor_urllib3_response.py,.py,0.029,363,363,0
FOLDER_211_Documents_SQA_.venv_Lib_site-packages_pip__vendor_urllib3__collections.py,.py,0.011,363,363,0
FOLDER_212_Documents_SQA_.venv_Lib_site-packages_pip__vendor_urllib3__version.py,.py,0.001,363,363,0
FOLDER_213_Documents_SQA_.venv_Lib_site-packages_pip__vendor_urllib3___init__.py,.py,0.003,363,363,0
FOLDER_214_Documents_SQA_.venv_Lib_site-packages_pip__vendor_urllib3___pycache___connection.cpython-313.pyc,.pyc,0.02,363,363,0
FOLDER_215_Documents_SQA_.venv_Lib_site-packages_pip__vendor_urllib3___pycache___connectionpool.cpython-313.pyc,.pyc,0.034,363,363,0
FOLDER_216_Documents_SQA_.venv_Lib_site-packages_pip__vendor_urllib3___pycache___exceptions.cpython-313.pyc,.pyc,0.014,363,363,0
FOLDER_217_Documents_SQA_.venv_Lib_site-packages_pip__vendor_urllib3___pycache___fields.cpython-313.pyc,.pyc,0.01,363,363,0
FOLDER_218_Documents_SQA_.venv_Lib_site-packages_pip__vendor_urllib3___pycache___filepost.cpython-313.pyc,.pyc,0.004,363,363,0
FOLDER_219_Documents_SQA_.venv_Lib_site-packages_pip__vendor_urllib3___pycache___poolmanager.cpython-313.pyc,.pyc,0.019,363,363,0
FOLDER_220_Documents_SQA_.venv_Lib_site-packages_pip__vendor_urllib3___pycache___request.cpython-313.pyc,.pyc,0.007,363,363,0
FOLDER_221_Documents_SQA_.venv_Lib_site-packages_pip__vendor_urllib3___pycache___response.cpython-313.pyc,.pyc,0.033,363,363,0
FOLDER_222_Documents_SQA_.venv_Lib_site-packages_pip__vendor_urllib3___pycache____collections.cpython-313.pyc,.pyc,0.016,363,363,0
FOLDER_223_Documents_SQA_.venv_Lib_site-packages_pip__vendor_urllib3___pycache____version.cpython-313.pyc,.pyc,0.001,363,363,0
FOLDER_224_Documents_SQA_.venv_Lib_site-packages_pip__vendor_urllib3___pycache_____init__.cpython-313.pyc,.pyc,0.003,363,363,0
FOLDER_225_Documents_SQA_.venv_Lib_site-packages_pip__vendor_urllib3_util_connection.py,.py,0.005,363,363,0
FOLDER_226_Documents_SQA_.venv_Lib_site-packages_pip__vendor_urllib3_util_proxy.py,.py,0.002,363,363,0
FOLDER_227_Documents_SQA_.venv_Lib_site-packages_pip__vendor_urllib3_util_queue.py,.py,0.001,363,363,0
FOLDER_228_Documents_SQA_.venv_Lib_site-packages_pip__vendor_urllib3_util_request.py,.py,0.004,363,363,0
FOLDER_229_Documents_SQA_.venv_Lib_site-packages_pip__vendor_urllib3_util_response.py,.py,0.003,363,363,0
FOLDER_230_Documents_SQA_.venv_Lib_site-packages_pip__vendor_urllib3_util_retry.py,.py,0.021,363,363,0
FOLDER_231_Documents_SQA_.venv_Lib_site-packages_pip__vendor_urllib3_util_ssltransport.py,.py,0.007,363,363,0
FOLDER_232_Documents_SQA_.venv_Lib_site-packages_pip__vendor_urllib3_util_ssl_.py,.py,0.017,363,363,0
FOLDER_233_Documents_SQA_.venv_Lib_site-packages_pip__vendor_urllib3_util_ssl_match_hostname.py,.py,0.005,363,363,0
FOLDER_234_Documents_SQA_.venv_Lib_site-packages_pip__vendor_urllib3_util_timeout.py,.py,0.01,363,363,0
FOLDER_235_Documents_SQA_.venv_Lib_site-packages_pip__vendor_urllib3_util_url.py,.py,0.014,363,363,0
FOLDER_236_Documents_SQA_.venv_Lib_site-packages_pip__vendor_urllib3_util_wait.py,.py,0.005,363,363,0
FOLDER_237_Documents_SQA_.venv_Lib_site-packages_pip__vendor_urllib3_util___init__.py,.py,0.001,363,363,0
FOLDER_238_Documents_SQA_.venv_Lib_site-packages_pip__vendor_urllib3_util___pycache___connection.cpython-313.pyc,.pyc,0.005,363,363,0
FOLDER_239_Documents_SQA_.venv_Lib_site-packages_pip__vendor_urllib3_util___pycache___proxy.cpython-313.pyc,.pyc,0.002,363,363,0
FOLDER_240_Documents_SQA_.venv_Lib_site-packages_pip__vendor_urllib3_util___pycache___queue.cpython-313.pyc,.pyc,0.001,363,363,0
FOLDER_241_Documents_SQA_.venv_Lib_site-packages_pip__vendor_urllib3_util___pycache___request.cpython-313.pyc,.pyc,0.004,363,363,0
FOLDER_242_Documents_SQA_.venv_Lib_site-packages_pip__vendor_urllib3_util___pycache___response.cpython-313.pyc,.pyc,0.003,363,363,0
FOLDER_243_Documents_SQA_.venv_Lib_site-packages_pip__vendor_urllib3_util___pycache___retry.cpython-313.pyc,.pyc,0.021,363,363,0
FOLDER_244_Documents_SQA_.venv_Lib_site-packages_pip__vendor_urllib3_util___pycache___ssltransport.cpython-313.pyc,.pyc,0.01,363,363,0
FOLDER_245_Documents_SQA_.venv_Lib_site-packages_pip__vendor_urllib3_util___pycache___ssl_.cpython-313.pyc,.pyc,0.015,363,363,0
FOLDER_246_Documents_SQA_.venv_Lib_site-packages_pip__vendor_urllib3_util___pycache___ssl_match_hostname.cpython-313.pyc,.pyc,0.005,363,363,0
FOLDER_247_Documents_SQA_.venv_Lib_site-packages_pip__vendor_urllib3_util___pycache___timeout.cpython-313.pyc,.pyc,0.01,363,363,0
FOLDER_248_Documents_SQA_.venv_Lib_site-packages_pip__vendor_urllib3_util___pycache___url.cpython-313.pyc,.pyc,0.015,363,363,0
FOLDER_249_Documents_SQA_.venv_Lib_site-packages_pip__vendor_urllib3_util___pycache___wait.cpython-313.pyc,.pyc,0.004,363,363,0
FOLDER_250_Documents_SQA_.venv_Lib_site-packages_pip__vendor_urllib3_util___pycache_____init__.cpython-313.pyc,.pyc,0.001,363,363,0
FOLDER_251_Documents_SQA_.venv_Lib_site-packages_pip__vendor_urllib3_packages_six.py,.py,0.033,363,363,0
FOLDER_252_Documents_SQA_.venv_Lib_site-packages_pip__vendor_urllib3_packages___init__.py,.py,0.001,363,363,0
FOLDER_253_Documents_SQA_.venv_Lib_site-packages_pip__vendor_urllib3_packages___pycache___six.cpython-313.pyc,.pyc,0.04,363,363,0
FOLDER_254_Documents_SQA_.venv_Lib_site-packages_pip__vendor_urllib3_packages___pycache_____init__.cpython-313.pyc,.pyc,0.001,363,363,0
FOLDER_255_Documents_SQA_.venv_Lib_site-packages_pip__vendor_urllib3_packages_backports_makefile.py,.py,0.001,363,363,0
FOLDER_256_Documents_SQA_.venv_Lib_site-packages_pip__vendor_urllib3_packages_backports_weakref_finalize.py,.py,0.005,363,363,0
FOLDER_257_Documents_SQA_.venv_Lib_site-packages_pip__vendor_urllib3_packages_backports___init__.py,.py,0.001,363,363,0
FOLDER_258_Documents_SQA_.venv_Lib_site-packages_pip__vendor_urllib3_packages_backports___pycache___makefile.cpython-313.pyc,.pyc,0.002,363,363,0
FOLDER_259_Documents_SQA_.venv_Lib_site-packages_pip__vendor_urllib3_packages_backports___pycache___weakref_finalize.cpython-313.pyc,.pyc,0.007,363,363,0
FOLDER_260_Documents_SQA_.venv_Lib_site-packages_pip__vendor_urllib3_packages_backports___pycache_____init__.cpython-313.pyc,.pyc,0.001,363,363,0
FOLDER_261_Documents_SQA_.venv_Lib_site-packages_pip__vendor_urllib3_contrib_appengine.py,.py,0.011,363,363,0
FOLDER_262_Documents_SQA_.venv_Lib_site-packages_pip__vendor_urllib3_contrib_ntlmpool.py,.py,0.004,363,363,0
FOLDER_263_Documents_SQA_.venv_Lib_site-packages_pip__vendor_urllib3_contrib_pyopenssl.py,.py,0.016,363,363,0
FOLDER_264_Documents_SQA_.venv_Lib_site-packages_pip__vendor_urllib3_contrib_securetransport.py,.py,0.033,363,363,0
FOLDER_265_Documents_SQA_.venv_Lib_site-packages_pip__vendor_urllib3_contrib_socks.py,.py,0.007,363,363,0
FOLDER_266_Documents_SQA_.venv_Lib_site-packages_pip__vendor_urllib3_contrib__appengine_environ.py,.py,0.001,363,363,0
FOLDER_267_Documents_SQA_.venv_Lib_site-packages_pip__vendor_urllib3_contrib___init__.py,.py,0.001,363,363,0
FOLDER_268_Documents_SQA_.venv_Lib_site-packages_pip__vendor_urllib3_contrib___pycache___appengine.cpython-313.pyc,.pyc,0.011,363,363,0
FOLDER_269_Documents_SQA_.venv_Lib_site-packages_pip__vendor_urllib3_contrib___pycache___ntlmpool.cpython-313.pyc,.pyc,0.005,363,363,0
FOLDER_270_Documents_SQA_.venv_Lib_site-packages_pip__vendor_urllib3_contrib___pycache___pyopenssl.cpython-313.pyc,.pyc,0.024,363,363,0
FOLDER_271_Documents_SQA_.venv_Lib_site-packages_pip__vendor_urllib3_contrib___pycache___securetransport.cpython-313.pyc,.pyc,0.034,363,363,0
FOLDER_272_Documents_SQA_.venv_Lib_site-packages_pip__vendor_urllib3_contrib___pycache___socks.cpython-313.pyc,.pyc,0.007,363,363,0
FOLDER_273_Documents_SQA_.venv_Lib_site-packages_pip__vendor_urllib3_contrib___pycache____appengine_environ.cpython-313.pyc,.pyc,0.002,363,363,0
FOLDER_274_Documents_SQA_.venv_Lib_site-packages_pip__vendor_urllib3_contrib___pycache_____init__.cpython-313.pyc,.pyc,0.001,363,363,0
FOLDER_275_Documents_SQA_.venv_Lib_site-packages_pip__vendor_urllib3_contrib__securetransport_bindings.py,.py,0.017,363,363,0
FOLDER_276_Documents_SQA_.venv_Lib_site-packages_pip__vendor_urllib3_contrib__securetransport_low_level.py,.py,0.013,363,363,0
FOLDER_277_Documents_SQA_.venv_Lib_site-packages_pip__vendor_urllib3_contrib__securetransport___init__.py,.py,0.001,363,363,0
FOLDER_278_Documents_SQA_.venv_Lib_site-packages_pip__vendor_urllib3_contrib__securetransport___pycache___bindings.cpython-313.pyc,.pyc,0.017,363,363,0
FOLDER_279_Documents_SQA_.venv_Lib_site-packages_pip__vendor_urllib3_contrib__securetransport___pycache___low_level.cpython-313.pyc,.pyc,0.014,363,363,0
FOLDER_280_Documents_SQA_.venv_Lib_site-packages_pip__vendor_urllib3_contrib__securetransport___pycache_____init__.cpython-313.pyc,.pyc,0.001,363,363,0
FOLDER_281_Documents_SQA_.venv_Lib_site-packages_pip__vendor_truststore_py.typed,.typed,0.001,363,363,0
FOLDER_282_Documents_SQA_.venv_Lib_site-packages_pip__vendor_truststore__api.py,.py,0.011,363,363,0
FOLDER_283_Documents_SQA_.venv_Lib_site-packages_pip__vendor_truststore__macos.py,.py,0.02,363,363,0
FOLDER_284_Documents_SQA_.venv_Lib_site-packages_pip__vendor_truststore__openssl.py,.py,0.002,363,363,0
FOLDER_285_Documents_SQA_.venv_Lib_site-packages_pip__vendor_truststore__ssl_constants.py,.py,0.001,363,363,0
FOLDER_286_Documents_SQA_.venv_Lib_site-packages_pip__vendor_truststore__windows.py,.py,0.017,363,363,0
FOLDER_287_Documents_SQA_.venv_Lib_site-packages_pip__vendor_truststore___init__.py,.py,0.001,363,363,0
FOLDER_288_Documents_SQA_.venv_Lib_site-packages_pip__vendor_truststore___pycache____api.cpython-313.pyc,.pyc,0.016,363,363,0
FOLDER_289_Documents_SQA_.venv_Lib_site-packages_pip__vendor_truststore___pycache____macos.cpython-313.pyc,.pyc,0.018,363,363,0
FOLDER_290_Documents_SQA_.venv_Lib_site-packages_pip__vendor_truststore___pycache____openssl.cpython-313.pyc,.pyc,0.002,363,363,0
FOLDER_291_Documents_SQA_.venv_Lib_site-packages_pip__vendor_truststore___pycache____ssl_constants.cpython-313.pyc,.pyc,0.001,363,363,0
FOLDER_292_Documents_SQA_.venv_Lib_site-packages_pip__vendor_truststore___pycache____windows.cpython-313.pyc,.pyc,0.015,363,363,0
FOLDER_293_Documents_SQA_.venv_Lib_site-packages_pip__vendor_truststore___pycache_____init__.cpython-313.pyc,.pyc,0.001,363,363,0
FOLDER_294_Documents_SQA_.venv_Lib_site-packages_pip__vendor_tomli_w_py.typed,.typed,0.001,363,363,0
FOLDER_295_Documents_SQA_.venv_Lib_site-packages_pip__vendor_tomli_w__writer.py,.py,0.007,363,363,0
FOLDER_296_Documents_SQA_.venv_Lib_site-packages_pip__vendor_tomli_w___init__.py,.py,0.001,363,363,0
FOLDER_297_Documents_SQA_.venv_Lib_site-packages_pip__vendor_tomli_w___pycache____writer.cpython-313.pyc,.pyc,0.01,363,363,0
FOLDER_298_Documents_SQA_.venv_Lib_site-packages_pip__vendor_tomli_w___pycache_____init__.cpython-313.pyc,.pyc,0.001,363,363,0
FOLDER_299_Documents_SQA_.venv_Lib_site-packages_pip__vendor_tomli_py.typed,.typed,0.001,363,363,0
FOLDER_300_Documents_SQA_.venv_Lib_site-packages_pip__vendor_tomli__parser.py,.py,0.024,363,363,0
FOLDER_301_Documents_SQA_.venv_Lib_site-packages_pip__vendor_tomli__re.py,.py,0.003,363,363,0
FOLDER_302_Documents_SQA_.venv_Lib_site-packages_pip__vendor_tomli__types.py,.py,0.001,363,363,0
FOLDER_303_Documents_SQA_.venv_Lib_site-packages_pip__vendor_tomli___init__.py,.py,0.001,363,363,0
FOLDER_304_Documents_SQA_.venv_Lib_site-packages_pip__vendor_tomli___pycache____parser.cpython-313.pyc,.pyc,0.028,363,363,0
FOLDER_305_Documents_SQA_.venv_Lib_site-packages_pip__vendor_tomli___pycache____re.cpython-313.pyc,.pyc,0.004,363,363,0
FOLDER_306_Documents_SQA_.venv_Lib_site-packages_pip__vendor_tomli___pycache____types.cpython-313.pyc,.pyc,0.001,363,363,0
FOLDER_307_Documents_SQA_.venv_Lib_site-packages_pip__vendor_tomli___pycache_____init__.cpython-313.pyc,.pyc,0.001,363,363,0
FOLDER_308_Documents_SQA_.venv_Lib_site-packages_pip__vendor_rich_abc.py,.py,0.001,363,363,0
FOLDER_309_Documents_SQA_.venv_Lib_site-packages_pip__vendor_rich_align.py,.py,0.01,363,363,0
FOLDER_310_Documents_SQA_.venv_Lib_site-packages_pip__vendor_rich_ansi.py,.py,0.007,363,363,0
FOLDER_311_Documents_SQA_.venv_Lib_site-packages_pip__vendor_rich_bar.py,.py,0.003,363,363,0
FOLDER_312_Documents_SQA_.venv_Lib_site-packages_pip__vendor_rich_box.py,.py,0.01,363,363,0
FOLDER_313_Documents_SQA_.venv_Lib_site-packages_pip__vendor_rich_cells.py,.py,0.005,363,363,0
FOLDER_314_Documents_SQA_.venv_Lib_site-packages_pip__vendor_rich_color.py,.py,0.017,363,363,0
FOLDER_315_Documents_SQA_.venv_Lib_site-packages_pip__vendor_rich_color_triplet.py,.py,0.001,363,363,0
FOLDER_316_Documents_SQA_.venv_Lib_site-packages_pip__vendor_rich_columns.py,.py,0.007,363,363,0
FOLDER_317_Documents_SQA_.venv_Lib_site-packages_pip__vendor_rich_console.py,.py,0.096,363,363,0
FOLDER_318_Documents_SQA_.venv_Lib_site-packages_pip__vendor_rich_constrain.py,.py,0.001,363,363,0
FOLDER_319_Documents_SQA_.venv_Lib_site-packages_pip__vendor_rich_containers.py,.py,0.005,363,363,0
FOLDER_320_Documents_SQA_.venv_Lib_site-packages_pip__vendor_rich_control.py,.py,0.006,363,363,0
FOLDER_321_Documents_SQA_.venv_Lib_site-packages_pip__vendor_rich_default_styles.py,.py,0.008,363,363,0
FOLDER_322_Documents_SQA_.venv_Lib_site-packages_pip__vendor_rich_diagnose.py,.py,0.001,363,363,0
FOLDER_323_Documents_SQA_.venv_Lib_site-packages_pip__vendor_rich_emoji.py,.py,0.002,363,363,0
FOLDER_324_Documents_SQA_.venv_Lib_site-packages_pip__vendor_rich_errors.py,.py,0.001,363,363,0
FOLDER_325_Documents_SQA_.venv_Lib_site-packages_pip__vendor_rich_filesize.py,.py,0.002,363,363,0
FOLDER_326_Documents_SQA_.venv_Lib_site-packages_pip__vendor_rich_file_proxy.py,.py,0.002,363,363,0
FOLDER_327_Documents_SQA_.venv_Lib_site-packages_pip__vendor_rich_highlighter.py,.py,0.009,363,363,0
FOLDER_328_Documents_SQA_.venv_Lib_site-packages_pip__vendor_rich_json.py,.py,0.005,363,363,0
FOLDER_329_Documents_SQA_.venv_Lib_site-packages_pip__vendor_rich_jupyter.py,.py,0.003,363,363,0
FOLDER_330_Documents_SQA_.venv_Lib_site-packages_pip__vendor_rich_layout.py,.py,0.013,363,363,0
FOLDER_331_Documents_SQA_.venv_Lib_site-packages_pip__vendor_rich_live.py,.py,0.014,363,363,0
FOLDER_332_Documents_SQA_.venv_Lib_site-packages_pip__vendor_rich_live_render.py,.py,0.003,363,363,0
FOLDER_333_Documents_SQA_.venv_Lib_site-packages_pip__vendor_rich_logging.py,.py,0.012,363,363,0
FOLDER_334_Documents_SQA_.venv_Lib_site-packages_pip__vendor_rich_markup.py,.py,0.008,363,363,0
FOLDER_335_Documents_SQA_.venv_Lib_site-packages_pip__vendor_rich_measure.py,.py,0.005,363,363,0
FOLDER_336_Documents_SQA_.venv_Lib_site-packages_pip__vendor_rich_padding.py,.py,0.005,363,363,0
FOLDER_337_Documents_SQA_.venv_Lib_site-packages_pip__vendor_rich_pager.py,.py,0.001,363,363,0
FOLDER_338_Documents_SQA_.venv_Lib_site-packages_pip__vendor_rich_palette.py,.py,0.003,363,363,0
FOLDER_339_Documents_SQA_.venv_Lib_site-packages_pip__vendor_rich_panel.py,.py,0.011,363,363,0
FOLDER_340_Documents_SQA_.venv_Lib_site-packages_pip__vendor_rich_pretty.py,.py,0.035,363,363,0
FOLDER_341_Documents_SQA_.venv_Lib_site-packages_pip__vendor_rich_progress.py,.py,0.058,363,363,0
FOLDER_342_Documents_SQA_.venv_Lib_site-packages_pip__vendor_rich_progress_bar.py,.py,0.008,363,363,0
FOLDER_343_Documents_SQA_.venv_Lib_site-packages_pip__vendor_rich_prompt.py,.py,0.012,363,363,0
FOLDER_344_Documents_SQA_.venv_Lib_site-packages_pip__vendor_rich_protocol.py,.py,0.001,363,363,0
FOLDER_345_Documents_SQA_.venv_Lib_site-packages_pip__vendor_rich_py.typed,.typed,0.001,363,363,0
FOLDER_346_Documents_SQA_.venv_Lib_site-packages_pip__vendor_rich_region.py,.py,0.001,363,363,0
FOLDER_347_Documents_SQA_.venv_Lib_site-packages_pip__vendor_rich_repr.py,.py,0.004,363,363,0
FOLDER_348_Documents_SQA_.venv_Lib_site-packages_pip__vendor_rich_rule.py,.py,0.004,363,363,0
FOLDER_349_Documents_SQA_.venv_Lib_site-packages_pip__vendor_rich_scope.py,.py,0.003,363,363,0
FOLDER_350_Documents_SQA_.venv_Lib_site-packages_pip__vendor_rich_screen.py,.py,0.002,363,363,0
FOLDER_351_Documents_SQA_.venv_Lib_site-packages_pip__vendor_rich_segment.py,.py,0.024,363,363,0
FOLDER_352_Documents_SQA_.venv_Lib_site-packages_pip__vendor_rich_spinner.py,.py,0.004,363,363,0
FOLDER_353_Documents_SQA_.venv_Lib_site-packages_pip__vendor_rich_status.py,.py,0.004,363,363,0
FOLDER_354_Documents_SQA_.venv_Lib_site-packages_pip__vendor_rich_style.py,.py,0.026,363,363,0
FOLDER_355_Documents_SQA_.venv_Lib_site-packages_pip__vendor_rich_styled.py,.py,0.001,363,363,0
FOLDER_356_Documents_SQA_.venv_Lib_site-packages_pip__vendor_rich_syntax.py,.py,0.035,363,363,0
FOLDER_357_Documents_SQA_.venv_Lib_site-packages_pip__vendor_rich_table.py,.py,0.038,363,363,0
FOLDER_358_Documents_SQA_.venv_Lib_site-packages_pip__vendor_rich_terminal_theme.py,.py,0.003,363,363,0
FOLDER_359_Documents_SQA_.venv_Lib_site-packages_pip__vendor_rich_text.py,.py,0.045,363,363,0
FOLDER_360_Documents_SQA_.venv_Lib_site-packages_pip__vendor_rich_theme.py,.py,0.004,363,363,0
FOLDER_361_Documents_SQA_.venv_Lib_site-packages_pip__vendor_rich_themes.py,.py,0.001,363,363,0
FOLDER_362_Documents_SQA_.venv_Lib_site-packages_pip__vendor_rich_traceback.py,.py,0.034,363,363,0
FOLDER_363_Documents_SQA_.venv_Lib_site-packages_pip__vendor_rich_tree.py,.py,0.009,363,363,0
FOLDER_364_Documents_SQA_.venv_Lib_site-packages_pip__vendor_rich__cell_widths.py,.py,0.01,363,363,0
FOLDER_365_Documents_SQA_.venv_Lib_site-packages_pip__vendor_rich__emoji_codes.py,.py,0.134,363,363,0
FOLDER_366_Documents_SQA_.venv_Lib_site-packages_pip__vendor_rich__emoji_replace.py,.py,0.001,363,363,0
FOLDER_367_Documents_SQA_.venv_Lib_site-packages_pip__vendor_rich__export_format.py,.py,0.002,363,363,0
FOLDER_368_Documents_SQA_.venv_Lib_site-packages_pip__vendor_rich__extension.py,.py,0.001,363,363,0
FOLDER_369_Documents_SQA_.venv_Lib_site-packages_pip__vendor_rich__fileno.py,.py,0.001,363,363,0
FOLDER_370_Documents_SQA_.venv_Lib_site-packages_pip__vendor_rich__inspect.py,.py,0.009,363,363,0
FOLDER_371_Documents_SQA_.venv_Lib_site-packages_pip__vendor_rich__log_render.py,.py,0.003,363,363,0
FOLDER_372_Documents_SQA_.venv_Lib_site-packages_pip__vendor_rich__loop.py,.py,0.001,363,363,0
FOLDER_373_Documents_SQA_.venv_Lib_site-packages_pip__vendor_rich__null_file.py,.py,0.001,363,363,0
FOLDER_374_Documents_SQA_.venv_Lib_site-packages_pip__vendor_rich__palettes.py,.py,0.007,363,363,0
FOLDER_375_Documents_SQA_.venv_Lib_site-packages_pip__vendor_rich__pick.py,.py,0.001,363,363,0
FOLDER_376_Documents_SQA_.venv_Lib_site-packages_pip__vendor_rich__ratio.py,.py,0.005,363,363,0
FOLDER_377_Documents_SQA_.venv_Lib_site-packages_pip__vendor_rich__spinners.py,.py,0.019,363,363,0
FOLDER_378_Documents_SQA_.venv_Lib_site-packages_pip__vendor_rich__stack.py,.py,0.001,363,363,0
FOLDER_379_Documents_SQA_.venv_Lib_site-packages_pip__vendor_rich__timer.py,.py,0.001,363,363,0
FOLDER_380_Documents_SQA_.venv_Lib_site-packages_pip__vendor_rich__win32_console.py,.py,0.022,363,363,0
FOLDER_381_Documents_SQA_.venv_Lib_site-packages_pip__vendor_rich__windows.py,.py,0.002,363,363,0
FOLDER_382_Documents_SQA_.venv_Lib_site-packages_pip__vendor_rich__windows_renderer.py,.py,0.003,363,363,0
FOLDER_383_Documents_SQA_.venv_Lib_site-packages_pip__vendor_rich__wrap.py,.py,0.003,363,363,0
FOLDER_384_Documents_SQA_.venv_Lib_site-packages_pip__vendor_rich___init__.py,.py,0.006,363,363,0
FOLDER_385_Documents_SQA_.venv_Lib_site-packages_pip__vendor_rich___main__.py,.py,0.008,363,363,0
FOLDER_386_Documents_SQA_.venv_Lib_site-packages_pip__vendor_rich___pycache___abc.cpython-313.pyc,.pyc,0.002,363,363,0
FOLDER_387_Documents_SQA_.venv_Lib_site-packages_pip__vendor_rich___pycache___align.cpython-313.pyc,.pyc,0.012,363,363,0
FOLDER_388_Documents_SQA_.venv_Lib_site-packages_pip__vendor_rich___pycache___ansi.cpython-313.pyc,.pyc,0.009,363,363,0
FOLDER_389_Documents_SQA_.venv_Lib_site-packages_pip__vendor_rich___pycache___bar.cpython-313.pyc,.pyc,0.004,363,363,0
FOLDER_390_Documents_SQA_.venv_Lib_site-packages_pip__vendor_rich___pycache___box.cpython-313.pyc,.pyc,0.011,363,363,0
FOLDER_391_Documents_SQA_.venv_Lib_site-packages_pip__vendor_rich___pycache___cells.cpython-313.pyc,.pyc,0.005,363,363,0
FOLDER_392_Documents_SQA_.venv_Lib_site-packages_pip__vendor_rich___pycache___color.cpython-313.pyc,.pyc,0.025,363,363,0
FOLDER_393_Documents_SQA_.venv_Lib_site-packages_pip__vendor_rich___pycache___color_triplet.cpython-313.pyc,.pyc,0.002,363,363,0
FOLDER_394_Documents_SQA_.venv_Lib_site-packages_pip__vendor_rich___pycache___columns.cpython-313.pyc,.pyc,0.008,363,363,0
FOLDER_395_Documents_SQA_.venv_Lib_site-packages_pip__vendor_rich___pycache___console.cpython-313.pyc,.pyc,0.109,363,363,0
FOLDER_396_Documents_SQA_.venv_Lib_site-packages_pip__vendor_rich___pycache___constrain.cpython-313.pyc,.pyc,0.002,363,363,0
FOLDER_397_Documents_SQA_.venv_Lib_site-packages_pip__vendor_rich___pycache___containers.cpython-313.pyc,.pyc,0.009,363,363,0
FOLDER_398_Documents_SQA_.venv_Lib_site-packages_pip__vendor_rich___pycache___control.cpython-313.pyc,.pyc,0.01,363,363,0
FOLDER_399_Documents_SQA_.venv_Lib_site-packages_pip__vendor_rich___pycache___default_styles.cpython-313.pyc,.pyc,0.009,363,363,0
FOLDER_400_Documents_SQA_.venv_Lib_site-packages_pip__vendor_rich___pycache___diagnose.cpython-313.pyc,.pyc,0.001,363,363,0
FOLDER_401_Documents_SQA_.venv_Lib_site-packages_pip__vendor_rich___pycache___emoji.cpython-313.pyc,.pyc,0.004,363,363,0
FOLDER_402_Documents_SQA_.venv_Lib_site-packages_pip__vendor_rich___pycache___errors.cpython-313.pyc,.pyc,0.002,363,363,0
FOLDER_403_Documents_SQA_.venv_Lib_site-packages_pip__vendor_rich___pycache___filesize.cpython-313.pyc,.pyc,0.003,363,363,0
FOLDER_404_Documents_SQA_.venv_Lib_site-packages_pip__vendor_rich___pycache___file_proxy.cpython-313.pyc,.pyc,0.004,363,363,0
FOLDER_405_Documents_SQA_.venv_Lib_site-packages_pip__vendor_rich___pycache___highlighter.cpython-313.pyc,.pyc,0.01,363,363,0
FOLDER_406_Documents_SQA_.venv_Lib_site-packages_pip__vendor_rich___pycache___json.cpython-313.pyc,.pyc,0.006,363,363,0
FOLDER_407_Documents_SQA_.venv_Lib_site-packages_pip__vendor_rich___pycache___jupyter.cpython-313.pyc,.pyc,0.005,363,363,0
FOLDER_408_Documents_SQA_.venv_Lib_site-packages_pip__vendor_rich___pycache___layout.cpython-313.pyc,.pyc,0.019,363,363,0
FOLDER_409_Documents_SQA_.venv_Lib_site-packages_pip__vendor_rich___pycache___live.cpython-313.pyc,.pyc,0.02,363,363,0
FOLDER_410_Documents_SQA_.venv_Lib_site-packages_pip__vendor_rich___pycache___live_render.cpython-313.pyc,.pyc,0.005,363,363,0
FOLDER_411_Documents_SQA_.venv_Lib_site-packages_pip__vendor_rich___pycache___logging.cpython-313.pyc,.pyc,0.013,363,363,0
FOLDER_412_Documents_SQA_.venv_Lib_site-packages_pip__vendor_rich___pycache___markup.cpython-313.pyc,.pyc,0.009,363,363,0
FOLDER_413_Documents_SQA_.venv_Lib_site-packages_pip__vendor_rich___pycache___measure.cpython-313.pyc,.pyc,0.006,363,363,0
FOLDER_414_Documents_SQA_.venv_Lib_site-packages_pip__vendor_rich___pycache___padding.cpython-313.pyc,.pyc,0.007,363,363,0
FOLDER_415_Documents_SQA_.venv_Lib_site-packages_pip__vendor_rich___pycache___pager.cpython-313.pyc,.pyc,0.002,363,363,0
FOLDER_416_Documents_SQA_.venv_Lib_site-packages_pip__vendor_rich___pycache___palette.cpython-313.pyc,.pyc,0.005,363,363,0
FOLDER_417_Documents_SQA_.venv_Lib_site-packages_pip__vendor_rich___pycache___panel.cpython-313.pyc,.pyc,0.012,363,363,0
FOLDER_418_Documents_SQA_.venv_Lib_site-packages_pip__vendor_rich___pycache___pretty.cpython-313.pyc,.pyc,0.039,363,363,0
FOLDER_419_Documents_SQA_.venv_Lib_site-packages_pip__vendor_rich___pycache___progress.cpython-313.pyc,.pyc,0.071,363,363,0
FOLDER_420_Documents_SQA_.venv_Lib_site-packages_pip__vendor_rich___pycache___progress_bar.cpython-313.pyc,.pyc,0.01,363,363,0
FOLDER_421_Documents_SQA_.venv_Lib_site-packages_pip__vendor_rich___pycache___prompt.cpython-313.pyc,.pyc,0.015,363,363,0
FOLDER_422_Documents_SQA_.venv_Lib_site-packages_pip__vendor_rich___pycache___protocol.cpython-313.pyc,.pyc,0.002,363,363,0
FOLDER_423_Documents_SQA_.venv_Lib_site-packages_pip__vendor_rich___pycache___region.cpython-313.pyc,.pyc,0.001,363,363,0
FOLDER_424_Documents_SQA_.venv_Lib_site-packages_pip__vendor_rich___pycache___repr.cpython-313.pyc,.pyc,0.006,363,363,0
FOLDER_425_Documents_SQA_.venv_Lib_site-packages_pip__vendor_rich___pycache___rule.cpython-313.pyc,.pyc,0.006,363,363,0
FOLDER_426_Documents_SQA_.venv_Lib_site-packages_pip__vendor_rich___pycache___scope.cpython-313.pyc,.pyc,0.004,363,363,0
FOLDER_427_Documents_SQA_.venv_Lib_site-packages_pip__vendor_rich___pycache___screen.cpython-313.pyc,.pyc,0.002,363,363,0
FOLDER_428_Documents_SQA_.venv_Lib_site-packages_pip__vendor_rich___pycache___segment.cpython-313.pyc,.pyc,0.027,363,363,0
FOLDER_429_Documents_SQA_.venv_Lib_site-packages_pip__vendor_rich___pycache___spinner.cpython-313.pyc,.pyc,0.006,363,363,0
FOLDER_430_Documents_SQA_.venv_Lib_site-packages_pip__vendor_rich___pycache___status.cpython-313.pyc,.pyc,0.006,363,363,0
FOLDER_431_Documents_SQA_.venv_Lib_site-packages_pip__vendor_rich___pycache___style.cpython-313.pyc,.pyc,0.033,363,363,0
FOLDER_432_Documents_SQA_.venv_Lib_site-packages_pip__vendor_rich___pycache___styled.cpython-313.pyc,.pyc,0.002,363,363,0
FOLDER_433_Documents_SQA_.venv_Lib_site-packages_pip__vendor_rich___pycache___syntax.cpython-313.pyc,.pyc,0.039,363,363,0
FOLDER_434_Documents_SQA_.venv_Lib_site-packages_pip__vendor_rich___pycache___table.cpython-313.pyc,.pyc,0.042,363,363,0
FOLDER_435_Documents_SQA_.venv_Lib_site-packages_pip__vendor_rich___pycache___terminal_theme.cpython-313.pyc,.pyc,0.003,363,363,0
FOLDER_436_Documents_SQA_.venv_Lib_site-packages_pip__vendor_rich___pycache___text.cpython-313.pyc,.pyc,0.057,363,363,0
FOLDER_437_Documents_SQA_.venv_Lib_site-packages_pip__vendor_rich___pycache___theme.cpython-313.pyc,.pyc,0.006,363,363,0
FOLDER_438_Documents_SQA_.venv_Lib_site-packages_pip__vendor_rich___pycache___themes.cpython-313.pyc,.pyc,0.001,363,363,0
FOLDER_439_Documents_SQA_.venv_Lib_site-packages_pip__vendor_rich___pycache___traceback.cpython-313.pyc,.pyc,0.035,363,363,0
FOLDER_440_Documents_SQA_.venv_Lib_site-packages_pip__vendor_rich___pycache___tree.cpython-313.pyc,.pyc,0.011,363,363,0
FOLDER_441_Documents_SQA_.venv_Lib_site-packages_pip__vendor_rich___pycache____cell_widths.cpython-313.pyc,.pyc,0.008,363,363,0
FOLDER_442_Documents_SQA_.venv_Lib_site-packages_pip__vendor_rich___pycache____emoji_codes.cpython-313.pyc,.pyc,0.196,363,363,0
FOLDER_443_Documents_SQA_.venv_Lib_site-packages_pip__vendor_rich___pycache____emoji_replace.cpython-313.pyc,.pyc,0.002,363,363,0
FOLDER_444_Documents_SQA_.venv_Lib_site-packages_pip__vendor_rich___pycache____export_format.cpython-313.pyc,.pyc,0.002,363,363,0
FOLDER_445_Documents_SQA_.venv_Lib_site-packages_pip__vendor_rich___pycache____extension.cpython-313.pyc,.pyc,0.001,363,363,0
FOLDER_446_Documents_SQA_.venv_Lib_site-packages_pip__vendor_rich___pycache____fileno.cpython-313.pyc,.pyc,0.001,363,363,0
FOLDER_447_Documents_SQA_.venv_Lib_site-packages_pip__vendor_rich___pycache____inspect.cpython-313.pyc,.pyc,0.012,363,363,0
FOLDER_448_Documents_SQA_.venv_Lib_site-packages_pip__vendor_rich___pycache____log_render.cpython-313.pyc,.pyc,0.004,363,363,0
FOLDER_449_Documents_SQA_.venv_Lib_site-packages_pip__vendor_rich___pycache____loop.cpython-313.pyc,.pyc,0.002,363,363,0
FOLDER_450_Documents_SQA_.venv_Lib_site-packages_pip__vendor_rich___pycache____null_file.cpython-313.pyc,.pyc,0.004,363,363,0
FOLDER_451_Documents_SQA_.venv_Lib_site-packages_pip__vendor_rich___pycache____palettes.cpython-313.pyc,.pyc,0.005,363,363,0
FOLDER_452_Documents_SQA_.venv_Lib_site-packages_pip__vendor_rich___pycache____pick.cpython-313.pyc,.pyc,0.001,363,363,0
FOLDER_453_Documents_SQA_.venv_Lib_site-packages_pip__vendor_rich___pycache____ratio.cpython-313.pyc,.pyc,0.006,363,363,0
FOLDER_454_Documents_SQA_.venv_Lib_site-packages_pip__vendor_rich___pycache____spinners.cpython-313.pyc,.pyc,0.013,363,363,0
FOLDER_455_Documents_SQA_.venv_Lib_site-packages_pip__vendor_rich___pycache____stack.cpython-313.pyc,.pyc,0.001,363,363,0
FOLDER_456_Documents_SQA_.venv_Lib_site-packages_pip__vendor_rich___pycache____timer.cpython-313.pyc,.pyc,0.001,363,363,0
FOLDER_457_Documents_SQA_.venv_Lib_site-packages_pip__vendor_rich___pycache____win32_console.cpython-313.pyc,.pyc,0.027,363,363,0
FOLDER_458_Documents_SQA_.venv_Lib_site-packages_pip__vendor_rich___pycache____windows.cpython-313.pyc,.pyc,0.002,363,363,0
FOLDER_459_Documents_SQA_.venv_Lib_site-packages_pip__vendor_rich___pycache____windows_renderer.cpython-313.pyc,.pyc,0.003,363,363,0
FOLDER_460_Documents_SQA_.venv_Lib_site-packages_pip__vendor_rich___pycache____wrap.cpython-313.pyc,.pyc,0.003,363,363,0
FOLDER_461_Documents_SQA_.venv_Lib_site-packages_pip__vendor_rich___pycache_____init__.cpython-313.pyc,.pyc,0.007,363,363,0
FOLDER_462_Documents_SQA_.venv_Lib_site-packages_pip__vendor_rich___pycache_____main__.cpython-313.pyc,.pyc,0.009,363,363,0
FOLDER_463_Documents_SQA_.venv_Lib_site-packages_pip__vendor_resolvelib_providers.py,.py,0.009,363,363,0
FOLDER_464_Documents_SQA_.venv_Lib_site-packages_pip__vendor_resolvelib_py.typed,.typed,0.001,363,363,0
FOLDER_465_Documents_SQA_.venv_Lib_site-packages_pip__vendor_resolvelib_reporters.py,.py,0.002,363,363,0
FOLDER_466_Documents_SQA_.venv_Lib_site-packages_pip__vendor_resolvelib_structs.py,.py,0.006,363,363,0
FOLDER_467_Documents_SQA_.venv_Lib_site-packages_pip__vendor_resolvelib___init__.py,.py,0.001,363,363,0
FOLDER_468_Documents_SQA_.venv_Lib_site-packages_pip__vendor_resolvelib___pycache___providers.cpython-313.pyc,.pyc,0.009,363,363,0
FOLDER_469_Documents_SQA_.venv_Lib_site-packages_pip__vendor_resolvelib___pycache___reporters.cpython-313.pyc,.pyc,0.003,363,363,0
FOLDER_470_Documents_SQA_.venv_Lib_site-packages_pip__vendor_resolvelib___pycache___structs.cpython-313.pyc,.pyc,0.012,363,363,0
FOLDER_471_Documents_SQA_.venv_Lib_site-packages_pip__vendor_resolvelib___pycache_____init__.cpython-313.pyc,.pyc,0.001,363,363,0
FOLDER_472_Documents_SQA_.venv_Lib_site-packages_pip__vendor_resolvelib_resolvers_abstract.py,.py,0.001,363,363,0
FOLDER_473_Documents_SQA_.venv_Lib_site-packages_pip__vendor_resolvelib_resolvers_criterion.py,.py,0.002,363,363,0
FOLDER_474_Documents_SQA_.venv_Lib_site-packages_pip__vendor_resolvelib_resolvers_exceptions.py,.py,0.002,363,363,0
FOLDER_475_Documents_SQA_.venv_Lib_site-packages_pip__vendor_resolvelib_resolvers_resolution.py,.py,0.023,363,363,0
FOLDER_476_Documents_SQA_.venv_Lib_site-packages_pip__vendor_resolvelib_resolvers___init__.py,.py,0.001,363,363,0
FOLDER_477_Documents_SQA_.venv_Lib_site-packages_pip__vendor_resolvelib_resolvers___pycache___abstract.cpython-313.pyc,.pyc,0.002,363,363,0
FOLDER_478_Documents_SQA_.venv_Lib_site-packages_pip__vendor_resolvelib_resolvers___pycache___criterion.cpython-313.pyc,.pyc,0.003,363,363,0
FOLDER_479_Documents_SQA_.venv_Lib_site-packages_pip__vendor_resolvelib_resolvers___pycache___exceptions.cpython-313.pyc,.pyc,0.004,363,363,0
FOLDER_480_Documents_SQA_.venv_Lib_site-packages_pip__vendor_resolvelib_resolvers___pycache___resolution.cpython-313.pyc,.pyc,0.024,363,363,0
FOLDER_481_Documents_SQA_.venv_Lib_site-packages_pip__vendor_resolvelib_resolvers___pycache_____init__.cpython-313.pyc,.pyc,0.001,363,363,0
FOLDER_482_Documents_SQA_.venv_Lib_site-packages_pip__vendor_requests_adapters.py,.py,0.026,363,363,0
FOLDER_483_Documents_SQA_.venv_Lib_site-packages_pip__vendor_requests_api.py,.py,0.006,363,363,0
FOLDER_484_Documents_SQA_.venv_Lib_site-packages_pip__vendor_requests_auth.py,.py,0.01,363,363,0
FOLDER_485_Documents_SQA_.venv_Lib_site-packages_pip__vendor_requests_certs.py,.py,0.001,363,363,0
FOLDER_486_Documents_SQA_.venv_Lib_site-packages_pip__vendor_requests_compat.py,.py,0.002,363,363,0
FOLDER_487_Documents_SQA_.venv_Lib_site-packages_pip__vendor_requests_cookies.py,.py,0.018,363,363,0
FOLDER_488_Documents_SQA_.venv_Lib_site-packages_pip__vendor_requests_exceptions.py,.py,0.004,363,363,0
FOLDER_489_Documents_SQA_.venv_Lib_site-packages_pip__vendor_requests_help.py,.py,0.004,363,363,0
FOLDER_490_Documents_SQA_.venv_Lib_site-packages_pip__vendor_requests_hooks.py,.py,0.001,363,363,0
FOLDER_491_Documents_SQA_.venv_Lib_site-packages_pip__vendor_requests_models.py,.py,0.034,363,363,0
FOLDER_492_Documents_SQA_.venv_Lib_site-packages_pip__vendor_requests_packages.py,.py,0.001,363,363,0
FOLDER_493_Documents_SQA_.venv_Lib_site-packages_pip__vendor_requests_sessions.py,.py,0.029,363,363,0
FOLDER_494_Documents_SQA_.venv_Lib_site-packages_pip__vendor_requests_status_codes.py,.py,0.004,363,363,0
FOLDER_495_Documents_SQA_.venv_Lib_site-packages_pip__vendor_requests_structures.py,.py,0.003,363,363,0
FOLDER_496_Documents_SQA_.venv_Lib_site-packages_pip__vendor_requests_utils.py,.py,0.032,363,363,0
FOLDER_497_Documents_SQA_.venv_Lib_site-packages_pip__vendor_requests__internal_utils.py,.py,0.001,363,363,0
FOLDER_498_Documents_SQA_.venv_Lib_site-packages_pip__vendor_requests___init__.py,.py,0.005,363,363,0
FOLDER_499_Documents_SQA_.venv_Lib_site-packages_pip__vendor_requests___version__.py,.py,0.001,363,363,0
FOLDER_500_Documents_SQA_.venv_Lib_site-packages_pip__vendor_requests___pycache___adapters.cpython-313.pyc,.pyc,0.026,363,363,0
FOLDER_501_Documents_SQA_.venv_Lib_site-packages_pip__vendor_requests___pycache___api.cpython-313.pyc,.pyc,0.007,363,363,0
FOLDER_502_Documents_SQA_.venv_Lib_site-packages_pip__vendor_requests___pycache___auth.cpython-313.pyc,.pyc,0.014,363,363,0
FOLDER_503_Documents_SQA_.venv_Lib_site-packages_pip__vendor_requests___pycache___certs.cpython-313.pyc,.pyc,0.001,363,363,0
FOLDER_504_Documents_SQA_.venv_Lib_site-packages_pip__vendor_requests___pycache___compat.cpython-313.pyc,.pyc,0.002,363,363,0
FOLDER_505_Documents_SQA_.venv_Lib_site-packages_pip__vendor_requests___pycache___cookies.cpython-313.pyc,.pyc,0.024,363,363,0
FOLDER_506_Documents_SQA_.venv_Lib_site-packages_pip__vendor_requests___pycache___exceptions.cpython-313.pyc,.pyc,0.008,363,363,0
FOLDER_507_Documents_SQA_.venv_Lib_site-packages_pip__vendor_requests___pycache___help.cpython-313.pyc,.pyc,0.004,363,363,0
FOLDER_508_Documents_SQA_.venv_Lib_site-packages_pip__vendor_requests___pycache___hooks.cpython-313.pyc,.pyc,0.001,363,363,0
FOLDER_509_Documents_SQA_.venv_Lib_site-packages_pip__vendor_requests___pycache___models.cpython-313.pyc,.pyc,0.034,363,363,0
FOLDER_510_Documents_SQA_.venv_Lib_site-packages_pip__vendor_requests___pycache___packages.cpython-313.pyc,.pyc,0.001,363,363,0
FOLDER_511_Documents_SQA_.venv_Lib_site-packages_pip__vendor_requests___pycache___sessions.cpython-313.pyc,.pyc,0.026,363,363,0
FOLDER_512_Documents_SQA_.venv_Lib_site-packages_pip__vendor_requests___pycache___status_codes.cpython-313.pyc,.pyc,0.006,363,363,0
FOLDER_513_Documents_SQA_.venv_Lib_site-packages_pip__vendor_requests___pycache___structures.cpython-313.pyc,.pyc,0.005,363,363,0
FOLDER_514_Documents_SQA_.venv_Lib_site-packages_pip__vendor_requests___pycache___utils.cpython-313.pyc,.pyc,0.035,363,363,0
FOLDER_515_Documents_SQA_.venv_Lib_site-packages_pip__vendor_requests___pycache____internal_utils.cpython-313.pyc,.pyc,0.002,363,363,0
FOLDER_516_Documents_SQA_.venv_Lib_site-packages_pip__vendor_requests___pycache_____init__.cpython-313.pyc,.pyc,0.005,363,363,0
FOLDER_517_Documents_SQA_.venv_Lib_site-packages_pip__vendor_requests___pycache_____version__.cpython-313.pyc,.pyc,0.001,363,363,0
FOLDER_518_Documents_SQA_.venv_Lib_site-packages_pip__vendor_pyproject_hooks_py.typed,.typed,0.001,363,363,0
FOLDER_519_Documents_SQA_.venv_Lib_site-packages_pip__vendor_pyproject_hooks__impl.py,.py,0.014,363,363,0
FOLDER_520_Documents_SQA_.venv_Lib_site-packages_pip__vendor_pyproject_hooks___init__.py,.py,0.001,363,363,0
FOLDER_521_Documents_SQA_.venv_Lib_site-packages_pip__vendor_pyproject_hooks___pycache____impl.cpython-313.pyc,.pyc,0.017,363,363,0
FOLDER_522_Documents_SQA_.venv_Lib_site-packages_pip__vendor_pyproject_hooks___pycache_____init__.cpython-313.pyc,.pyc,0.001,363,363,0
FOLDER_523_Documents_SQA_.venv_Lib_site-packages_pip__vendor_pyproject_hooks__in_process__in_process.py,.py,0.012,363,363,0
FOLDER_524_Documents_SQA_.venv_Lib_site-packages_pip__vendor_pyproject_hooks__in_process___init__.py,.py,0.001,363,363,0
FOLDER_525_Documents_SQA_.venv_Lib_site-packages_pip__vendor_pyproject_hooks__in_process___pycache____in_process.cpython-313.pyc,.pyc,0.015,363,363,0
FOLDER_526_Documents_SQA_.venv_Lib_site-packages_pip__vendor_pyproject_hooks__in_process___pycache_____init__.cpython-313.pyc,.pyc,0.001,363,363,0
FOLDER_527_Documents_SQA_.venv_Lib_site-packages_pip__vendor_pygments_console.py,.py,0.002,363,363,0
FOLDER_528_Documents_SQA_.venv_Lib_site-packages_pip__vendor_pygments_filter.py,.py,0.002,363,363,0
FOLDER_529_Documents_SQA_.venv_Lib_site-packages_pip__vendor_pygments_formatter.py,.py,0.004,363,363,0
FOLDER_530_Documents_SQA_.venv_Lib_site-packages_pip__vendor_pygments_lexer.py,.py,0.034,363,363,0
FOLDER_531_Documents_SQA_.venv_Lib_site-packages_pip__vendor_pygments_modeline.py,.py,0.001,363,363,0
FOLDER_532_Documents_SQA_.venv_Lib_site-packages_pip__vendor_pygments_plugin.py,.py,0.002,363,363,0
FOLDER_533_Documents_SQA_.venv_Lib_site-packages_pip__vendor_pygments_regexopt.py,.py,0.003,363,363,0
FOLDER_534_Documents_SQA_.venv_Lib_site-packages_pip__vendor_pygments_scanner.py,.py,0.003,363,363,0
FOLDER_535_Documents_SQA_.venv_Lib_site-packages_pip__vendor_pygments_sphinxext.py,.py,0.008,363,363,0
FOLDER_536_Documents_SQA_.venv_Lib_site-packages_pip__vendor_pygments_style.py,.py,0.006,363,363,0
FOLDER_537_Documents_SQA_.venv_Lib_site-packages_pip__vendor_pygments_token.py,.py,0.006,363,363,0
FOLDER_538_Documents_SQA_.venv_Lib_site-packages_pip__vendor_pygments_unistring.py,.py,0.06,363,363,0
FOLDER_539_Documents_SQA_.venv_Lib_site-packages_pip__vendor_pygments_util.py,.py,0.01,363,363,0
FOLDER_540_Documents_SQA_.venv_Lib_site-packages_pip__vendor_pygments___init__.py,.py,0.003,363,363,0
FOLDER_541_Documents_SQA_.venv_Lib_site-packages_pip__vendor_pygments___main__.py,.py,0.001,363,363,0
FOLDER_542_Documents_SQA_.venv_Lib_site-packages_pip__vendor_pygments___pycache___console.cpython-313.pyc,.pyc,0.002,363,363,0
FOLDER_543_Documents_SQA_.venv_Lib_site-packages_pip__vendor_pygments___pycache___filter.cpython-313.pyc,.pyc,0.003,363,363,0
FOLDER_544_Documents_SQA_.venv_Lib_site-packages_pip__vendor_pygments___pycache___formatter.cpython-313.pyc,.pyc,0.004,363,363,0
FOLDER_545_Documents_SQA_.venv_Lib_site-packages_pip__vendor_pygments___pycache___lexer.cpython-313.pyc,.pyc,0.037,363,363,0
FOLDER_546_Documents_SQA_.venv_Lib_site-packages_pip__vendor_pygments___pycache___modeline.cpython-313.pyc,.pyc,0.002,363,363,0
FOLDER_547_Documents_SQA_.venv_Lib_site-packages_pip__vendor_pygments___pycache___plugin.cpython-313.pyc,.pyc,0.002,363,363,0
FOLDER_548_Documents_SQA_.venv_Lib_site-packages_pip__vendor_pygments___pycache___regexopt.cpython-313.pyc,.pyc,0.004,363,363,0
FOLDER_549_Documents_SQA_.venv_Lib_site-packages_pip__vendor_pygments___pycache___scanner.cpython-313.pyc,.pyc,0.004,363,363,0
FOLDER_550_Documents_SQA_.venv_Lib_site-packages_pip__vendor_pygments___pycache___sphinxext.cpython-313.pyc,.pyc,0.012,363,363,0
FOLDER_551_Documents_SQA_.venv_Lib_site-packages_pip__vendor_pygments___pycache___style.cpython-313.pyc,.pyc,0.007,363,363,0
FOLDER_552_Documents_SQA_.venv_Lib_site-packages_pip__vendor_pygments___pycache___token.cpython-313.pyc,.pyc,0.008,363,363,0
FOLDER_553_Documents_SQA_.venv_Lib_site-packages_pip__vendor_pygments___pycache___unistring.cpython-313.pyc,.pyc,0.031,363,363,0
FOLDER_554_Documents_SQA_.venv_Lib_site-packages_pip__vendor_pygments___pycache___util.cpython-313.pyc,.pyc,0.014,363,363,0
FOLDER_555_Documents_SQA_.venv_Lib_site-packages_pip__vendor_pygments___pycache_____init__.cpython-313.pyc,.pyc,0.003,363,363,0
FOLDER_556_Documents_SQA_.venv_Lib_site-packages_pip__vendor_pygments___pycache_____main__.cpython-313.pyc,.pyc,0.001,363,363,0
FOLDER_557_Documents_SQA_.venv_Lib_site-packages_pip__vendor_pygments_styles__mapping.py,.py,0.003,363,363,0
FOLDER_558_Documents_SQA_.venv_Lib_site-packages_pip__vendor_pygments_styles___init__.py,.py,0.002,363,363,0
FOLDER_559_Documents_SQA_.venv_Lib_site-packages_pip__vendor_pygments_styles___pycache____mapping.cpython-313.pyc,.pyc,0.003,363,363,0
FOLDER_560_Documents_SQA_.venv_Lib_site-packages_pip__vendor_pygments_styles___pycache_____init__.cpython-313.pyc,.pyc,0.003,363,363,0
FOLDER_561_Documents_SQA_.venv_Lib_site-packages_pip__vendor_pygments_lexers_python.py,.py,0.051,363,363,0
FOLDER_562_Documents_SQA_.venv_Lib_site-packages_pip__vendor_pygments_lexers__mapping.py,.py,0.074,363,363,0
FOLDER_563_Documents_SQA_.venv_Lib_site-packages_pip__vendor_pygments_lexers___init__.py,.py,0.012,363,363,0
FOLDER_564_Documents_SQA_.venv_Lib_site-packages_pip__vendor_pygments_lexers___pycache___python.cpython-313.pyc,.pyc,0.041,363,363,0
FOLDER_565_Documents_SQA_.venv_Lib_site-packages_pip__vendor_pygments_lexers___pycache____mapping.cpython-313.pyc,.pyc,0.067,363,363,0
FOLDER_566_Documents_SQA_.venv_Lib_site-packages_pip__vendor_pygments_lexers___pycache_____init__.cpython-313.pyc,.pyc,0.014,363,363,0
FOLDER_567_Documents_SQA_.venv_Lib_site-packages_pip__vendor_pygments_formatters__mapping.py,.py,0.004,363,363,0
FOLDER_568_Documents_SQA_.venv_Lib_site-packages_pip__vendor_pygments_formatters___init__.py,.py,0.005,363,363,0
FOLDER_569_Documents_SQA_.venv_Lib_site-packages_pip__vendor_pygments_formatters___pycache____mapping.cpython-313.pyc,.pyc,0.004,363,363,0
FOLDER_570_Documents_SQA_.venv_Lib_site-packages_pip__vendor_pygments_formatters___pycache_____init__.cpython-313.pyc,.pyc,0.007,363,363,0
FOLDER_571_Documents_SQA_.venv_Lib_site-packages_pip__vendor_pygments_filters___init__.py,.py,0.039,363,363,0
FOLDER_572_Documents_SQA_.venv_Lib_site-packages_pip__vendor_pygments_filters___pycache_____init__.cpython-313.pyc,.pyc,0.036,363,363,0
FOLDER_573_Documents_SQA_.venv_Lib_site-packages_pip__vendor_platformdirs_android.py,.py,0.009,363,363,0
FOLDER_574_Documents_SQA_.venv_Lib_site-packages_pip__vendor_platformdirs_api.py,.py,0.009,363,363,0
FOLDER_575_Documents_SQA_.venv_Lib_site-packages_pip__vendor_platformdirs_macos.py,.py,0.006,363,363,0
FOLDER_576_Documents_SQA_.venv_Lib_site-packages_pip__vendor_platformdirs_py.typed,.typed,0.001,363,363,0
FOLDER_577_Documents_SQA_.venv_Lib_site-packages_pip__vendor_platformdirs_unix.py,.py,0.01,363,363,0
FOLDER_578_Documents_SQA_.venv_Lib_site-packages_pip__vendor_platformdirs_version.py,.py,0.001,363,363,0
FOLDER_579_Documents_SQA_.venv_Lib_site-packages_pip__vendor_platformdirs_windows.py,.py,0.01,363,363,0
FOLDER_580_Documents_SQA_.venv_Lib_site-packages_pip__vendor_platformdirs___init__.py,.py,0.021,363,363,0
FOLDER_581_Documents_SQA_.venv_Lib_site-packages_pip__vendor_platformdirs___main__.py,.py,0.001,363,363,0
FOLDER_582_Documents_SQA_.venv_Lib_site-packages_pip__vendor_platformdirs___pycache___android.cpython-313.pyc,.pyc,0.01,363,363,0
FOLDER_583_Documents_SQA_.venv_Lib_site-packages_pip__vendor_platformdirs___pycache___api.cpython-313.pyc,.pyc,0.013,363,363,0
FOLDER_584_Documents_SQA_.venv_Lib_site-packages_pip__vendor_platformdirs___pycache___macos.cpython-313.pyc,.pyc,0.008,363,363,0
FOLDER_585_Documents_SQA_.venv_Lib_site-packages_pip__vendor_platformdirs___pycache___unix.cpython-313.pyc,.pyc,0.014,363,363,0
FOLDER_586_Documents_SQA_.venv_Lib_site-packages_pip__vendor_platformdirs___pycache___version.cpython-313.pyc,.pyc,0.001,363,363,0
FOLDER_587_Documents_SQA_.venv_Lib_site-packages_pip__vendor_platformdirs___pycache___windows.cpython-313.pyc,.pyc,0.013,363,363,0
FOLDER_588_Documents_SQA_.venv_Lib_site-packages_pip__vendor_platformdirs___pycache_____init__.cpython-313.pyc,.pyc,0.018,363,363,0
FOLDER_589_Documents_SQA_.venv_Lib_site-packages_pip__vendor_platformdirs___pycache_____main__.cpython-313.pyc,.pyc,0.002,363,363,0
FOLDER_590_Documents_SQA_.venv_Lib_site-packages_pip__vendor_pkg_resources___init__.py,.py,0.119,363,363,0
FOLDER_591_Documents_SQA_.venv_Lib_site-packages_pip__vendor_pkg_resources___pycache_____init__.cpython-313.pyc,.pyc,0.154,363,363,0
FOLDER_592_Documents_SQA_.venv_Lib_site-packages_pip__vendor_packaging_markers.py,.py,0.011,363,363,0
FOLDER_593_Documents_SQA_.venv_Lib_site-packages_pip__vendor_packaging_metadata.py,.py,0.033,363,363,0
FOLDER_594_Documents_SQA_.venv_Lib_site-packages_pip__vendor_packaging_py.typed,.typed,0.001,363,363,0
FOLDER_595_Documents_SQA_.venv_Lib_site-packages_pip__vendor_packaging_requirements.py,.py,0.003,363,363,0
FOLDER_596_Documents_SQA_.venv_Lib_site-packages_pip__vendor_packaging_specifiers.py,.py,0.038,363,363,0
FOLDER_597_Documents_SQA_.venv_Lib_site-packages_pip__vendor_packaging_tags.py,.py,0.022,363,363,0
FOLDER_598_Documents_SQA_.venv_Lib_site-packages_pip__vendor_packaging_utils.py,.py,0.005,363,363,0
FOLDER_599_Documents_SQA_.venv_Lib_site-packages_pip__vendor_packaging_version.py,.py,0.016,363,363,0
FOLDER_600_Documents_SQA_.venv_Lib_site-packages_pip__vendor_packaging__elffile.py,.py,0.003,363,363,0
FOLDER_601_Documents_SQA_.venv_Lib_site-packages_pip__vendor_packaging__manylinux.py,.py,0.009,363,363,0
FOLDER_602_Documents_SQA_.venv_Lib_site-packages_pip__vendor_packaging__musllinux.py,.py,0.003,363,363,0
FOLDER_603_Documents_SQA_.venv_Lib_site-packages_pip__vendor_packaging__parser.py,.py,0.01,363,363,0
FOLDER_604_Documents_SQA_.venv_Lib_site-packages_pip__vendor_packaging__structures.py,.py,0.001,363,363,0
FOLDER_605_Documents_SQA_.venv_Lib_site-packages_pip__vendor_packaging__tokenizer.py,.py,0.005,363,363,0
FOLDER_606_Documents_SQA_.venv_Lib_site-packages_pip__vendor_packaging___init__.py,.py,0.001,363,363,0
FOLDER_607_Documents_SQA_.venv_Lib_site-packages_pip__vendor_packaging___pycache___markers.cpython-313.pyc,.pyc,0.012,363,363,0
FOLDER_608_Documents_SQA_.venv_Lib_site-packages_pip__vendor_packaging___pycache___metadata.cpython-313.pyc,.pyc,0.026,363,363,0
FOLDER_609_Documents_SQA_.venv_Lib_site-packages_pip__vendor_packaging___pycache___requirements.cpython-313.pyc,.pyc,0.004,363,363,0
FOLDER_610_Documents_SQA_.venv_Lib_site-packages_pip__vendor_packaging___pycache___specifiers.cpython-313.pyc,.pyc,0.036,363,363,0
FOLDER_611_Documents_SQA_.venv_Lib_site-packages_pip__vendor_packaging___pycache___tags.cpython-313.pyc,.pyc,0.024,363,363,0
FOLDER_612_Documents_SQA_.venv_Lib_site-packages_pip__vendor_packaging___pycache___utils.cpython-313.pyc,.pyc,0.006,363,363,0
FOLDER_613_Documents_SQA_.venv_Lib_site-packages_pip__vendor_packaging___pycache___version.cpython-313.pyc,.pyc,0.019,363,363,0
FOLDER_614_Documents_SQA_.venv_Lib_site-packages_pip__vendor_packaging___pycache____elffile.cpython-313.pyc,.pyc,0.005,363,363,0
FOLDER_615_Documents_SQA_.venv_Lib_site-packages_pip__vendor_packaging___pycache____manylinux.cpython-313.pyc,.pyc,0.01,363,363,0
FOLDER_616_Documents_SQA_.venv_Lib_site-packages_pip__vendor_packaging___pycache____musllinux.cpython-313.pyc,.pyc,0.004,363,363,0
FOLDER_617_Documents_SQA_.venv_Lib_site-packages_pip__vendor_packaging___pycache____parser.cpython-313.pyc,.pyc,0.014,363,363,0
FOLDER_618_Documents_SQA_.venv_Lib_site-packages_pip__vendor_packaging___pycache____structures.cpython-313.pyc,.pyc,0.003,363,363,0
FOLDER_619_Documents_SQA_.venv_Lib_site-packages_pip__vendor_packaging___pycache____tokenizer.cpython-313.pyc,.pyc,0.008,363,363,0
FOLDER_620_Documents_SQA_.venv_Lib_site-packages_pip__vendor_packaging___pycache_____init__.cpython-313.pyc,.pyc,0.001,363,363,0
FOLDER_621_Documents_SQA_.venv_Lib_site-packages_pip__vendor_packaging_licenses__spdx.py,.py,0.046,363,363,0
FOLDER_622_Documents_SQA_.venv_Lib_site-packages_pip__vendor_packaging_licenses___init__.py,.py,0.005,363,363,0
FOLDER_623_Documents_SQA_.venv_Lib_site-packages_pip__vendor_packaging_licenses___pycache____spdx.cpython-313.pyc,.pyc,0.045,363,363,0
FOLDER_624_Documents_SQA_.venv_Lib_site-packages_pip__vendor_packaging_licenses___pycache_____init__.cpython-313.pyc,.pyc,0.004,363,363,0
FOLDER_625_Documents_SQA_.venv_Lib_site-packages_pip__vendor_msgpack_exceptions.py,.py,0.001,363,363,0
FOLDER_626_Documents_SQA_.venv_Lib_site-packages_pip__vendor_msgpack_ext.py,.py,0.005,363,363,0
FOLDER_627_Documents_SQA_.venv_Lib_site-packages_pip__vendor_msgpack_fallback.py,.py,0.031,363,363,0
FOLDER_628_Documents_SQA_.venv_Lib_site-packages_pip__vendor_msgpack___init__.py,.py,0.001,363,363,0
FOLDER_629_Documents_SQA_.venv_Lib_site-packages_pip__vendor_msgpack___pycache___exceptions.cpython-313.pyc,.pyc,0.002,363,363,0
FOLDER_630_Documents_SQA_.venv_Lib_site-packages_pip__vendor_msgpack___pycache___ext.cpython-313.pyc,.pyc,0.008,363,363,0
FOLDER_631_Documents_SQA_.venv_Lib_site-packages_pip__vendor_msgpack___pycache___fallback.cpython-313.pyc,.pyc,0.04,363,363,0
FOLDER_632_Documents_SQA_.venv_Lib_site-packages_pip__vendor_msgpack___pycache_____init__.cpython-313.pyc,.pyc,0.002,363,363,0
FOLDER_633_Documents_SQA_.venv_Lib_site-packages_pip__vendor_idna_codec.py,.py,0.003,363,363,0
FOLDER_634_Documents_SQA_.venv_Lib_site-packages_pip__vendor_idna_compat.py,.py,0.001,363,363,0
FOLDER_635_Documents_SQA_.venv_Lib_site-packages_pip__vendor_idna_core.py,.py,0.013,363,363,0
FOLDER_636_Documents_SQA_.venv_Lib_site-packages_pip__vendor_idna_idnadata.py,.py,0.075,363,363,0
FOLDER_637_Documents_SQA_.venv_Lib_site-packages_pip__vendor_idna_intranges.py,.py,0.002,363,363,0
FOLDER_638_Documents_SQA_.venv_Lib_site-packages_pip__vendor_idna_package_data.py,.py,0.001,363,363,0
FOLDER_639_Documents_SQA_.venv_Lib_site-packages_pip__vendor_idna_py.typed,.typed,0.001,363,363,0
FOLDER_640_Documents_SQA_.venv_Lib_site-packages_pip__vendor_idna_uts46data.py,.py,0.228,363,363,0
FOLDER_641_Documents_SQA_.venv_Lib_site-packages_pip__vendor_idna___init__.py,.py,0.001,363,363,0
FOLDER_642_Documents_SQA_.venv_Lib_site-packages_pip__vendor_idna___pycache___codec.cpython-313.pyc,.pyc,0.005,363,363,0
FOLDER_643_Documents_SQA_.venv_Lib_site-packages_pip__vendor_idna___pycache___compat.cpython-313.pyc,.pyc,0.001,363,363,0
FOLDER_644_Documents_SQA_.venv_Lib_site-packages_pip__vendor_idna___pycache___core.cpython-313.pyc,.pyc,0.016,363,363,0
FOLDER_645_Documents_SQA_.venv_Lib_site-packages_pip__vendor_idna___pycache___idnadata.cpython-313.pyc,.pyc,0.095,363,363,0
FOLDER_646_Documents_SQA_.venv_Lib_site-packages_pip__vendor_idna___pycache___intranges.cpython-313.pyc,.pyc,0.002,363,363,0
FOLDER_647_Documents_SQA_.venv_Lib_site-packages_pip__vendor_idna___pycache___package_data.cpython-313.pyc,.pyc,0.001,363,363,0
FOLDER_648_Documents_SQA_.venv_Lib_site-packages_pip__vendor_idna___pycache___uts46data.cpython-313.pyc,.pyc,0.152,363,363,0
FOLDER_649_Documents_SQA_.venv_Lib_site-packages_pip__vendor_idna___pycache_____init__.cpython-313.pyc,.pyc,0.001,363,363,0
FOLDER_650_Documents_SQA_.venv_Lib_site-packages_pip__vendor_distro_distro.py,.py,0.047,363,363,0
FOLDER_651_Documents_SQA_.venv_Lib_site-packages_pip__vendor_distro_py.typed,.typed,0.001,363,363,0
FOLDER_652_Documents_SQA_.venv_Lib_site-packages_pip__vendor_distro___init__.py,.py,0.001,363,363,0
FOLDER_653_Documents_SQA_.venv_Lib_site-packages_pip__vendor_distro___main__.py,.py,0.001,363,363,0
FOLDER_654_Documents_SQA_.venv_Lib_site-packages_pip__vendor_distro___pycache___distro.cpython-313.pyc,.pyc,0.05,363,363,0
FOLDER_655_Documents_SQA_.venv_Lib_site-packages_pip__vendor_distro___pycache_____init__.cpython-313.pyc,.pyc,0.001,363,363,0
FOLDER_656_Documents_SQA_.venv_Lib_site-packages_pip__vendor_distro___pycache_____main__.cpython-313.pyc,.pyc,0.001,363,363,0
FOLDER_657_Documents_SQA_.venv_Lib_site-packages_pip__vendor_distlib_compat.py,.py,0.04,363,363,0
FOLDER_658_Documents_SQA_.venv_Lib_site-packages_pip__vendor_distlib_resources.py,.py,0.01,363,363,0
FOLDER_659_Documents_SQA_.venv_Lib_site-packages_pip__vendor_distlib_scripts.py,.py,0.018,363,363,0
FOLDER_660_Documents_SQA_.venv_Lib_site-packages_pip__vendor_distlib_t32.exe,.exe,0.093,363,363,0
FOLDER_661_Documents_SQA_.venv_Lib_site-packages_pip__vendor_distlib_t64-arm.exe,.exe,0.174,363,363,0
FOLDER_662_Documents_SQA_.venv_Lib_site-packages_pip__vendor_distlib_t64.exe,.exe,0.103,363,363,0
FOLDER_663_Documents_SQA_.venv_Lib_site-packages_pip__vendor_distlib_util.py,.py,0.064,363,363,0
FOLDER_664_Documents_SQA_.venv_Lib_site-packages_pip__vendor_distlib_w32.exe,.exe,0.087,363,363,0
FOLDER_665_Documents_SQA_.venv_Lib_site-packages_pip__vendor_distlib_w64-arm.exe,.exe,0.161,363,363,0
FOLDER_666_Documents_SQA_.venv_Lib_site-packages_pip__vendor_distlib_w64.exe,.exe,0.097,363,363,0
FOLDER_667_Documents_SQA_.venv_Lib_site-packages_pip__vendor_distlib___init__.py,.py,0.001,363,363,0
FOLDER_668_Documents_SQA_.venv_Lib_site-packages_pip__vendor_distlib___pycache___compat.cpython-313.pyc,.pyc,0.044,363,363,0
FOLDER_669_Documents_SQA_.venv_Lib_site-packages_pip__vendor_distlib___pycache___resources.cpython-313.pyc,.pyc,0.017,363,363,0
FOLDER_670_Documents_SQA_.venv_Lib_site-packages_pip__vendor_distlib___pycache___scripts.cpython-313.pyc,.pyc,0.019,363,363,0
FOLDER_671_Documents_SQA_.venv_Lib_site-packages_pip__vendor_distlib___pycache___util.cpython-313.pyc,.pyc,0.086,363,363,0
FOLDER_672_Documents_SQA_.venv_Lib_site-packages_pip__vendor_distlib___pycache_____init__.cpython-313.pyc,.pyc,0.001,363,363,0
FOLDER_673_Documents_SQA_.venv_Lib_site-packages_pip__vendor_dependency_groups_py.typed,.typed,0.001,363,363,0
FOLDER_674_Documents_SQA_.venv_Lib_site-packages_pip__vendor_dependency_groups__implementation.py,.py,0.008,363,363,0
FOLDER_675_Documents_SQA_.venv_Lib_site-packages_pip__vendor_dependency_groups__lint_dependency_groups.py,.py,0.002,363,363,0
FOLDER_676_Documents_SQA_.venv_Lib_site-packages_pip__vendor_dependency_groups__pip_wrapper.py,.py,0.002,363,363,0
FOLDER_677_Documents_SQA_.venv_Lib_site-packages_pip__vendor_dependency_groups__toml_compat.py,.py,0.001,363,363,0
FOLDER_678_Documents_SQA_.venv_Lib_site-packages_pip__vendor_dependency_groups___init__.py,.py,0.001,363,363,0
FOLDER_679_Documents_SQA_.venv_Lib_site-packages_pip__vendor_dependency_groups___main__.py,.py,0.002,363,363,0
FOLDER_680_Documents_SQA_.venv_Lib_site-packages_pip__vendor_dependency_groups___pycache____implementation.cpython-313.pyc,.pyc,0.009,363,363,0
FOLDER_681_Documents_SQA_.venv_Lib_site-packages_pip__vendor_dependency_groups___pycache____lint_dependency_groups.cpython-313.pyc,.pyc,0.003,363,363,0
FOLDER_682_Documents_SQA_.venv_Lib_site-packages_pip__vendor_dependency_groups___pycache____pip_wrapper.cpython-313.pyc,.pyc,0.003,363,363,0
FOLDER_683_Documents_SQA_.venv_Lib_site-packages_pip__vendor_dependency_groups___pycache____toml_compat.cpython-313.pyc,.pyc,0.001,363,363,0
FOLDER_684_Documents_SQA_.venv_Lib_site-packages_pip__vendor_dependency_groups___pycache_____init__.cpython-313.pyc,.pyc,0.001,363,363,0
FOLDER_685_Documents_SQA_.venv_Lib_site-packages_pip__vendor_dependency_groups___pycache_____main__.cpython-313.pyc,.pyc,0.003,363,363,0
FOLDER_686_Documents_SQA_.venv_Lib_site-packages_pip__vendor_certifi_cacert.pem,.pem,0.277,363,363,0
FOLDER_687_Documents_SQA_.venv_Lib_site-packages_pip__vendor_certifi_core.py,.py,0.003,363,363,0
FOLDER_688_Documents_SQA_.venv_Lib_site-packages_pip__vendor_certifi_py.typed,.typed,0.001,363,363,0
FOLDER_689_Documents_SQA_.venv_Lib_site-packages_pip__vendor_certifi___init__.py,.py,0.001,363,363,0
FOLDER_690_Documents_SQA_.venv_Lib_site-packages_pip__vendor_certifi___main__.py,.py,0.001,363,363,0
FOLDER_691_Documents_SQA_.venv_Lib_site-packages_pip__vendor_certifi___pycache___core.cpython-313.pyc,.pyc,0.002,363,363,0
FOLDER_692_Documents_SQA_.venv_Lib_site-packages_pip__vendor_certifi___pycache_____init__.cpython-313.pyc,.pyc,0.001,363,363,0
FOLDER_693_Documents_SQA_.venv_Lib_site-packages_pip__vendor_certifi___pycache_____main__.cpython-313.pyc,.pyc,0.001,363,363,0
FOLDER_694_Documents_SQA_.venv_Lib_site-packages_pip__vendor_cachecontrol_adapter.py,.py,0.006,363,363,0
FOLDER_695_Documents_SQA_.venv_Lib_site-packages_pip__vendor_cachecontrol_cache.py,.py,0.002,363,363,0
FOLDER_696_Documents_SQA_.venv_Lib_site-packages_pip__vendor_cachecontrol_controller.py,.py,0.018,363,363,0
FOLDER_697_Documents_SQA_.venv_Lib_site-packages_pip__vendor_cachecontrol_filewrapper.py,.py,0.004,363,363,0
FOLDER_698_Documents_SQA_.venv_Lib_site-packages_pip__vendor_cachecontrol_heuristics.py,.py,0.005,363,363,0
FOLDER_699_Documents_SQA_.venv_Lib_site-packages_pip__vendor_cachecontrol_py.typed,.typed,0.001,363,363,0
FOLDER_700_Documents_SQA_.venv_Lib_site-packages_pip__vendor_cachecontrol_serialize.py,.py,0.005,363,363,0
FOLDER_701_Documents_SQA_.venv_Lib_site-packages_pip__vendor_cachecontrol_wrapper.py,.py,0.001,363,363,0
FOLDER_702_Documents_SQA_.venv_Lib_site-packages_pip__vendor_cachecontrol__cmd.py,.py,0.002,363,363,0
FOLDER_703_Documents_SQA_.venv_Lib_site-packages_pip__vendor_cachecontrol___init__.py,.py,0.001,363,363,0
FOLDER_704_Documents_SQA_.venv_Lib_site-packages_pip__vendor_cachecontrol___pycache___adapter.cpython-313.pyc,.pyc,0.007,363,363,0
FOLDER_705_Documents_SQA_.venv_Lib_site-packages_pip__vendor_cachecontrol___pycache___cache.cpython-313.pyc,.pyc,0.004,363,363,0
FOLDER_706_Documents_SQA_.venv_Lib_site-packages_pip__vendor_cachecontrol___pycache___controller.cpython-313.pyc,.pyc,0.016,363,363,0
FOLDER_707_Documents_SQA_.venv_Lib_site-packages_pip__vendor_cachecontrol___pycache___filewrapper.cpython-313.pyc,.pyc,0.004,363,363,0
FOLDER_708_Documents_SQA_.venv_Lib_site-packages_pip__vendor_cachecontrol___pycache___heuristics.cpython-313.pyc,.pyc,0.006,363,363,0
FOLDER_709_Documents_SQA_.venv_Lib_site-packages_pip__vendor_cachecontrol___pycache___serialize.cpython-313.pyc,.pyc,0.005,363,363,0
FOLDER_710_Documents_SQA_.venv_Lib_site-packages_pip__vendor_cachecontrol___pycache___wrapper.cpython-313.pyc,.pyc,0.002,363,363,0
FOLDER_711_Documents_SQA_.venv_Lib_site-packages_pip__vendor_cachecontrol___pycache____cmd.cpython-313.pyc,.pyc,0.003,363,363,0
FOLDER_712_Documents_SQA_.venv_Lib_site-packages_pip__vendor_cachecontrol___pycache_____init__.cpython-313.pyc,.pyc,0.001,363,363,0
FOLDER_713_Documents_SQA_.venv_Lib_site-packages_pip__vendor_cachecontrol_caches_file_cache.py,.py,0.004,363,363,0
FOLDER_714_Documents_SQA_.venv_Lib_site-packages_pip__vendor_cachecontrol_caches_redis_cache.py,.py,0.001,363,363,0
FOLDER_715_Documents_SQA_.venv_Lib_site-packages_pip__vendor_cachecontrol_caches___init__.py,.py,0.001,363,363,0
FOLDER_716_Documents_SQA_.venv_Lib_site-packages_pip__vendor_cachecontrol_caches___pycache___file_cache.cpython-313.pyc,.pyc,0.007,363,363,0
FOLDER_717_Documents_SQA_.venv_Lib_site-packages_pip__vendor_cachecontrol_caches___pycache___redis_cache.cpython-313.pyc,.pyc,0.003,363,363,0
FOLDER_718_Documents_SQA_.venv_Lib_site-packages_pip__vendor_cachecontrol_caches___pycache_____init__.cpython-313.pyc,.pyc,0.001,363,363,0
FOLDER_719_Documents_SQA_.venv_Lib_site-packages_pip__internal_build_env.py,.py,0.011,363,363,0
FOLDER_720_Documents_SQA_.venv_Lib_site-packages_pip__internal_cache.py,.py,0.01,363,363,0
FOLDER_721_Documents_SQA_.venv_Lib_site-packages_pip__internal_configuration.py,.py,0.014,363,363,0
FOLDER_722_Documents_SQA_.venv_Lib_site-packages_pip__internal_exceptions.py,.py,0.028,363,363,0
FOLDER_723_Documents_SQA_.venv_Lib_site-packages_pip__internal_main.py,.py,0.001,363,363,0
FOLDER_724_Documents_SQA_.venv_Lib_site-packages_pip__internal_pyproject.py,.py,0.007,363,363,0
FOLDER_725_Documents_SQA_.venv_Lib_site-packages_pip__internal_self_outdated_check.py,.py,0.008,363,363,0
FOLDER_726_Documents_SQA_.venv_Lib_site-packages_pip__internal_wheel_builder.py,.py,0.011,363,363,0
FOLDER_727_Documents_SQA_.venv_Lib_site-packages_pip__internal___init__.py,.py,0.001,363,363,0
FOLDER_728_Documents_SQA_.venv_Lib_site-packages_pip__internal___pycache___build_env.cpython-313.pyc,.pyc,0.015,363,363,0
FOLDER_729_Documents_SQA_.venv_Lib_site-packages_pip__internal___pycache___cache.cpython-313.pyc,.pyc,0.012,363,363,0
FOLDER_730_Documents_SQA_.venv_Lib_site-packages_pip__internal___pycache___configuration.cpython-313.pyc,.pyc,0.018,363,363,0
FOLDER_731_Documents_SQA_.venv_Lib_site-packages_pip__internal___pycache___exceptions.cpython-313.pyc,.pyc,0.038,363,363,0
FOLDER_732_Documents_SQA_.venv_Lib_site-packages_pip__internal___pycache___main.cpython-313.pyc,.pyc,0.001,363,363,0
FOLDER_733_Documents_SQA_.venv_Lib_site-packages_pip__internal___pycache___pyproject.cpython-313.pyc,.pyc,0.005,363,363,0
FOLDER_734_Documents_SQA_.venv_Lib_site-packages_pip__internal___pycache___self_outdated_check.cpython-313.pyc,.pyc,0.01,363,363,0
FOLDER_735_Documents_SQA_.venv_Lib_site-packages_pip__internal___pycache___wheel_builder.cpython-313.pyc,.pyc,0.013,363,363,0
FOLDER_736_Documents_SQA_.venv_Lib_site-packages_pip__internal___pycache_____init__.cpython-313.pyc,.pyc,0.001,363,363,0
FOLDER_737_Documents_SQA_.venv_Lib_site-packages_pip__internal_vcs_bazaar.py,.py,0.004,363,363,0
FOLDER_738_Documents_SQA_.venv_Lib_site-packages_pip__internal_vcs_git.py,.py,0.018,363,363,0
FOLDER_739_Documents_SQA_.venv_Lib_site-packages_pip__internal_vcs_mercurial.py,.py,0.005,363,363,0
FOLDER_740_Documents_SQA_.venv_Lib_site-packages_pip__internal_vcs_subversion.py,.py,0.011,363,363,0
FOLDER_741_Documents_SQA_.venv_Lib_site-packages_pip__internal_vcs_versioncontrol.py,.py,0.021,363,363,0
FOLDER_742_Documents_SQA_.venv_Lib_site-packages_pip__internal_vcs___init__.py,.py,0.001,363,363,0
FOLDER_743_Documents_SQA_.venv_Lib_site-packages_pip__internal_vcs___pycache___bazaar.cpython-313.pyc,.pyc,0.005,363,363,0
FOLDER_744_Documents_SQA_.venv_Lib_site-packages_pip__internal_vcs___pycache___git.cpython-313.pyc,.pyc,0.019,363,363,0
FOLDER_745_Documents_SQA_.venv_Lib_site-packages_pip__internal_vcs___pycache___mercurial.cpython-313.pyc,.pyc,0.007,363,363,0
FOLDER_746_Documents_SQA_.venv_Lib_site-packages_pip__internal_vcs___pycache___subversion.cpython-313.pyc,.pyc,0.012,363,363,0
FOLDER_747_Documents_SQA_.venv_Lib_site-packages_pip__internal_vcs___pycache___versioncontrol.cpython-313.pyc,.pyc,0.027,363,363,0
FOLDER_748_Documents_SQA_.venv_Lib_site-packages_pip__internal_vcs___pycache_____init__.cpython-313.pyc,.pyc,0.001,363,363,0
FOLDER_749_Documents_SQA_.venv_Lib_site-packages_pip__internal_utils_appdirs.py,.py,0.002,363,363,0
FOLDER_750_Documents_SQA_.venv_Lib_site-packages_pip__internal_utils_compat.py,.py,0.002,363,363,0
FOLDER_751_Documents_SQA_.venv_Lib_site-packages_pip__internal_utils_compatibility_tags.py,.py,0.006,363,363,0
FOLDER_752_Documents_SQA_.venv_Lib_site-packages_pip__internal_utils_datetime.py,.py,0.001,363,363,0
FOLDER_753_Documents_SQA_.venv_Lib_site-packages_pip__internal_utils_deprecation.py,.py,0.004,363,363,0
FOLDER_754_Documents_SQA_.venv_Lib_site-packages_pip__internal_utils_direct_url_helpers.py,.py,0.003,363,363,0
FOLDER_755_Documents_SQA_.venv_Lib_site-packages_pip__internal_utils_egg_link.py,.py,0.002,363,363,0
FOLDER_756_Documents_SQA_.venv_Lib_site-packages_pip__internal_utils_entrypoints.py,.py,0.003,363,363,0
FOLDER_757_Documents_SQA_.venv_Lib_site-packages_pip__internal_utils_filesystem.py,.py,0.005,363,363,0
FOLDER_758_Documents_SQA_.venv_Lib_site-packages_pip__internal_utils_filetypes.py,.py,0.001,363,363,0
FOLDER_759_Documents_SQA_.venv_Lib_site-packages_pip__internal_utils_glibc.py,.py,0.004,363,363,0
FOLDER_760_Documents_SQA_.venv_Lib_site-packages_pip__internal_utils_hashes.py,.py,0.005,363,363,0
FOLDER_761_Documents_SQA_.venv_Lib_site-packages_pip__internal_utils_logging.py,.py,0.012,363,363,0
FOLDER_762_Documents_SQA_.venv_Lib_site-packages_pip__internal_utils_misc.py,.py,0.022,363,363,0
FOLDER_763_Documents_SQA_.venv_Lib_site-packages_pip__internal_utils_packaging.py,.py,0.002,363,363,0
FOLDER_764_Documents_SQA_.venv_Lib_site-packages_pip__internal_utils_retry.py,.py,0.001,363,363,0
FOLDER_765_Documents_SQA_.venv_Lib_site-packages_pip__internal_utils_setuptools_build.py,.py,0.004,363,363,0
FOLDER_766_Documents_SQA_.venv_Lib_site-packages_pip__internal_utils_subprocess.py,.py,0.009,363,363,0
FOLDER_767_Documents_SQA_.venv_Lib_site-packages_pip__internal_utils_temp_dir.py,.py,0.009,363,363,0
FOLDER_768_Documents_SQA_.venv_Lib_site-packages_pip__internal_utils_unpacking.py,.py,0.011,363,363,0
FOLDER_769_Documents_SQA_.venv_Lib_site-packages_pip__internal_utils_urls.py,.py,0.002,363,363,0
FOLDER_770_Documents_SQA_.venv_Lib_site-packages_pip__internal_utils_virtualenv.py,.py,0.003,363,363,0
FOLDER_771_Documents_SQA_.venv_Lib_site-packages_pip__internal_utils_wheel.py,.py,0.004,363,363,0
FOLDER_772_Documents_SQA_.venv_Lib_site-packages_pip__internal_utils__jaraco_text.py,.py,0.003,363,363,0
FOLDER_773_Documents_SQA_.venv_Lib_site-packages_pip__internal_utils__log.py,.py,0.001,363,363,0
FOLDER_774_Documents_SQA_.venv_Lib_site-packages_pip__internal_utils___init__.py,.py,0.001,363,363,0
FOLDER_775_Documents_SQA_.venv_Lib_site-packages_pip__internal_utils___pycache___appdirs.cpython-313.pyc,.pyc,0.002,363,363,0
FOLDER_776_Documents_SQA_.venv_Lib_site-packages_pip__internal_utils___pycache___compat.cpython-313.pyc,.pyc,0.003,363,363,0
FOLDER_777_Documents_SQA_.venv_Lib_site-packages_pip__internal_utils___pycache___compatibility_tags.cpython-313.pyc,.pyc,0.006,363,363,0
FOLDER_778_Documents_SQA_.venv_Lib_site-packages_pip__internal_utils___pycache___datetime.cpython-313.pyc,.pyc,0.001,363,363,0
FOLDER_779_Documents_SQA_.venv_Lib_site-packages_pip__internal_utils___pycache___deprecation.cpython-313.pyc,.pyc,0.004,363,363,0
FOLDER_780_Documents_SQA_.venv_Lib_site-packages_pip__internal_utils___pycache___direct_url_helpers.cpython-313.pyc,.pyc,0.003,363,363,0
FOLDER_781_Documents_SQA_.venv_Lib_site-packages_pip__internal_utils___pycache___egg_link.cpython-313.pyc,.pyc,0.003,363,363,0
FOLDER_782_Documents_SQA_.venv_Lib_site-packages_pip__internal_utils___pycache___entrypoints.cpython-313.pyc,.pyc,0.004,363,363,0
FOLDER_783_Documents_SQA_.venv_Lib_site-packages_pip__internal_utils___pycache___filesystem.cpython-313.pyc,.pyc,0.007,363,363,0
FOLDER_784_Documents_SQA_.venv_Lib_site-packages_pip__internal_utils___pycache___filetypes.cpython-313.pyc,.pyc,0.001,363,363,0
FOLDER_785_Documents_SQA_.venv_Lib_site-packages_pip__internal_utils___pycache___glibc.cpython-313.pyc,.pyc,0.002,363,363,0
FOLDER_786_Documents_SQA_.venv_Lib_site-packages_pip__internal_utils___pycache___hashes.cpython-313.pyc,.pyc,0.007,363,363,0
FOLDER_787_Documents_SQA_.venv_Lib_site-packages_pip__internal_utils___pycache___logging.cpython-313.pyc,.pyc,0.014,363,363,0
FOLDER_788_Documents_SQA_.venv_Lib_site-packages_pip__internal_utils___pycache___misc.cpython-313.pyc,.pyc,0.031,363,363,0
FOLDER_789_Documents_SQA_.venv_Lib_site-packages_pip__internal_utils___pycache___packaging.cpython-313.pyc,.pyc,0.002,363,363,0
FOLDER_790_Documents_SQA_.venv_Lib_site-packages_pip__internal_utils___pycache___retry.cpython-313.pyc,.pyc,0.002,363,363,0
FOLDER_791_Documents_SQA_.venv_Lib_site-packages_pip__internal_utils___pycache___setuptools_build.cpython-313.pyc,.pyc,0.004,363,363,0
FOLDER_792_Documents_SQA_.venv_Lib_site-packages_pip__internal_utils___pycache___subprocess.cpython-313.pyc,.pyc,0.008,363,363,0
FOLDER_793_Documents_SQA_.venv_Lib_site-packages_pip__internal_utils___pycache___temp_dir.cpython-313.pyc,.pyc,0.011,363,363,0
FOLDER_794_Documents_SQA_.venv_Lib_site-packages_pip__internal_utils___pycache___unpacking.cpython-313.pyc,.pyc,0.013,363,363,0
FOLDER_795_Documents_SQA_.venv_Lib_site-packages_pip__internal_utils___pycache___urls.cpython-313.pyc,.pyc,0.002,363,363,0
FOLDER_796_Documents_SQA_.venv_Lib_site-packages_pip__internal_utils___pycache___virtualenv.cpython-313.pyc,.pyc,0.004,363,363,0
FOLDER_797_Documents_SQA_.venv_Lib_site-packages_pip__internal_utils___pycache___wheel.cpython-313.pyc,.pyc,0.006,363,363,0
FOLDER_798_Documents_SQA_.venv_Lib_site-packages_pip__internal_utils___pycache____jaraco_text.cpython-313.pyc,.pyc,0.004,363,363,0
FOLDER_799_Documents_SQA_.venv_Lib_site-packages_pip__internal_utils___pycache____log.cpython-313.pyc,.pyc,0.002,363,363,0
FOLDER_800_Documents_SQA_.venv_Lib_site-packages_pip__internal_utils___pycache_____init__.cpython-313.pyc,.pyc,0.001,363,363,0
FOLDER_801_Documents_SQA_.venv_Lib_site-packages_pip__internal_resolution_base.py,.py,0.001,363,363,0
FOLDER_802_Documents_SQA_.venv_Lib_site-packages_pip__internal_resolution___init__.py,.py,0.001,363,363,0
FOLDER_803_Documents_SQA_.venv_Lib_site-packages_pip__internal_resolution___pycache___base.cpython-313.pyc,.pyc,0.001,363,363,0
FOLDER_804_Documents_SQA_.venv_Lib_site-packages_pip__internal_resolution___pycache_____init__.cpython-313.pyc,.pyc,0.001,363,363,0
FOLDER_805_Documents_SQA_.venv_Lib_site-packages_pip__internal_resolution_resolvelib_base.py,.py,0.005,363,363,0
FOLDER_806_Documents_SQA_.venv_Lib_site-packages_pip__internal_resolution_resolvelib_candidates.py,.py,0.019,363,363,0
FOLDER_807_Documents_SQA_.venv_Lib_site-packages_pip__internal_resolution_resolvelib_factory.py,.py,0.031,363,363,0
FOLDER_808_Documents_SQA_.venv_Lib_site-packages_pip__internal_resolution_resolvelib_found_candidates.py,.py,0.006,363,363,0
FOLDER_809_Documents_SQA_.venv_Lib_site-packages_pip__internal_resolution_resolvelib_provider.py,.py,0.011,363,363,0
FOLDER_810_Documents_SQA_.venv_Lib_site-packages_pip__internal_resolution_resolvelib_reporter.py,.py,0.003,363,363,0
FOLDER_811_Documents_SQA_.venv_Lib_site-packages_pip__internal_resolution_resolvelib_requirements.py,.py,0.008,363,363,0
FOLDER_812_Documents_SQA_.venv_Lib_site-packages_pip__internal_resolution_resolvelib_resolver.py,.py,0.013,363,363,0
FOLDER_813_Documents_SQA_.venv_Lib_site-packages_pip__internal_resolution_resolvelib___init__.py,.py,0.001,363,363,0
FOLDER_814_Documents_SQA_.venv_Lib_site-packages_pip__internal_resolution_resolvelib___pycache___base.cpython-313.pyc,.pyc,0.008,363,363,0
FOLDER_815_Documents_SQA_.venv_Lib_site-packages_pip__internal_resolution_resolvelib___pycache___candidates.cpython-313.pyc,.pyc,0.028,363,363,0
FOLDER_816_Documents_SQA_.venv_Lib_site-packages_pip__internal_resolution_resolvelib___pycache___factory.cpython-313.pyc,.pyc,0.032,363,363,0
FOLDER_817_Documents_SQA_.venv_Lib_site-packages_pip__internal_resolution_resolvelib___pycache___found_candidates.cpython-313.pyc,.pyc,0.006,363,363,0
FOLDER_818_Documents_SQA_.venv_Lib_site-packages_pip__internal_resolution_resolvelib___pycache___provider.cpython-313.pyc,.pyc,0.01,363,363,0
FOLDER_819_Documents_SQA_.venv_Lib_site-packages_pip__internal_resolution_resolvelib___pycache___reporter.cpython-313.pyc,.pyc,0.005,363,363,0
FOLDER_820_Documents_SQA_.venv_Lib_site-packages_pip__internal_resolution_resolvelib___pycache___requirements.cpython-313.pyc,.pyc,0.014,363,363,0
FOLDER_821_Documents_SQA_.venv_Lib_site-packages_pip__internal_resolution_resolvelib___pycache___resolver.cpython-313.pyc,.pyc,0.012,363,363,0
FOLDER_822_Documents_SQA_.venv_Lib_site-packages_pip__internal_resolution_resolvelib___pycache_____init__.cpython-313.pyc,.pyc,0.001,363,363,0
FOLDER_823_Documents_SQA_.venv_Lib_site-packages_pip__internal_resolution_legacy_resolver.py,.py,0.023,363,363,0
FOLDER_824_Documents_SQA_.venv_Lib_site-packages_pip__internal_resolution_legacy___init__.py,.py,0.001,363,363,0
FOLDER_825_Documents_SQA_.venv_Lib_site-packages_pip__internal_resolution_legacy___pycache___resolver.cpython-313.pyc,.pyc,0.022,363,363,0
FOLDER_826_Documents_SQA_.venv_Lib_site-packages_pip__internal_resolution_legacy___pycache_____init__.cpython-313.pyc,.pyc,0.001,363,363,0
FOLDER_827_Documents_SQA_.venv_Lib_site-packages_pip__internal_req_constructors.py,.py,0.017,363,363,0
FOLDER_828_Documents_SQA_.venv_Lib_site-packages_pip__internal_req_req_dependency_group.py,.py,0.002,363,363,0
FOLDER_829_Documents_SQA_.venv_Lib_site-packages_pip__internal_req_req_file.py,.py,0.019,363,363,0
FOLDER_830_Documents_SQA_.venv_Lib_site-packages_pip__internal_req_req_install.py,.py,0.034,363,363,0
FOLDER_831_Documents_SQA_.venv_Lib_site-packages_pip__internal_req_req_set.py,.py,0.003,363,363,0
FOLDER_832_Documents_SQA_.venv_Lib_site-packages_pip__internal_req_req_uninstall.py,.py,0.023,363,363,0
FOLDER_833_Documents_SQA_.venv_Lib_site-packages_pip__internal_req___init__.py,.py,0.003,363,363,0
FOLDER_834_Documents_SQA_.venv_Lib_site-packages_pip__internal_req___pycache___constructors.cpython-313.pyc,.pyc,0.02,363,363,0
FOLDER_835_Documents_SQA_.venv_Lib_site-packages_pip__internal_req___pycache___req_dependency_group.cpython-313.pyc,.pyc,0.004,363,363,0
FOLDER_836_Documents_SQA_.venv_Lib_site-packages_pip__internal_req___pycache___req_file.cpython-313.pyc,.pyc,0.023,363,363,0
FOLDER_837_Documents_SQA_.venv_Lib_site-packages_pip__internal_req___pycache___req_install.cpython-313.pyc,.pyc,0.037,363,363,0
FOLDER_838_Documents_SQA_.venv_Lib_site-packages_pip__internal_req___pycache___req_set.cpython-313.pyc,.pyc,0.005,363,363,0
FOLDER_839_Documents_SQA_.venv_Lib_site-packages_pip__internal_req___pycache___req_uninstall.cpython-313.pyc,.pyc,0.031,363,363,0
FOLDER_840_Documents_SQA_.venv_Lib_site-packages_pip__internal_req___pycache_____init__.cpython-313.pyc,.pyc,0.004,363,363,0
FOLDER_841_Documents_SQA_.venv_Lib_site-packages_pip__internal_operations_check.py,.py,0.006,363,363,0
FOLDER_842_Documents_SQA_.venv_Lib_site-packages_pip__internal_operations_freeze.py,.py,0.009,363,363,0
FOLDER_843_Documents_SQA_.venv_Lib_site-packages_pip__internal_operations_prepare.py,.py,0.027,363,363,0
FOLDER_844_Documents_SQA_.venv_Lib_site-packages_pip__internal_operations___init__.py,.py,0.001,363,363,0
FOLDER_845_Documents_SQA_.venv_Lib_site-packages_pip__internal_operations___pycache___check.cpython-313.pyc,.pyc,0.007,363,363,0
FOLDER_846_Documents_SQA_.venv_Lib_site-packages_pip__internal_operations___pycache___freeze.cpython-313.pyc,.pyc,0.01,363,363,0
FOLDER_847_Documents_SQA_.venv_Lib_site-packages_pip__internal_operations___pycache___prepare.cpython-313.pyc,.pyc,0.026,363,363,0
FOLDER_848_Documents_SQA_.venv_Lib_site-packages_pip__internal_operations___pycache_____init__.cpython-313.pyc,.pyc,0.001,363,363,0
FOLDER_849_Documents_SQA_.venv_Lib_site-packages_pip__internal_operations_install_editable_legacy.py,.py,0.001,363,363,0
FOLDER_850_Documents_SQA_.venv_Lib_site-packages_pip__internal_operations_install_wheel.py,.py,0.027,363,363,0
FOLDER_851_Documents_SQA_.venv_Lib_site-packages_pip__internal_operations_install___init__.py,.py,0.001,363,363,0
FOLDER_852_Documents_SQA_.venv_Lib_site-packages_pip__internal_operations_install___pycache___editable_legacy.cpython-313.pyc,.pyc,0.002,363,363,0
FOLDER_853_Documents_SQA_.venv_Lib_site-packages_pip__internal_operations_install___pycache___wheel.cpython-313.pyc,.pyc,0.033,363,363,0
FOLDER_854_Documents_SQA_.venv_Lib_site-packages_pip__internal_operations_install___pycache_____init__.cpython-313.pyc,.pyc,0.001,363,363,0
FOLDER_855_Documents_SQA_.venv_Lib_site-packages_pip__internal_operations_build_build_tracker.py,.py,0.005,363,363,0
FOLDER_856_Documents_SQA_.venv_Lib_site-packages_pip__internal_operations_build_metadata.py,.py,0.001,363,363,0
FOLDER_857_Documents_SQA_.venv_Lib_site-packages_pip__internal_operations_build_metadata_editable.py,.py,0.001,363,363,0
FOLDER_858_Documents_SQA_.venv_Lib_site-packages_pip__internal_operations_build_metadata_legacy.py,.py,0.002,363,363,0
FOLDER_859_Documents_SQA_.venv_Lib_site-packages_pip__internal_operations_build_wheel.py,.py,0.001,363,363,0
FOLDER_860_Documents_SQA_.venv_Lib_site-packages_pip__internal_operations_build_wheel_editable.py,.py,0.001,363,363,0
FOLDER_861_Documents_SQA_.venv_Lib_site-packages_pip__internal_operations_build_wheel_legacy.py,.py,0.003,363,363,0
FOLDER_862_Documents_SQA_.venv_Lib_site-packages_pip__internal_operations_build___init__.py,.py,0.001,363,363,0
FOLDER_863_Documents_SQA_.venv_Lib_site-packages_pip__internal_operations_build___pycache___build_tracker.cpython-313.pyc,.pyc,0.007,363,363,0
FOLDER_864_Documents_SQA_.venv_Lib_site-packages_pip__internal_operations_build___pycache___metadata.cpython-313.pyc,.pyc,0.002,363,363,0
FOLDER_865_Documents_SQA_.venv_Lib_site-packages_pip__internal_operations_build___pycache___metadata_editable.cpython-313.pyc,.pyc,0.002,363,363,0
FOLDER_866_Documents_SQA_.venv_Lib_site-packages_pip__internal_operations_build___pycache___metadata_legacy.cpython-313.pyc,.pyc,0.003,363,363,0
FOLDER_867_Documents_SQA_.venv_Lib_site-packages_pip__internal_operations_build___pycache___wheel.cpython-313.pyc,.pyc,0.002,363,363,0
FOLDER_868_Documents_SQA_.venv_Lib_site-packages_pip__internal_operations_build___pycache___wheel_editable.cpython-313.pyc,.pyc,0.002,363,363,0
FOLDER_869_Documents_SQA_.venv_Lib_site-packages_pip__internal_operations_build___pycache___wheel_legacy.cpython-313.pyc,.pyc,0.004,363,363,0
FOLDER_870_Documents_SQA_.venv_Lib_site-packages_pip__internal_operations_build___pycache_____init__.cpython-313.pyc,.pyc,0.001,363,363,0
FOLDER_871_Documents_SQA_.venv_Lib_site-packages_pip__internal_network_auth.py,.py,0.02,363,363,0
FOLDER_872_Documents_SQA_.venv_Lib_site-packages_pip__internal_network_cache.py,.py,0.005,363,363,0
FOLDER_873_Documents_SQA_.venv_Lib_site-packages_pip__internal_network_download.py,.py,0.012,363,363,0
FOLDER_874_Documents_SQA_.venv_Lib_site-packages_pip__internal_network_lazy_wheel.py,.py,0.007,363,363,0
FOLDER_875_Documents_SQA_.venv_Lib_site-packages_pip__internal_network_session.py,.py,0.018,363,363,0
FOLDER_876_Documents_SQA_.venv_Lib_site-packages_pip__internal_network_utils.py,.py,0.004,363,363,0
FOLDER_877_Documents_SQA_.venv_Lib_site-packages_pip__internal_network_xmlrpc.py,.py,0.002,363,363,0
FOLDER_878_Documents_SQA_.venv_Lib_site-packages_pip__internal_network___init__.py,.py,0.001,363,363,0
FOLDER_879_Documents_SQA_.venv_Lib_site-packages_pip__internal_network___pycache___auth.cpython-313.pyc,.pyc,0.021,363,363,0
FOLDER_880_Documents_SQA_.venv_Lib_site-packages_pip__internal_network___pycache___cache.cpython-313.pyc,.pyc,0.008,363,363,0
FOLDER_881_Documents_SQA_.venv_Lib_site-packages_pip__internal_network___pycache___download.cpython-313.pyc,.pyc,0.016,363,363,0
FOLDER_882_Documents_SQA_.venv_Lib_site-packages_pip__internal_network___pycache___lazy_wheel.cpython-313.pyc,.pyc,0.011,363,363,0
FOLDER_883_Documents_SQA_.venv_Lib_site-packages_pip__internal_network___pycache___session.cpython-313.pyc,.pyc,0.019,363,363,0
FOLDER_884_Documents_SQA_.venv_Lib_site-packages_pip__internal_network___pycache___utils.cpython-313.pyc,.pyc,0.002,363,363,0
FOLDER_885_Documents_SQA_.venv_Lib_site-packages_pip__internal_network___pycache___xmlrpc.cpython-313.pyc,.pyc,0.003,363,363,0
FOLDER_886_Documents_SQA_.venv_Lib_site-packages_pip__internal_network___pycache_____init__.cpython-313.pyc,.pyc,0.001,363,363,0
FOLDER_887_Documents_SQA_.venv_Lib_site-packages_pip__internal_models_candidate.py,.py,0.001,363,363,0
FOLDER_888_Documents_SQA_.venv_Lib_site-packages_pip__internal_models_direct_url.py,.py,0.006,363,363,0
FOLDER_889_Documents_SQA_.venv_Lib_site-packages_pip__internal_models_format_control.py,.py,0.002,363,363,0
FOLDER_890_Documents_SQA_.venv_Lib_site-packages_pip__internal_models_index.py,.py,0.001,363,363,0
FOLDER_891_Documents_SQA_.venv_Lib_site-packages_pip__internal_models_installation_report.py,.py,0.003,363,363,0
FOLDER_892_Documents_SQA_.venv_Lib_site-packages_pip__internal_models_link.py,.py,0.021,363,363,0
FOLDER_893_Documents_SQA_.venv_Lib_site-packages_pip__internal_models_pylock.py,.py,0.006,363,363,0
FOLDER_894_Documents_SQA_.venv_Lib_site-packages_pip__internal_models_scheme.py,.py,0.001,363,363,0
FOLDER_895_Documents_SQA_.venv_Lib_site-packages_pip__internal_models_search_scope.py,.py,0.004,363,363,0
FOLDER_896_Documents_SQA_.venv_Lib_site-packages_pip__internal_models_selection_prefs.py,.py,0.002,363,363,0
FOLDER_897_Documents_SQA_.venv_Lib_site-packages_pip__internal_models_target_python.py,.py,0.004,363,363,0
FOLDER_898_Documents_SQA_.venv_Lib_site-packages_pip__internal_models_wheel.py,.py,0.005,363,363,0
FOLDER_899_Documents_SQA_.venv_Lib_site-packages_pip__internal_models___init__.py,.py,0.001,363,363,0
FOLDER_900_Documents_SQA_.venv_Lib_site-packages_pip__internal_models___pycache___candidate.cpython-313.pyc,.pyc,0.002,363,363,0
FOLDER_901_Documents_SQA_.venv_Lib_site-packages_pip__internal_models___pycache___direct_url.cpython-313.pyc,.pyc,0.01,363,363,0
FOLDER_902_Documents_SQA_.venv_Lib_site-packages_pip__internal_models___pycache___format_control.cpython-313.pyc,.pyc,0.004,363,363,0
FOLDER_903_Documents_SQA_.venv_Lib_site-packages_pip__internal_models___pycache___index.cpython-313.pyc,.pyc,0.002,363,363,0
FOLDER_904_Documents_SQA_.venv_Lib_site-packages_pip__internal_models___pycache___installation_report.cpython-313.pyc,.pyc,0.002,363,363,0
FOLDER_905_Documents_SQA_.venv_Lib_site-packages_pip__internal_models___pycache___link.cpython-313.pyc,.pyc,0.025,363,363,0
FOLDER_906_Documents_SQA_.venv_Lib_site-packages_pip__internal_models___pycache___pylock.cpython-313.pyc,.pyc,0.008,363,363,0
FOLDER_907_Documents_SQA_.venv_Lib_site-packages_pip__internal_models___pycache___scheme.cpython-313.pyc,.pyc,0.001,363,363,0
FOLDER_908_Documents_SQA_.venv_Lib_site-packages_pip__internal_models___pycache___search_scope.cpython-313.pyc,.pyc,0.005,363,363,0
FOLDER_909_Documents_SQA_.venv_Lib_site-packages_pip__internal_models___pycache___selection_prefs.cpython-313.pyc,.pyc,0.002,363,363,0
FOLDER_910_Documents_SQA_.venv_Lib_site-packages_pip__internal_models___pycache___target_python.cpython-313.pyc,.pyc,0.005,363,363,0
FOLDER_911_Documents_SQA_.venv_Lib_site-packages_pip__internal_models___pycache___wheel.cpython-313.pyc,.pyc,0.007,363,363,0
FOLDER_912_Documents_SQA_.venv_Lib_site-packages_pip__internal_models___pycache_____init__.cpython-313.pyc,.pyc,0.001,363,363,0
FOLDER_913_Documents_SQA_.venv_Lib_site-packages_pip__internal_metadata_base.py,.py,0.024,363,363,0
FOLDER_914_Documents_SQA_.venv_Lib_site-packages_pip__internal_metadata_pkg_resources.py,.py,0.01,363,363,0
FOLDER_915_Documents_SQA_.venv_Lib_site-packages_pip__internal_metadata__json.py,.py,0.003,363,363,0
FOLDER_916_Documents_SQA_.venv_Lib_site-packages_pip__internal_metadata___init__.py,.py,0.005,363,363,0
FOLDER_917_Documents_SQA_.venv_Lib_site-packages_pip__internal_metadata___pycache___base.cpython-313.pyc,.pyc,0.032,363,363,0
FOLDER_918_Documents_SQA_.venv_Lib_site-packages_pip__internal_metadata___pycache___pkg_resources.cpython-313.pyc,.pyc,0.015,363,363,0
FOLDER_919_Documents_SQA_.venv_Lib_site-packages_pip__internal_metadata___pycache____json.cpython-313.pyc,.pyc,0.003,363,363,0
FOLDER_920_Documents_SQA_.venv_Lib_site-packages_pip__internal_metadata___pycache_____init__.cpython-313.pyc,.pyc,0.006,363,363,0
FOLDER_921_Documents_SQA_.venv_Lib_site-packages_pip__internal_metadata_importlib__compat.py,.py,0.003,363,363,0
FOLDER_922_Documents_SQA_.venv_Lib_site-packages_pip__internal_metadata_importlib__dists.py,.py,0.008,363,363,0
FOLDER_923_Documents_SQA_.venv_Lib_site-packages_pip__internal_metadata_importlib__envs.py,.py,0.005,363,363,0
FOLDER_924_Documents_SQA_.venv_Lib_site-packages_pip__internal_metadata_importlib___init__.py,.py,0.001,363,363,0
FOLDER_925_Documents_SQA_.venv_Lib_site-packages_pip__internal_metadata_importlib___pycache____compat.cpython-313.pyc,.pyc,0.004,363,363,0
FOLDER_926_Documents_SQA_.venv_Lib_site-packages_pip__internal_metadata_importlib___pycache____dists.cpython-313.pyc,.pyc,0.012,363,363,0
FOLDER_927_Documents_SQA_.venv_Lib_site-packages_pip__internal_metadata_importlib___pycache____envs.cpython-313.pyc,.pyc,0.008,363,363,0
FOLDER_928_Documents_SQA_.venv_Lib_site-packages_pip__internal_metadata_importlib___pycache_____init__.cpython-313.pyc,.pyc,0.001,363,363,0
FOLDER_929_Documents_SQA_.venv_Lib_site-packages_pip__internal_locations_base.py,.py,0.002,363,363,0
FOLDER_930_Documents_SQA_.venv_Lib_site-packages_pip__internal_locations__distutils.py,.py,0.006,363,363,0
FOLDER_931_Documents_SQA_.venv_Lib_site-packages_pip__internal_locations__sysconfig.py,.py,0.007,363,363,0
FOLDER_932_Documents_SQA_.venv_Lib_site-packages_pip__internal_locations___init__.py,.py,0.014,363,363,0
FOLDER_933_Documents_SQA_.venv_Lib_site-packages_pip__internal_locations___pycache___base.cpython-313.pyc,.pyc,0.004,363,363,0
FOLDER_934_Documents_SQA_.venv_Lib_site-packages_pip__internal_locations___pycache____distutils.cpython-313.pyc,.pyc,0.007,363,363,0
FOLDER_935_Documents_SQA_.venv_Lib_site-packages_pip__internal_locations___pycache____sysconfig.cpython-313.pyc,.pyc,0.008,363,363,0
FOLDER_936_Documents_SQA_.venv_Lib_site-packages_pip__internal_locations___pycache_____init__.cpython-313.pyc,.pyc,0.015,363,363,0
FOLDER_937_Documents_SQA_.venv_Lib_site-packages_pip__internal_index_collector.py,.py,0.015,363,363,0
FOLDER_938_Documents_SQA_.venv_Lib_site-packages_pip__internal_index_package_finder.py,.py,0.037,363,363,0
FOLDER_939_Documents_SQA_.venv_Lib_site-packages_pip__internal_index_sources.py,.py,0.008,363,363,0
FOLDER_940_Documents_SQA_.venv_Lib_site-packages_pip__internal_index___init__.py,.py,0.001,363,363,0
FOLDER_941_Documents_SQA_.venv_Lib_site-packages_pip__internal_index___pycache___collector.cpython-313.pyc,.pyc,0.02,363,363,0
FOLDER_942_Documents_SQA_.venv_Lib_site-packages_pip__internal_index___pycache___package_finder.cpython-313.pyc,.pyc,0.04,363,363,0
FOLDER_943_Documents_SQA_.venv_Lib_site-packages_pip__internal_index___pycache___sources.cpython-313.pyc,.pyc,0.012,363,363,0
FOLDER_944_Documents_SQA_.venv_Lib_site-packages_pip__internal_index___pycache_____init__.cpython-313.pyc,.pyc,0.001,363,363,0
FOLDER_945_Documents_SQA_.venv_Lib_site-packages_pip__internal_distributions_base.py,.py,0.002,363,363,0
FOLDER_946_Documents_SQA_.venv_Lib_site-packages_pip__internal_distributions_installed.py,.py,0.001,363,363,0
FOLDER_947_Documents_SQA_.venv_Lib_site-packages_pip__internal_distributions_sdist.py,.py,0.007,363,363,0
FOLDER_948_Documents_SQA_.venv_Lib_site-packages_pip__internal_distributions_wheel.py,.py,0.001,363,363,0
FOLDER_949_Documents_SQA_.venv_Lib_site-packages_pip__internal_distributions___init__.py,.py,0.001,363,363,0
FOLDER_950_Documents_SQA_.venv_Lib_site-packages_pip__internal_distributions___pycache___base.cpython-313.pyc,.pyc,0.003,363,363,0
FOLDER_951_Documents_SQA_.venv_Lib_site-packages_pip__internal_distributions___pycache___installed.cpython-313.pyc,.pyc,0.002,363,363,0
FOLDER_952_Documents_SQA_.venv_Lib_site-packages_pip__internal_distributions___pycache___sdist.cpython-313.pyc,.pyc,0.008,363,363,0
FOLDER_953_Documents_SQA_.venv_Lib_site-packages_pip__internal_distributions___pycache___wheel.cpython-313.pyc,.pyc,0.002,363,363,0
FOLDER_954_Documents_SQA_.venv_Lib_site-packages_pip__internal_distributions___pycache_____init__.cpython-313.pyc,.pyc,0.001,363,363,0
FOLDER_955_Documents_SQA_.venv_Lib_site-packages_pip__internal_commands_cache.py,.py,0.008,363,363,0
FOLDER_956_Documents_SQA_.venv_Lib_site-packages_pip__internal_commands_check.py,.py,0.002,363,363,0
FOLDER_957_Documents_SQA_.venv_Lib_site-packages_pip__internal_commands_completion.py,.py,0.004,363,363,0
FOLDER_958_Documents_SQA_.venv_Lib_site-packages_pip__internal_commands_configuration.py,.py,0.01,363,363,0
FOLDER_959_Documents_SQA_.venv_Lib_site-packages_pip__internal_commands_debug.py,.py,0.006,363,363,0
FOLDER_960_Documents_SQA_.venv_Lib_site-packages_pip__internal_commands_download.py,.py,0.005,363,363,0
FOLDER_961_Documents_SQA_.venv_Lib_site-packages_pip__internal_commands_freeze.py,.py,0.003,363,363,0
FOLDER_962_Documents_SQA_.venv_Lib_site-packages_pip__internal_commands_hash.py,.py,0.002,363,363,0
FOLDER_963_Documents_SQA_.venv_Lib_site-packages_pip__internal_commands_help.py,.py,0.001,363,363,0
FOLDER_964_Documents_SQA_.venv_Lib_site-packages_pip__internal_commands_index.py,.py,0.005,363,363,0
FOLDER_965_Documents_SQA_.venv_Lib_site-packages_pip__internal_commands_inspect.py,.py,0.003,363,363,0
FOLDER_966_Documents_SQA_.venv_Lib_site-packages_pip__internal_commands_install.py,.py,0.029,363,363,0
FOLDER_967_Documents_SQA_.venv_Lib_site-packages_pip__internal_commands_list.py,.py,0.013,363,363,0
FOLDER_968_Documents_SQA_.venv_Lib_site-packages_pip__internal_commands_lock.py,.py,0.006,363,363,0
FOLDER_969_Documents_SQA_.venv_Lib_site-packages_pip__internal_commands_search.py,.py,0.006,363,363,0
FOLDER_970_Documents_SQA_.venv_Lib_site-packages_pip__internal_commands_show.py,.py,0.008,363,363,0
FOLDER_971_Documents_SQA_.venv_Lib_site-packages_pip__internal_commands_uninstall.py,.py,0.004,363,363,0
FOLDER_972_Documents_SQA_.venv_Lib_site-packages_pip__internal_commands_wheel.py,.py,0.006,363,363,0
FOLDER_973_Documents_SQA_.venv_Lib_site-packages_pip__internal_commands___init__.py,.py,0.004,363,363,0
FOLDER_974_Documents_SQA_.venv_Lib_site-packages_pip__internal_commands___pycache___cache.cpython-313.pyc,.pyc,0.01,363,363,0
FOLDER_975_Documents_SQA_.venv_Lib_site-packages_pip__internal_commands___pycache___check.cpython-313.pyc,.pyc,0.003,363,363,0
FOLDER_976_Documents_SQA_.venv_Lib_site-packages_pip__internal_commands___pycache___completion.cpython-313.pyc,.pyc,0.005,363,363,0
FOLDER_977_Documents_SQA_.venv_Lib_site-packages_pip__internal_commands___pycache___configuration.cpython-313.pyc,.pyc,0.013,363,363,0
FOLDER_978_Documents_SQA_.venv_Lib_site-packages_pip__internal_commands___pycache___debug.cpython-313.pyc,.pyc,0.01,363,363,0
FOLDER_979_Documents_SQA_.venv_Lib_site-packages_pip__internal_commands___pycache___download.cpython-313.pyc,.pyc,0.007,363,363,0
FOLDER_980_Documents_SQA_.venv_Lib_site-packages_pip__internal_commands___pycache___freeze.cpython-313.pyc,.pyc,0.004,363,363,0
FOLDER_981_Documents_SQA_.venv_Lib_site-packages_pip__internal_commands___pycache___hash.cpython-313.pyc,.pyc,0.003,363,363,0
FOLDER_982_Documents_SQA_.venv_Lib_site-packages_pip__internal_commands___pycache___help.cpython-313.pyc,.pyc,0.002,363,363,0
FOLDER_983_Documents_SQA_.venv_Lib_site-packages_pip__internal_commands___pycache___index.cpython-313.pyc,.pyc,0.007,363,363,0
FOLDER_984_Documents_SQA_.venv_Lib_site-packages_pip__internal_commands___pycache___inspect.cpython-313.pyc,.pyc,0.004,363,363,0
FOLDER_985_Documents_SQA_.venv_Lib_site-packages_pip__internal_commands___pycache___install.cpython-313.pyc,.pyc,0.029,363,363,0
FOLDER_986_Documents_SQA_.venv_Lib_site-packages_pip__internal_commands___pycache___list.cpython-313.pyc,.pyc,0.017,363,363,0
FOLDER_987_Documents_SQA_.venv_Lib_site-packages_pip__internal_commands___pycache___lock.cpython-313.pyc,.pyc,0.008,363,363,0
FOLDER_988_Documents_SQA_.venv_Lib_site-packages_pip__internal_commands___pycache___search.cpython-313.pyc,.pyc,0.007,363,363,0
FOLDER_989_Documents_SQA_.venv_Lib_site-packages_pip__internal_commands___pycache___show.cpython-313.pyc,.pyc,0.011,363,363,0
FOLDER_990_Documents_SQA_.venv_Lib_site-packages_pip__internal_commands___pycache___uninstall.cpython-313.pyc,.pyc,0.005,363,363,0
FOLDER_991_Documents_SQA_.venv_Lib_site-packages_pip__internal_commands___pycache___wheel.cpython-313.pyc,.pyc,0.008,363,363,0
FOLDER_992_Documents_SQA_.venv_Lib_site-packages_pip__internal_commands___pycache_____init__.cpython-313.pyc,.pyc,0.004,363,363,0
FOLDER_993_Documents_SQA_.venv_Lib_site-packages_pip__internal_cli_autocompletion.py,.py,0.007,363,363,0
FOLDER_994_Documents_SQA_.venv_Lib_site-packages_pip__internal_cli_base_command.py,.py,0.008,363,363,0
FOLDER_995_Documents_SQA_.venv_Lib_site-packages_pip__internal_cli_cmdoptions.py,.py,0.031,363,363,0
FOLDER_996_Documents_SQA_.venv_Lib_site-packages_pip__internal_cli_command_context.py,.py,0.001,363,363,0
FOLDER_997_Documents_SQA_.venv_Lib_site-packages_pip__internal_cli_index_command.py,.py,0.005,363,363,0
FOLDER_998_Documents_SQA_.venv_Lib_site-packages_pip__internal_cli_main.py,.py,0.003,363,363,0
FOLDER_999_Documents_SQA_.venv_Lib_site-packages_pip__internal_cli_main_parser.py,.py,0.004,363,363,0
FOLDER_1000_Documents_SQA_.venv_Lib_site-packages_pip__internal_cli_parser.py,.py,0.01,363,363,0
FOLDER_1001_Documents_SQA_.venv_Lib_site-packages_pip__internal_cli_progress_bars.py,.py,0.004,363,363,0
FOLDER_1002_Documents_SQA_.venv_Lib_site-packages_pip__internal_cli_req_command.py,.py,0.012,363,363,0
FOLDER_1003_Documents_SQA_.venv_Lib_site-packages_pip__internal_cli_spinners.py,.py,0.007,363,363,0
FOLDER_1004_Documents_SQA_.venv_Lib_site-packages_pip__internal_cli_status_codes.py,.py,0.001,363,363,0
FOLDER_1005_Documents_SQA_.venv_Lib_site-packages_pip__internal_cli___init__.py,.py,0.001,363,363,0
FOLDER_1006_Documents_SQA_.venv_Lib_site-packages_pip__internal_cli___pycache___autocompletion.cpython-313.pyc,.pyc,0.009,363,363,0
FOLDER_1007_Documents_SQA_.venv_Lib_site-packages_pip__internal_cli___pycache___base_command.cpython-313.pyc,.pyc,0.01,363,363,0
FOLDER_1008_Documents_SQA_.venv_Lib_site-packages_pip__internal_cli___pycache___cmdoptions.cpython-313.pyc,.pyc,0.03,363,363,0
FOLDER_1009_Documents_SQA_.venv_Lib_site-packages_pip__internal_cli___pycache___command_context.cpython-313.pyc,.pyc,0.002,363,363,0
FOLDER_1010_Documents_SQA_.venv_Lib_site-packages_pip__internal_cli___pycache___index_command.cpython-313.pyc,.pyc,0.007,363,363,0
FOLDER_1011_Documents_SQA_.venv_Lib_site-packages_pip__internal_cli___pycache___main.cpython-313.pyc,.pyc,0.002,363,363,0
FOLDER_1012_Documents_SQA_.venv_Lib_site-packages_pip__internal_cli___pycache___main_parser.cpython-313.pyc,.pyc,0.005,363,363,0
FOLDER_1013_Documents_SQA_.venv_Lib_site-packages_pip__internal_cli___pycache___parser.cpython-313.pyc,.pyc,0.014,363,363,0
FOLDER_1014_Documents_SQA_.venv_Lib_site-packages_pip__internal_cli___pycache___progress_bars.cpython-313.pyc,.pyc,0.006,363,363,0
FOLDER_1015_Documents_SQA_.venv_Lib_site-packages_pip__internal_cli___pycache___req_command.cpython-313.pyc,.pyc,0.013,363,363,0
FOLDER_1016_Documents_SQA_.venv_Lib_site-packages_pip__internal_cli___pycache___spinners.cpython-313.pyc,.pyc,0.011,363,363,0
FOLDER_1017_Documents_SQA_.venv_Lib_site-packages_pip__internal_cli___pycache___status_codes.cpython-313.pyc,.pyc,0.001,363,363,0
FOLDER_1018_Documents_SQA_.venv_Lib_site-packages_pip__internal_cli___pycache_____init__.cpython-313.pyc,.pyc,0.001,363,363,0
FOLDER_1019_Documents_SLTCM_SLTCM.lrcat,.lrcat,9.621,1002,1002,0
FOLDER_1020_Documents_SLTCM_SLTCM.lrcat-data_000009.blob,.blob,0.989,1007,1007,0
FOLDER_1021_Documents_SLTCM_SLTCM.lrcat-data_000023.blob,.blob,0.201,1005,1005,0
FOLDER_1022_Documents_SLTCM_SLTCM.lrcat-data_000028.sst,.sst,0.302,1005,1005,0
FOLDER_1023_Documents_SLTCM_SLTCM.lrcat-data_000031.sst,.sst,1.895,1003,1003,0
FOLDER_1024_Documents_SLTCM_SLTCM.lrcat-data_000032.blob,.blob,6.655,1003,1003,0
FOLDER_1025_Documents_SLTCM_SLTCM.lrcat-data_CURRENT,.unknown,0.001,1002,1002,0
FOLDER_1026_Documents_SLTCM_SLTCM.lrcat-data_IDENTITY,.unknown,0.001,1007,1007,0
FOLDER_1027_Documents_SLTCM_SLTCM.lrcat-data_LOG,.unknown,0.042,1002,1002,0
FOLDER_1028_Documents_SLTCM_SLTCM.lrcat-data_LOG.old.1699646084665122,.1699646084665122,0.035,1007,1007,0
FOLDER_1029_Documents_SLTCM_SLTCM.lrcat-data_LOG.old.1699646264111415,.1699646264111415,0.024,1007,1007,0
FOLDER_1030_Documents_SLTCM_SLTCM.lrcat-data_LOG.old.1699646440269798,.1699646440269798,0.021,1007,1007,0
FOLDER_1031_Documents_SLTCM_SLTCM.lrcat-data_LOG.old.1699819745615325,.1699819745615325,0.037,1007,1007,0
FOLDER_1032_Documents_SLTCM_SLTCM.lrcat-data_LOG.old.1699943777898811,.1699943777898811,0.078,1005,1005,0
FOLDER_1033_Documents_SLTCM_SLTCM.lrcat-data_LOG.old.1699945745013680,.1699945745013680,0.027,1003,1003,0
FOLDER_1034_Documents_SLTCM_SLTCM.lrcat-data_LOG.old.1699947743856602,.1699947743856602,0.022,1003,1003,0
FOLDER_1035_Documents_SLTCM_SLTCM.lrcat-data_LOG.old.1699961325812842,.1699961325812842,0.022,1003,1003,0
FOLDER_1036_Documents_SLTCM_SLTCM.lrcat-data_LOG.old.1700067513486017,.1700067513486017,0.022,1003,1003,0
FOLDER_1037_Documents_SLTCM_SLTCM.lrcat-data_LOG.old.1700068497558473,.1700068497558473,0.025,1002,1002,0
FOLDER_1038_Documents_SLTCM_SLTCM.lrcat-data_MANIFEST-000054,.unknown,0.001,1002,1002,0
FOLDER_1039_Documents_SLTCM_SLTCM.lrcat-data_OPTIONS-000052,.unknown,0.006,1002,1002,0
FOLDER_1040_Documents_SLTCM_SLTCM.lrcat-data_OPTIONS-000056,.unknown,0.006,1002,1002,0
FOLDER_1041_Documents_SLTCM_SLTCM.lrcat-data_PackageIcon.ico,.ico,1.09,1206,1206,0
FOLDER_1042_Documents_SLTCM_SLTCM_Previews.lrdata_PackageIcon.ico,.ico,0.086,1206,1206,0
FOLDER_1043_Documents_SLTCM_SLTCM_Previews.lrdata_previews.db,.db,1.445,1002,1002,0
FOLDER_1044_Documents_SLTCM_SLTCM_Previews.lrdata_root-pixels.db,.db,3.883,1002,1002,0
FOLDER_1045_Documents_SLTCM_SLTCM_Previews.lrdata_F_FFEB_FFEBA189-A453-4364-A3A8-8C388FD75591-ed856696b7d16264b295fb96ab393a9c.lrprev,.lrprev,0.404,1007,1007,0
FOLDER_1046_Documents_SLTCM_SLTCM_Previews.lrdata_F_FF65_FF65E216-3969-4223-A3DF-5B4A3B1E36E1-c640639e9ab2d4cf0edd92ac63ae62c7.lrprev,.lrprev,0.07,1005,1005,0
FOLDER_1047_Documents_SLTCM_SLTCM_Previews.lrdata_F_FF52_FF52723A-2394-4355-9476-31764306C3E0-dac11ff12ca13d43a741c63eb9799e9e.lrprev,.lrprev,0.06,1007,1007,0
FOLDER_1048_Documents_SLTCM_SLTCM_Previews.lrdata_F_FF49_FF490C1E-55C3-415A-BE6A-C567D2DB2A2E-06cf48fb839317298921e8ab0fd56a7e.lrprev,.lrprev,0.057,1007,1007,0
FOLDER_1049_Documents_SLTCM_SLTCM_Previews.lrdata_F_FF27_FF276A7D-7A4B-498F-94BA-D41A41CBB3AB-9c586919191da3ca55e5c030e9e002d2.lrprev,.lrprev,0.325,1007,1007,0
FOLDER_1050_Documents_SLTCM_SLTCM_Previews.lrdata_F_FF1D_FF1D1654-2154-4868-808A-559A3C7FE1E8-fb42b08725e818c05e31c0d7f2d32bf2.lrprev,.lrprev,0.061,1007,1007,0
FOLDER_1051_Documents_SLTCM_SLTCM_Previews.lrdata_F_FE66_FE6623E6-E093-4BB4-8DF5-63BA2F1AE6B2-9c586919191da3ca55e5c030e9e002d2.lrprev,.lrprev,0.3,1007,1007,0
FOLDER_1052_Documents_SLTCM_SLTCM_Previews.lrdata_F_FE09_FE0914AB-F7AA-47FA-A8C6-E24B8A3471A0-ed856696b7d16264b295fb96ab393a9c.lrprev,.lrprev,0.391,1007,1007,0
FOLDER_1053_Documents_SLTCM_SLTCM_Previews.lrdata_F_FDEF_FDEF808E-6B29-4820-8EF9-87FEC3DF4184-ed856696b7d16264b295fb96ab393a9c.lrprev,.lrprev,0.155,1007,1007,0
FOLDER_1054_Documents_SLTCM_SLTCM_Previews.lrdata_F_FDBA_FDBA9F2C-B63C-4177-90EF-C31AE479CED5-7551fa2cb1b01e3e555ca20680c38251.lrprev,.lrprev,2.997,1007,1007,0
FOLDER_1055_Documents_SLTCM_SLTCM_Previews.lrdata_F_FD9E_FD9E31ED-21DF-4EEC-9C92-945B8DCDE6FB-349651bfdb9a725fa898918b00faf17f.lrprev,.lrprev,0.062,1005,1005,0
FOLDER_1056_Documents_SLTCM_SLTCM_Previews.lrdata_F_FD8E_FD8EB58C-F685-48D0-973A-FCE8F3E922D6-ed856696b7d16264b295fb96ab393a9c.lrprev,.lrprev,0.248,1007,1007,0
FOLDER_1057_Documents_SLTCM_SLTCM_Previews.lrdata_F_FD40_FD40F4A2-01DF-445C-9F8B-2DFEC548CF56-9c586919191da3ca55e5c030e9e002d2.lrprev,.lrprev,0.52,1007,1007,0
FOLDER_1058_Documents_SLTCM_SLTCM_Previews.lrdata_F_FD38_FD38D513-12A8-4680-B9A3-AD1924F8D800-ed856696b7d16264b295fb96ab393a9c.lrprev,.lrprev,0.406,1007,1007,0
FOLDER_1059_Documents_SLTCM_SLTCM_Previews.lrdata_F_FC1B_FC1BC028-8E0D-41EB-9773-2C4256277618-7551fa2cb1b01e3e555ca20680c38251.lrprev,.lrprev,2.474,1007,1007,0
FOLDER_1060_Documents_SLTCM_SLTCM_Previews.lrdata_F_FBF1_FBF1EAAB-7A9A-4E8B-ABC2-903BF13CB797-ed856696b7d16264b295fb96ab393a9c.lrprev,.lrprev,0.46,1007,1007,0
FOLDER_1061_Documents_SLTCM_SLTCM_Previews.lrdata_F_FB67_FB67DFEC-1EFE-4714-8AC3-3FB707E461E9-f24e086c5d1b2eae0d03b20f65aadc7c.lrprev,.lrprev,0.962,1003,1003,0
FOLDER_1062_Documents_SLTCM_SLTCM_Previews.lrdata_F_FAC0_FAC0FF8A-5AC1-49B2-B8EB-7DE1264DED9E-90413c309e18b2b51c0626f03020f171.lrprev,.lrprev,0.073,1005,1005,0
FOLDER_1063_Documents_SLTCM_SLTCM_Previews.lrdata_F_FA9C_FA9CC079-A82D-47C0-A5B8-7E15AF8C8761-ed856696b7d16264b295fb96ab393a9c.lrprev,.lrprev,0.608,1007,1007,0
FOLDER_1064_Documents_SLTCM_SLTCM_Previews.lrdata_F_F9F2_F9F20CB6-E285-47F8-A753-BF937F4CDB2C-0686a1d3e4dccbc5084a8a976c059b74.lrprev,.lrprev,0.077,1007,1007,0
FOLDER_1065_Documents_SLTCM_SLTCM_Previews.lrdata_F_F8F4_F8F41B34-902E-4232-90FB-AC1AD87F9CF7-329e9a3a55136b9f576ebc4269aff484.lrprev,.lrprev,0.059,1007,1007,0
FOLDER_1066_Documents_SLTCM_SLTCM_Previews.lrdata_F_F7E8_F7E89ADA-5CE8-44BE-BCFA-D97F390B1A3F-9c586919191da3ca55e5c030e9e002d2.lrprev,.lrprev,0.424,1007,1007,0
FOLDER_1067_Documents_SLTCM_SLTCM_Previews.lrdata_F_F7B8_F7B87E77-F265-49F6-8069-15BA3A07A1F8-7551fa2cb1b01e3e555ca20680c38251.lrprev,.lrprev,1.808,1007,1007,0
FOLDER_1068_Documents_SLTCM_SLTCM_Previews.lrdata_F_F733_F73364F2-70E6-4C74-B791-6559BE0235D4-9c586919191da3ca55e5c030e9e002d2.lrprev,.lrprev,0.529,1007,1007,0
FOLDER_1069_Documents_SLTCM_SLTCM_Previews.lrdata_F_F6FC_F6FC90AB-A373-470B-A748-54F49C098E1D-1dd653d0bc1308967f41937c0c075094.lrprev,.lrprev,0.085,1007,1007,0
FOLDER_1070_Documents_SLTCM_SLTCM_Previews.lrdata_F_F6FA_F6FA2011-0400-4270-A64A-BE3C40358F8A-9c586919191da3ca55e5c030e9e002d2.lrprev,.lrprev,0.419,1007,1007,0
FOLDER_1071_Documents_SLTCM_SLTCM_Previews.lrdata_F_F6E0_F6E0CF87-85BC-417D-8F62-30E1A9A3A3F3-7ece6bfb62cd77b469f83e03c96f93a3.lrprev,.lrprev,0.079,1005,1005,0
FOLDER_1072_Documents_SLTCM_SLTCM_Previews.lrdata_F_F67F_F67FFE10-249E-4ABF-82BC-26CC1E78E9DE-9c586919191da3ca55e5c030e9e002d2.lrprev,.lrprev,0.369,1007,1007,0
FOLDER_1073_Documents_SLTCM_SLTCM_Previews.lrdata_F_F671_F671A63D-1645-478E-97FA-E15BCC1919D7-ed856696b7d16264b295fb96ab393a9c.lrprev,.lrprev,0.179,1007,1007,0
FOLDER_1074_Documents_SLTCM_SLTCM_Previews.lrdata_F_F626_F62653B4-DD31-49B8-89CF-B6454F5E47F1-27378adff923c48dde081b805de1c525.lrprev,.lrprev,0.058,1007,1007,0
FOLDER_1075_Documents_SLTCM_SLTCM_Previews.lrdata_F_F5A2_F5A23CA4-1E76-4352-8609-50C34288FE69-9c586919191da3ca55e5c030e9e002d2.lrprev,.lrprev,0.447,1007,1007,0
FOLDER_1076_Documents_SLTCM_SLTCM_Previews.lrdata_F_F4DB_F4DBD33B-F6AD-4DF4-8803-50C36538ED92-7551fa2cb1b01e3e555ca20680c38251.lrprev,.lrprev,2.079,1007,1007,0
FOLDER_1077_Documents_SLTCM_SLTCM_Previews.lrdata_F_F43B_F43B5835-F89A-445F-A078-39346C243692-9c586919191da3ca55e5c030e9e002d2.lrprev,.lrprev,0.48,1007,1007,0
FOLDER_1078_Documents_SLTCM_SLTCM_Previews.lrdata_F_F393_F3939D34-B140-4517-98BF-E7F5B1C5BBE7-9c586919191da3ca55e5c030e9e002d2.lrprev,.lrprev,0.359,1007,1007,0
FOLDER_1079_Documents_SLTCM_SLTCM_Previews.lrdata_F_F2DF_F2DF1880-C52F-48EA-92C3-36162EE2BB2D-9c586919191da3ca55e5c030e9e002d2.lrprev,.lrprev,0.53,1007,1007,0
FOLDER_1080_Documents_SLTCM_SLTCM_Previews.lrdata_F_F2AA_F2AA30D2-FCDD-4470-B176-DAF7A083CB74-9c586919191da3ca55e5c030e9e002d2.lrprev,.lrprev,0.464,1007,1007,0
FOLDER_1081_Documents_SLTCM_SLTCM_Previews.lrdata_F_F218_F2186E42-EF01-4741-82C9-33EE96F81792-6090314771d647fb1485f203ad9802ce.lrprev,.lrprev,0.091,1007,1007,0
FOLDER_1082_Documents_SLTCM_SLTCM_Previews.lrdata_F_F0FE_F0FEA71B-25CB-4863-92A4-81BBC9012498-9c586919191da3ca55e5c030e9e002d2.lrprev,.lrprev,0.308,1007,1007,0
FOLDER_1083_Documents_SLTCM_SLTCM_Previews.lrdata_F_F05E_F05EBD56-F0CC-4665-8FAE-79F037A835DE-ed856696b7d16264b295fb96ab393a9c.lrprev,.lrprev,0.386,1007,1007,0
FOLDER_1084_Documents_SLTCM_SLTCM_Previews.lrdata_E_EFCF_EFCF7601-5836-47C6-B7BB-BEFE43D600CA-7551fa2cb1b01e3e555ca20680c38251.lrprev,.lrprev,1.996,1007,1007,0
FOLDER_1085_Documents_SLTCM_SLTCM_Previews.lrdata_E_EF13_EF13C041-437A-4DAC-A44C-8738F417DF36-93c705ae9577874218b032bd9ebbc054.lrprev,.lrprev,0.075,1007,1007,0
FOLDER_1086_Documents_SLTCM_SLTCM_Previews.lrdata_E_EEBF_EEBF6155-618B-44FC-B8FE-02DE4710BB6B-ed856696b7d16264b295fb96ab393a9c.lrprev,.lrprev,0.462,1007,1007,0
FOLDER_1087_Documents_SLTCM_SLTCM_Previews.lrdata_E_EE23_EE234355-C16A-4B12-ADD6-7EE3954FEAB2-98d4e46fb167418b75174027ccd3cdf8.lrprev,.lrprev,0.083,1005,1005,0
FOLDER_1088_Documents_SLTCM_SLTCM_Previews.lrdata_E_EDC1_EDC1A0CB-56BB-4417-87DF-3416F9436AB4-8f68e77d6b39f7675c9ee2af79519dab.lrprev,.lrprev,0.078,1007,1007,0
FOLDER_1089_Documents_SLTCM_SLTCM_Previews.lrdata_E_ED97_ED97775E-3AB0-4950-9F08-16EB0955CBF8-9c586919191da3ca55e5c030e9e002d2.lrprev,.lrprev,0.336,1007,1007,0
FOLDER_1090_Documents_SLTCM_SLTCM_Previews.lrdata_E_EC7E_EC7E2C70-EAFA-447D-9B3E-656C920B8F0E-a8572cc3c0dbacee6f696b9b635fc67f.lrprev,.lrprev,0.08,1007,1007,0
FOLDER_1091_Documents_SLTCM_SLTCM_Previews.lrdata_E_EB03_EB03F40D-46EA-423C-AB0D-1C82B5D39D04-ed856696b7d16264b295fb96ab393a9c.lrprev,.lrprev,0.14,1007,1007,0
FOLDER_1092_Documents_SLTCM_SLTCM_Previews.lrdata_E_EB02_EB028CF3-D2EB-4797-B574-3DA1EE6073D9-9c586919191da3ca55e5c030e9e002d2.lrprev,.lrprev,0.331,1007,1007,0
FOLDER_1093_Documents_SLTCM_SLTCM_Previews.lrdata_E_EA70_EA70E9AC-582C-4916-A6D1-21E98D951CB9-9c586919191da3ca55e5c030e9e002d2.lrprev,.lrprev,0.439,1007,1007,0
FOLDER_1094_Documents_SLTCM_SLTCM_Previews.lrdata_E_E9ED_E9ED0DF5-3A3D-4667-8D1D-E32AF33FCBDB-f2f964e32664fab2cabb13cb45808343.lrprev,.lrprev,0.074,1007,1007,0
FOLDER_1095_Documents_SLTCM_SLTCM_Previews.lrdata_E_E85E_E85E9117-369C-4CA4-B947-DB26DAB4EF8F-9c586919191da3ca55e5c030e9e002d2.lrprev,.lrprev,0.364,1007,1007,0
FOLDER_1096_Documents_SLTCM_SLTCM_Previews.lrdata_E_E6C3_E6C3BBC9-2903-40B1-AC04-EA47F7945D91-ca21eb9d6a53103845c9803bd28848d3.lrprev,.lrprev,0.073,1005,1005,0
FOLDER_1097_Documents_SLTCM_SLTCM_Previews.lrdata_E_E66E_E66E82B2-8520-4F36-8A00-3132439F7E6C-9c586919191da3ca55e5c030e9e002d2.lrprev,.lrprev,0.333,1007,1007,0
FOLDER_1098_Documents_SLTCM_SLTCM_Previews.lrdata_E_E635_E635831C-3856-4706-AA2F-29C4AAE20185-7551fa2cb1b01e3e555ca20680c38251.lrprev,.lrprev,2.378,1007,1007,0
FOLDER_1099_Documents_SLTCM_SLTCM_Previews.lrdata_E_E5B2_E5B2F9A6-DA49-40E0-9543-278223CDFE11-ed856696b7d16264b295fb96ab393a9c.lrprev,.lrprev,0.17,1007,1007,0
FOLDER_1100_Documents_SLTCM_SLTCM_Previews.lrdata_E_E55C_E55CA10D-78FF-4E3A-A5AB-98C7F5B00CED-6629ca594f66c8a6932706cb632fc1cc.lrprev,.lrprev,0.076,1007,1007,0
FOLDER_1101_Documents_SLTCM_SLTCM_Previews.lrdata_E_E539_E5398160-32B5-4399-9D12-B40C0FD48307-7551fa2cb1b01e3e555ca20680c38251.lrprev,.lrprev,1.732,1007,1007,0
FOLDER_1102_Documents_SLTCM_SLTCM_Previews.lrdata_E_E505_E505DC89-012F-440A-A6E0-1C6A742976B4-7551fa2cb1b01e3e555ca20680c38251.lrprev,.lrprev,1.68,1007,1007,0
FOLDER_1103_Documents_SLTCM_SLTCM_Previews.lrdata_E_E4F0_E4F0AD68-3767-4C66-86B5-BE5920AB2828-9c586919191da3ca55e5c030e9e002d2.lrprev,.lrprev,0.371,1007,1007,0
FOLDER_1104_Documents_SLTCM_SLTCM_Previews.lrdata_E_E4C2_E4C20BE9-C4F0-413B-9826-FEFBFD6E4758-ddb4bf3d6ffcd380cb6c23ae9c45f585.lrprev,.lrprev,0.068,1007,1007,0
FOLDER_1105_Documents_SLTCM_SLTCM_Previews.lrdata_E_E47F_E47F016A-E95D-4EFF-AA54-893019F3691D-9a24c7f97e152568548336d8a8452f01.lrprev,.lrprev,0.091,1007,1007,0
FOLDER_1106_Documents_SLTCM_SLTCM_Previews.lrdata_E_E46E_E46EEE9D-16BE-4BFD-B118-5EC29CD91C68-9c586919191da3ca55e5c030e9e002d2.lrprev,.lrprev,0.326,1007,1007,0
FOLDER_1107_Documents_SLTCM_SLTCM_Previews.lrdata_E_E45C_E45CCC16-1B69-4AE3-9E5B-298EC24A4CE9-ed856696b7d16264b295fb96ab393a9c.lrprev,.lrprev,0.424,1007,1007,0
FOLDER_1108_Documents_SLTCM_SLTCM_Previews.lrdata_E_E22D_E22D0E3B-B9DE-46F1-8650-10532BAA10E5-ed856696b7d16264b295fb96ab393a9c.lrprev,.lrprev,0.584,1007,1007,0
FOLDER_1109_Documents_SLTCM_SLTCM_Previews.lrdata_E_E166_E166EC6D-86A0-4478-8954-D35173E9649A-96b7133e08562abab54f6bbcf1469313.lrprev,.lrprev,0.069,1007,1007,0
FOLDER_1110_Documents_SLTCM_SLTCM_Previews.lrdata_E_E086_E0868473-E5EE-4DE2-9248-A2DBC3CAD53B-ed856696b7d16264b295fb96ab393a9c.lrprev,.lrprev,0.696,1007,1007,0
FOLDER_1111_Documents_SLTCM_SLTCM_Previews.lrdata_D_DFAA_DFAAB7D7-C4EE-4998-A70D-B4C0914060EC-9c586919191da3ca55e5c030e9e002d2.lrprev,.lrprev,0.343,1007,1007,0
FOLDER_1112_Documents_SLTCM_SLTCM_Previews.lrdata_D_DF73_DF732731-5371-49B3-A095-3A5978EBF783-ed856696b7d16264b295fb96ab393a9c.lrprev,.lrprev,0.482,1007,1007,0
FOLDER_1113_Documents_SLTCM_SLTCM_Previews.lrdata_D_DF65_DF65D438-EADE-426D-89E4-570800C06B2E-7551fa2cb1b01e3e555ca20680c38251.lrprev,.lrprev,2.191,1007,1007,0
FOLDER_1114_Documents_SLTCM_SLTCM_Previews.lrdata_D_DF64_DF64BB52-3010-4508-B2D8-605AEADF1DA7-85eeeb904ce3a90676c60dc3bcc988ab.lrprev,.lrprev,0.061,1007,1007,0
FOLDER_1115_Documents_SLTCM_SLTCM_Previews.lrdata_D_DF47_DF473992-52E6-4969-A64E-C4B0B389DBC6-c4ddb02d46cd3be4985e521acfe826ae.lrprev,.lrprev,0.679,1003,1003,0
FOLDER_1116_Documents_SLTCM_SLTCM_Previews.lrdata_D_DEFD_DEFD24D5-A679-466D-9974-B5BC98E1940D-ed856696b7d16264b295fb96ab393a9c.lrprev,.lrprev,0.305,1007,1007,0
FOLDER_1117_Documents_SLTCM_SLTCM_Previews.lrdata_D_DDDD_DDDD08C1-169F-48C3-9152-A1AD180DEA98-9c586919191da3ca55e5c030e9e002d2.lrprev,.lrprev,0.313,1007,1007,0
FOLDER_1118_Documents_SLTCM_SLTCM_Previews.lrdata_D_DDB5_DDB5E5F8-D335-4DE5-8E89-0DB1C1D44ED3-9153c3598216c5f91ac8a2590fa039a1.lrprev,.lrprev,0.1,1005,1005,0
FOLDER_1119_Documents_SLTCM_SLTCM_Previews.lrdata_D_DDAD_DDAD9F1A-3D5A-4107-AC61-32DE4371E8A5-ed856696b7d16264b295fb96ab393a9c.lrprev,.lrprev,0.43,1007,1007,0
FOLDER_1120_Documents_SLTCM_SLTCM_Previews.lrdata_D_DD07_DD07ADCB-0516-4F69-A32B-56CCA58729E8-fe934a851f7f26d4eccc5730c12e8ded.lrprev,.lrprev,0.056,1005,1005,0
FOLDER_1121_Documents_SLTCM_SLTCM_Previews.lrdata_D_DCF4_DCF45639-6D56-408A-9423-9257C224DB8C-7551fa2cb1b01e3e555ca20680c38251.lrprev,.lrprev,2.943,1007,1007,0
FOLDER_1122_Documents_SLTCM_SLTCM_Previews.lrdata_D_DC50_DC506540-E5B5-49EC-9E95-7107660F4294-9c586919191da3ca55e5c030e9e002d2.lrprev,.lrprev,0.434,1007,1007,0
FOLDER_1123_Documents_SLTCM_SLTCM_Previews.lrdata_D_DBE2_DBE26EC9-5D37-49B7-A21B-2D784136A338-9c586919191da3ca55e5c030e9e002d2.lrprev,.lrprev,0.358,1007,1007,0
FOLDER_1124_Documents_SLTCM_SLTCM_Previews.lrdata_D_DBCF_DBCFB331-320A-4E25-B3F7-D41F82ACEA93-daff355f8b0d763e5ff1cea67ed24a51.lrprev,.lrprev,0.107,1007,1007,0
FOLDER_1125_Documents_SLTCM_SLTCM_Previews.lrdata_D_DB2D_DB2D3613-28E7-4118-B828-57C2C29F5859-9c586919191da3ca55e5c030e9e002d2.lrprev,.lrprev,0.353,1007,1007,0
FOLDER_1126_Documents_SLTCM_SLTCM_Previews.lrdata_D_DB29_DB29743D-6D1E-43D0-98CB-D3132630AF98-ed856696b7d16264b295fb96ab393a9c.lrprev,.lrprev,0.463,1007,1007,0
FOLDER_1127_Documents_SLTCM_SLTCM_Previews.lrdata_D_DA50_DA5021BB-80E6-400C-B4D6-4F4F14403FD4-1237dbe00d6bd50e82ba48f80c7d2c7a.lrprev,.lrprev,0.092,1007,1007,0
FOLDER_1128_Documents_SLTCM_SLTCM_Previews.lrdata_D_DA2E_DA2E6D8A-D52E-4EB1-AF96-173CA94EF5B6-d5af58c5911453bdad2a0945d76bd0d2.lrprev,.lrprev,0.061,1007,1007,0
FOLDER_1129_Documents_SLTCM_SLTCM_Previews.lrdata_D_D9E1_D9E11F1E-8CC5-4763-AAC7-81EA537B7F87-7551fa2cb1b01e3e555ca20680c38251.lrprev,.lrprev,2.426,1007,1007,0
FOLDER_1130_Documents_SLTCM_SLTCM_Previews.lrdata_D_D8C9_D8C9370A-76B4-4FE5-A8D1-10F3B5BE16DE-0fffa5d3515a9641a117763f3970a634.lrprev,.lrprev,0.066,1005,1005,0
FOLDER_1131_Documents_SLTCM_SLTCM_Previews.lrdata_D_D8A5_D8A557AF-871A-4AAD-8B50-4C74016F9E09-9c586919191da3ca55e5c030e9e002d2.lrprev,.lrprev,0.335,1007,1007,0
FOLDER_1132_Documents_SLTCM_SLTCM_Previews.lrdata_D_D880_D8802A7E-5028-400E-A4BC-3F47ED17A26F-7551fa2cb1b01e3e555ca20680c38251.lrprev,.lrprev,1.76,1007,1007,0
FOLDER_1133_Documents_SLTCM_SLTCM_Previews.lrdata_D_D80E_D80E3DDE-7895-486D-83B3-6E1CD4CA1B8B-9c586919191da3ca55e5c030e9e002d2.lrprev,.lrprev,0.358,1007,1007,0
FOLDER_1134_Documents_SLTCM_SLTCM_Previews.lrdata_D_D791_D79124FE-92F7-4CAC-924B-03BDE06EC783-8d26127499d5f674f1b6b0ef943024da.lrprev,.lrprev,0.072,1007,1007,0
FOLDER_1135_Documents_SLTCM_SLTCM_Previews.lrdata_D_D673_D673CF55-1D73-4212-B344-F911FF9A80F4-9c586919191da3ca55e5c030e9e002d2.lrprev,.lrprev,0.423,1007,1007,0
FOLDER_1136_Documents_SLTCM_SLTCM_Previews.lrdata_D_D648_D648ADD8-5848-47C8-A701-E8A92754A05E-123789113e8f3237c02fa6d8a8842181.lrprev,.lrprev,0.06,1007,1007,0
FOLDER_1137_Documents_SLTCM_SLTCM_Previews.lrdata_D_D5F5_D5F50E0A-1929-4BD9-9455-B1363D61B67D-9c586919191da3ca55e5c030e9e002d2.lrprev,.lrprev,0.367,1007,1007,0
FOLDER_1138_Documents_SLTCM_SLTCM_Previews.lrdata_D_D556_D556C5C1-978A-4297-BB40-C1190CDE4CFA-9c586919191da3ca55e5c030e9e002d2.lrprev,.lrprev,0.348,1007,1007,0
FOLDER_1139_Documents_SLTCM_SLTCM_Previews.lrdata_D_D526_D52617F4-E368-4132-9E99-B93DC0C1A708-9c586919191da3ca55e5c030e9e002d2.lrprev,.lrprev,0.893,1007,1007,0
FOLDER_1140_Documents_SLTCM_SLTCM_Previews.lrdata_D_D450_D450FF00-8ED4-4E32-8A62-D097228BEDE2-f1352cdf80ef8956ffb2253eb06216b8.lrprev,.lrprev,0.095,1007,1007,0
FOLDER_1141_Documents_SLTCM_SLTCM_Previews.lrdata_D_D430_D43051C3-9818-4EFE-B203-89E968095448-ed856696b7d16264b295fb96ab393a9c.lrprev,.lrprev,0.283,1007,1007,0
FOLDER_1142_Documents_SLTCM_SLTCM_Previews.lrdata_D_D355_D355CB95-FAB9-45B1-B5C2-B021768E396A-04095151e7cda32bc50a35617a38d549.lrprev,.lrprev,0.094,1007,1007,0
FOLDER_1143_Documents_SLTCM_SLTCM_Previews.lrdata_D_D32E_D32E4C0B-CE12-4B70-A156-04271AD52DD5-9c586919191da3ca55e5c030e9e002d2.lrprev,.lrprev,0.425,1007,1007,0
FOLDER_1144_Documents_SLTCM_SLTCM_Previews.lrdata_D_D2CC_D2CC7DAD-01A5-4FDB-A905-3220B90465B5-9c586919191da3ca55e5c030e9e002d2.lrprev,.lrprev,0.377,1007,1007,0
FOLDER_1145_Documents_SLTCM_SLTCM_Previews.lrdata_D_D2B4_D2B4F95F-437F-4352-A5BD-15464D2156FC-bad84961447a21c16af851e8045658f4.lrprev,.lrprev,0.6,1003,1003,0
FOLDER_1146_Documents_SLTCM_SLTCM_Previews.lrdata_D_D226_D2265491-2C1B-410A-A22B-F53A0E634C40-ed856696b7d16264b295fb96ab393a9c.lrprev,.lrprev,0.131,1007,1007,0
FOLDER_1147_Documents_SLTCM_SLTCM_Previews.lrdata_D_D21F_D21FB662-692B-491C-9FDD-7BA0B0783435-41b0a9c9a7316b3b369d3248ff13cb34.lrprev,.lrprev,0.745,1003,1003,0
FOLDER_1148_Documents_SLTCM_SLTCM_Previews.lrdata_D_D20E_D20EB4D2-48FD-4CB7-B5D2-0B13657737F5-7551fa2cb1b01e3e555ca20680c38251.lrprev,.lrprev,4.318,1007,1007,0
FOLDER_1149_Documents_SLTCM_SLTCM_Previews.lrdata_D_D16F_D16FD414-806D-4B57-9740-754855F2D19F-9c586919191da3ca55e5c030e9e002d2.lrprev,.lrprev,0.356,1007,1007,0
FOLDER_1150_Documents_SLTCM_SLTCM_Previews.lrdata_D_D15A_D15A2315-5736-417D-B0D3-29256D44E5AD-9c586919191da3ca55e5c030e9e002d2.lrprev,.lrprev,0.327,1007,1007,0
FOLDER_1151_Documents_SLTCM_SLTCM_Previews.lrdata_D_D023_D0237891-3BC5-43D5-ADEA-A056E510A9EA-f77c6f76a8bf07120968d7617f29a6bd.lrprev,.lrprev,0.101,1007,1007,0
FOLDER_1152_Documents_SLTCM_SLTCM_Previews.lrdata_C_CFF6_CFF64C90-42E9-47A0-88D9-E386AEA5522C-9c586919191da3ca55e5c030e9e002d2.lrprev,.lrprev,0.357,1007,1007,0
FOLDER_1153_Documents_SLTCM_SLTCM_Previews.lrdata_C_CFB1_CFB18DC3-D1B3-4376-AD1D-CCC6B0B6BB05-9c586919191da3ca55e5c030e9e002d2.lrprev,.lrprev,0.334,1007,1007,0
FOLDER_1154_Documents_SLTCM_SLTCM_Previews.lrdata_C_CF82_CF82F852-62EA-4432-9356-96085F1BA839-ed856696b7d16264b295fb96ab393a9c.lrprev,.lrprev,0.353,1007,1007,0
FOLDER_1155_Documents_SLTCM_SLTCM_Previews.lrdata_C_CF40_CF406CD4-0A2F-4F4A-A714-8958D2C832A3-fda22e006c9278346d861eaaa46cbb6c.lrprev,.lrprev,0.076,1007,1007,0
FOLDER_1156_Documents_SLTCM_SLTCM_Previews.lrdata_C_CE08_CE086FCF-FC9E-4B01-BDED-8E83AA0E8D97-ed856696b7d16264b295fb96ab393a9c.lrprev,.lrprev,0.087,1007,1007,0
FOLDER_1157_Documents_SLTCM_SLTCM_Previews.lrdata_C_CDB7_CDB779D1-B952-43C9-B926-C293D67DA46C-9c586919191da3ca55e5c030e9e002d2.lrprev,.lrprev,0.292,1007,1007,0
FOLDER_1158_Documents_SLTCM_SLTCM_Previews.lrdata_C_CD22_CD225C1E-8DB0-40AC-B5E7-B546048D3B10-ed856696b7d16264b295fb96ab393a9c.lrprev,.lrprev,0.484,1007,1007,0
FOLDER_1159_Documents_SLTCM_SLTCM_Previews.lrdata_C_CCBF_CCBFCAFF-ADD0-4BF1-AB09-1EF26F0CBEED-29318eb8910889cbbd6da0c586b57952.lrprev,.lrprev,0.071,1007,1007,0
FOLDER_1160_Documents_SLTCM_SLTCM_Previews.lrdata_C_CCAD_CCADDD67-F9EC-4900-A81D-BEC3191B1B98-9c586919191da3ca55e5c030e9e002d2.lrprev,.lrprev,0.457,1007,1007,0
FOLDER_1161_Documents_SLTCM_SLTCM_Previews.lrdata_C_CC87_CC87A3E8-E191-4F0A-AD1F-8F6572200FA4-ed856696b7d16264b295fb96ab393a9c.lrprev,.lrprev,0.302,1007,1007,0
FOLDER_1162_Documents_SLTCM_SLTCM_Previews.lrdata_C_CC38_CC38FB35-2EC4-4AE5-B848-2FDD637C006E-7551fa2cb1b01e3e555ca20680c38251.lrprev,.lrprev,1.686,1007,1007,0
FOLDER_1163_Documents_SLTCM_SLTCM_Previews.lrdata_C_CBFC_CBFCA430-33BB-4D04-8CFB-19D2E26D2816-9c586919191da3ca55e5c030e9e002d2.lrprev,.lrprev,0.263,1007,1007,0
FOLDER_1164_Documents_SLTCM_SLTCM_Previews.lrdata_C_CBED_CBED172A-000C-4020-BD40-7F7D2422BB0E-9c586919191da3ca55e5c030e9e002d2.lrprev,.lrprev,0.319,1007,1007,0
FOLDER_1165_Documents_SLTCM_SLTCM_Previews.lrdata_C_CB5F_CB5FBA39-682C-4D12-B582-592B2219E251-4a2e077afe75dfa3459af5feb3ef0b00.lrprev,.lrprev,0.062,1007,1007,0
FOLDER_1166_Documents_SLTCM_SLTCM_Previews.lrdata_C_CAF4_CAF4BB9B-638A-4094-BBFB-29513A0BCB90-ed856696b7d16264b295fb96ab393a9c.lrprev,.lrprev,0.422,1007,1007,0
FOLDER_1167_Documents_SLTCM_SLTCM_Previews.lrdata_C_CAEE_CAEE41D4-B6FA-49EB-977E-F42F1FC411C4-b6caa4e88051c821a97df37c1c2491b8.lrprev,.lrprev,0.094,1007,1007,0
FOLDER_1168_Documents_SLTCM_SLTCM_Previews.lrdata_C_CA83_CA837856-4003-4F07-B455-886672C52581-7551fa2cb1b01e3e555ca20680c38251.lrprev,.lrprev,2.14,1007,1007,0
FOLDER_1169_Documents_SLTCM_SLTCM_Previews.lrdata_C_CA53_CA5385BE-DCF7-4CE5-A679-1B84AEEA7F01-6c8b73bf58f29a61baf603210556f5c7.lrprev,.lrprev,0.069,1007,1007,0
FOLDER_1170_Documents_SLTCM_SLTCM_Previews.lrdata_C_CA44_CA445994-3037-423D-8A09-F496E1C9C272-9c586919191da3ca55e5c030e9e002d2.lrprev,.lrprev,0.282,1007,1007,0
FOLDER_1171_Documents_SLTCM_SLTCM_Previews.lrdata_C_C9CE_C9CE9799-13B0-4D7B-AC63-AB7218DA4808-e730cdc79b0028be6df93a0d7015c250.lrprev,.lrprev,0.078,1007,1007,0
FOLDER_1172_Documents_SLTCM_SLTCM_Previews.lrdata_C_C9C0_C9C09CFB-3D62-4CB2-9347-17A09D156063-e5ee515ee3215a86281fef0673e97451.lrprev,.lrprev,0.102,1007,1007,0
FOLDER_1173_Documents_SLTCM_SLTCM_Previews.lrdata_C_C9A2_C9A21442-B963-43A7-A433-09BAA1FD43F2-9c586919191da3ca55e5c030e9e002d2.lrprev,.lrprev,0.225,1007,1007,0
FOLDER_1174_Documents_SLTCM_SLTCM_Previews.lrdata_C_C8E2_C8E2B524-3994-494B-A830-E28CCD48182B-9c586919191da3ca55e5c030e9e002d2.lrprev,.lrprev,0.35,1007,1007,0
FOLDER_1175_Documents_SLTCM_SLTCM_Previews.lrdata_C_C854_C854F58D-857B-48D4-AFDB-6CEF70202CAD-9c586919191da3ca55e5c030e9e002d2.lrprev,.lrprev,0.377,1007,1007,0
FOLDER_1176_Documents_SLTCM_SLTCM_Previews.lrdata_C_C837_C837CD37-335C-4BD8-8B1C-4ADD1584FE72-0e50ba069eadf5d98798e53281d47b5a.lrprev,.lrprev,0.575,1003,1003,0
FOLDER_1177_Documents_SLTCM_SLTCM_Previews.lrdata_C_C746_C746488D-C59C-474D-A99D-9F5DE5831603-9c586919191da3ca55e5c030e9e002d2.lrprev,.lrprev,0.425,1007,1007,0
FOLDER_1178_Documents_SLTCM_SLTCM_Previews.lrdata_C_C739_C739A19C-256B-4B1A-BCDD-A69D382C5CB7-9c586919191da3ca55e5c030e9e002d2.lrprev,.lrprev,0.427,1007,1007,0
FOLDER_1179_Documents_SLTCM_SLTCM_Previews.lrdata_C_C728_C7289C0E-D3F1-4133-AFC9-FF8CD9D90429-9c586919191da3ca55e5c030e9e002d2.lrprev,.lrprev,0.432,1007,1007,0
FOLDER_1180_Documents_SLTCM_SLTCM_Previews.lrdata_C_C5F9_C5F9299D-1CB8-4D41-9323-800F14125DB1-ed856696b7d16264b295fb96ab393a9c.lrprev,.lrprev,0.388,1007,1007,0
FOLDER_1181_Documents_SLTCM_SLTCM_Previews.lrdata_C_C5A8_C5A8263D-9040-46F2-9034-4FC3705629AD-9c586919191da3ca55e5c030e9e002d2.lrprev,.lrprev,0.285,1007,1007,0
FOLDER_1182_Documents_SLTCM_SLTCM_Previews.lrdata_C_C55E_C55E9C60-7042-46DF-9BE2-6EBD7596D2ED-3876ae59e476e837dd5848820284ceea.lrprev,.lrprev,0.084,1007,1007,0
FOLDER_1183_Documents_SLTCM_SLTCM_Previews.lrdata_C_C51D_C51D49F8-7D51-4C84-B229-0BFF7B44AAFF-ed856696b7d16264b295fb96ab393a9c.lrprev,.lrprev,0.344,1007,1007,0
FOLDER_1184_Documents_SLTCM_SLTCM_Previews.lrdata_C_C4E7_C4E7B572-1EC1-416A-9CB4-C6DFB1133579-9c586919191da3ca55e5c030e9e002d2.lrprev,.lrprev,0.341,1007,1007,0
FOLDER_1185_Documents_SLTCM_SLTCM_Previews.lrdata_C_C4D0_C4D055AF-506F-406E-AEE8-0AEA69F42677-54cda1d05b34d192e30aa2258f31ed9c.lrprev,.lrprev,0.06,1007,1007,0
FOLDER_1186_Documents_SLTCM_SLTCM_Previews.lrdata_C_C491_C49166BE-7D92-49FB-8947-96139FC41055-9c586919191da3ca55e5c030e9e002d2.lrprev,.lrprev,0.404,1007,1007,0
FOLDER_1187_Documents_SLTCM_SLTCM_Previews.lrdata_C_C2F1_C2F18274-388D-4EC1-8CA9-009148ADD807-e62e04ca23170564187f16036bfaa23a.lrprev,.lrprev,0.086,1007,1007,0
FOLDER_1188_Documents_SLTCM_SLTCM_Previews.lrdata_C_C2BE_C2BEB59B-0F02-4D09-A1E0-432BD5FE9A66-7551fa2cb1b01e3e555ca20680c38251.lrprev,.lrprev,1.778,1007,1007,0
FOLDER_1189_Documents_SLTCM_SLTCM_Previews.lrdata_C_C13C_C13C7E64-8EC4-4480-92C8-ECB17C698016-0834c050ab0bb2219ca294f4459b6119.lrprev,.lrprev,0.066,1007,1007,0
FOLDER_1190_Documents_SLTCM_SLTCM_Previews.lrdata_C_C0A0_C0A0DD40-8F97-4E99-A8C8-8F6FAEBB285F-af53b3fa57e9181b0a990a38ab43996a.lrprev,.lrprev,0.066,1005,1005,0
FOLDER_1191_Documents_SLTCM_SLTCM_Previews.lrdata_C_C016_C016DB28-D383-4D47-8944-E0DA10243412-037872ec0e417442be3c04dd86367cdd.lrprev,.lrprev,0.084,1005,1005,0
FOLDER_1192_Documents_SLTCM_SLTCM_Previews.lrdata_B_BFBF_BFBF335C-2D59-4CE8-85AF-69B9AD5E6386-6629ca594f66c8a6932706cb632fc1cc.lrprev,.lrprev,0.066,1007,1007,0
FOLDER_1193_Documents_SLTCM_SLTCM_Previews.lrdata_B_BF8D_BF8D5129-2D65-49DC-AB98-DEB2E636ED94-7551fa2cb1b01e3e555ca20680c38251.lrprev,.lrprev,2.009,1007,1007,0
FOLDER_1194_Documents_SLTCM_SLTCM_Previews.lrdata_B_BF43_BF438862-B141-42C6-B3E9-D9EC738C395C-7551fa2cb1b01e3e555ca20680c38251.lrprev,.lrprev,3.134,1007,1007,0
FOLDER_1195_Documents_SLTCM_SLTCM_Previews.lrdata_B_BEA2_BEA2BFB8-87D2-4137-A383-AAE3DD2718C1-9c586919191da3ca55e5c030e9e002d2.lrprev,.lrprev,0.294,1007,1007,0
FOLDER_1196_Documents_SLTCM_SLTCM_Previews.lrdata_B_BE8E_BE8EA969-7CAF-4EF0-B3E9-39C293B98721-f7c6d6deae504a56a176937c03c07417.lrprev,.lrprev,0.083,1005,1005,0
FOLDER_1197_Documents_SLTCM_SLTCM_Previews.lrdata_B_BE5E_BE5E535B-92B1-46D9-ADEB-5A487406B750-ed856696b7d16264b295fb96ab393a9c.lrprev,.lrprev,0.302,1007,1007,0
FOLDER_1198_Documents_SLTCM_SLTCM_Previews.lrdata_B_BE4A_BE4A58FD-00D4-4231-995B-055C11C1C418-9c586919191da3ca55e5c030e9e002d2.lrprev,.lrprev,0.211,1007,1007,0
FOLDER_1199_Documents_SLTCM_SLTCM_Previews.lrdata_B_BDFA_BDFA4476-65EE-492F-BC83-B722618AB875-7551fa2cb1b01e3e555ca20680c38251.lrprev,.lrprev,2.073,1007,1007,0
FOLDER_1200_Documents_SLTCM_SLTCM_Previews.lrdata_B_BCFB_BCFB2D64-3062-4571-9E61-76F9128C4E23-9c586919191da3ca55e5c030e9e002d2.lrprev,.lrprev,0.374,1007,1007,0
FOLDER_1201_Documents_SLTCM_SLTCM_Previews.lrdata_B_BCB5_BCB5438F-3D5A-4FD4-98F1-127985F1A594-9c586919191da3ca55e5c030e9e002d2.lrprev,.lrprev,0.306,1007,1007,0
FOLDER_1202_Documents_SLTCM_SLTCM_Previews.lrdata_B_BC43_BC43CCC4-5784-483B-A3B9-624DF8A9D9E8-a900d991e6bdc90646db80cb4e033c50.lrprev,.lrprev,0.084,1005,1005,0
FOLDER_1203_Documents_SLTCM_SLTCM_Previews.lrdata_B_BC3F_BC3FAC73-2D40-4B7D-AE3B-C225E8700795-7551fa2cb1b01e3e555ca20680c38251.lrprev,.lrprev,4.218,1007,1007,0
FOLDER_1204_Documents_SLTCM_SLTCM_Previews.lrdata_B_BC33_BC33E59E-CB8A-4201-B417-2FC9572D1A9E-ed856696b7d16264b295fb96ab393a9c.lrprev,.lrprev,0.6,1007,1007,0
FOLDER_1205_Documents_SLTCM_SLTCM_Previews.lrdata_B_BC18_BC185133-DFBB-4BC1-BF4D-865AEB2EF88C-ed856696b7d16264b295fb96ab393a9c.lrprev,.lrprev,0.643,1007,1007,0
FOLDER_1206_Documents_SLTCM_SLTCM_Previews.lrdata_B_BBBA_BBBA56AF-583D-4370-8481-97A8B94CE409-a8ed97aec13b065b36be063513774ae0.lrprev,.lrprev,0.071,1005,1005,0
FOLDER_1207_Documents_SLTCM_SLTCM_Previews.lrdata_B_BBA1_BBA15A88-C189-4B62-82F1-92E314337124-6629ca594f66c8a6932706cb632fc1cc.lrprev,.lrprev,0.07,1007,1007,0
FOLDER_1208_Documents_SLTCM_SLTCM_Previews.lrdata_B_BB56_BB569F1D-E035-44D2-9A77-CF698A49D91A-5e76bf61208093f9b46e16eed20203b9.lrprev,.lrprev,0.548,1003,1003,0
FOLDER_1209_Documents_SLTCM_SLTCM_Previews.lrdata_B_BB36_BB36C285-E54C-42EE-A888-77D493636927-ed856696b7d16264b295fb96ab393a9c.lrprev,.lrprev,0.906,1007,1007,0
FOLDER_1210_Documents_SLTCM_SLTCM_Previews.lrdata_B_BB21_BB21948E-38E9-4222-B64A-80E959C273A2-6189b497f1e89acb6b418999a8719481.lrprev,.lrprev,0.065,1005,1005,0
FOLDER_1211_Documents_SLTCM_SLTCM_Previews.lrdata_B_BA9E_BA9E8310-78CF-430C-BD72-C7E86C4F6B2D-9c586919191da3ca55e5c030e9e002d2.lrprev,.lrprev,0.367,1007,1007,0
FOLDER_1212_Documents_SLTCM_SLTCM_Previews.lrdata_B_BA9E_BA9E83E1-8C12-4FC1-8344-A317A07AE300-ed856696b7d16264b295fb96ab393a9c.lrprev,.lrprev,0.461,1007,1007,0
FOLDER_1213_Documents_SLTCM_SLTCM_Previews.lrdata_B_BA66_BA66C97D-5B1C-4114-ACC5-5A24BFB42094-a2083bc5489ff197eaeddd66a03aaf64.lrprev,.lrprev,0.068,1007,1007,0
FOLDER_1214_Documents_SLTCM_SLTCM_Previews.lrdata_B_BA38_BA38F181-B8E9-4749-8554-9215D8777FA5-7551fa2cb1b01e3e555ca20680c38251.lrprev,.lrprev,4.081,1007,1007,0
FOLDER_1215_Documents_SLTCM_SLTCM_Previews.lrdata_B_B99B_B99BAF89-3FFF-4354-BDFE-F64C49B220F2-716f1906c938e970f5d75ec00ed2d5f1.lrprev,.lrprev,0.084,1005,1005,0
FOLDER_1216_Documents_SLTCM_SLTCM_Previews.lrdata_B_B962_B9628AED-3525-4A3A-8A08-2907C078F25D-9c586919191da3ca55e5c030e9e002d2.lrprev,.lrprev,0.356,1007,1007,0
FOLDER_1217_Documents_SLTCM_SLTCM_Previews.lrdata_B_B946_B94600D5-BBB7-4693-BAC3-2FCFFD28ED03-6d8061bc48a57f67d9fb075bd4b6a4a3.lrprev,.lrprev,0.109,1007,1007,0
FOLDER_1218_Documents_SLTCM_SLTCM_Previews.lrdata_B_B944_B9440C29-49F6-4676-A484-CF2DA1BDE27D-5982ce26e6e9adaf30d01175f817baa1.lrprev,.lrprev,0.1,1007,1007,0
FOLDER_1219_Documents_SLTCM_SLTCM_Previews.lrdata_B_B926_B92600A4-F437-4608-8ACD-DE80E65428A8-ed856696b7d16264b295fb96ab393a9c.lrprev,.lrprev,1.019,1007,1007,0
FOLDER_1220_Documents_SLTCM_SLTCM_Previews.lrdata_B_B8C5_B8C5CDDA-EDB4-4712-B044-9DE4F2677609-d41cacef120cc09832930e97f5fa49e8.lrprev,.lrprev,0.069,1005,1005,0
FOLDER_1221_Documents_SLTCM_SLTCM_Previews.lrdata_B_B8BB_B8BB3F5A-D425-4B91-92BE-E276429D22CE-9c586919191da3ca55e5c030e9e002d2.lrprev,.lrprev,0.292,1007,1007,0
FOLDER_1222_Documents_SLTCM_SLTCM_Previews.lrdata_B_B88E_B88EFA20-5026-407C-B10B-691A6625DBBC-ed856696b7d16264b295fb96ab393a9c.lrprev,.lrprev,0.664,1007,1007,0
FOLDER_1223_Documents_SLTCM_SLTCM_Previews.lrdata_B_B863_B863A84F-4F6C-46AA-BC39-DD30F342C403-9c586919191da3ca55e5c030e9e002d2.lrprev,.lrprev,0.345,1007,1007,0
FOLDER_1224_Documents_SLTCM_SLTCM_Previews.lrdata_B_B7F1_B7F1D919-7D30-4B47-8361-24BBC325225D-ed856696b7d16264b295fb96ab393a9c.lrprev,.lrprev,0.363,1007,1007,0
FOLDER_1225_Documents_SLTCM_SLTCM_Previews.lrdata_B_B7B9_B7B905B6-5B50-46C3-97D9-5421DDFB5CB9-7551fa2cb1b01e3e555ca20680c38251.lrprev,.lrprev,1.744,1007,1007,0
FOLDER_1226_Documents_SLTCM_SLTCM_Previews.lrdata_B_B72A_B72A20DD-5249-48D0-8D39-C965B87E71A8-2b14edfb6157c9e9b9059e0ae5925c3a.lrprev,.lrprev,0.084,1007,1007,0
FOLDER_1227_Documents_SLTCM_SLTCM_Previews.lrdata_B_B64B_B64B063B-64D8-4C02-BC59-8AB9B4899579-2a2a722a37bb967b5593ec7e401ac7ae.lrprev,.lrprev,0.055,1007,1007,0
FOLDER_1228_Documents_SLTCM_SLTCM_Previews.lrdata_B_B5AA_B5AA8589-B362-41C7-BBFE-4A0860E11C01-7551fa2cb1b01e3e555ca20680c38251.lrprev,.lrprev,1.994,1007,1007,0
FOLDER_1229_Documents_SLTCM_SLTCM_Previews.lrdata_B_B5A5_B5A5EAA9-F828-49C4-895B-FB0FEBBD4686-9c586919191da3ca55e5c030e9e002d2.lrprev,.lrprev,0.261,1007,1007,0
FOLDER_1230_Documents_SLTCM_SLTCM_Previews.lrdata_B_B58C_B58C74F6-F4A0-4C70-A8EE-D8C6FD57C8EF-7551fa2cb1b01e3e555ca20680c38251.lrprev,.lrprev,2.146,1007,1007,0
FOLDER_1231_Documents_SLTCM_SLTCM_Previews.lrdata_B_B53C_B53CDE43-4309-498B-BB10-C136CEE584CB-ed856696b7d16264b295fb96ab393a9c.lrprev,.lrprev,0.168,1007,1007,0
FOLDER_1232_Documents_SLTCM_SLTCM_Previews.lrdata_B_B4BF_B4BFB43D-3B4B-43DA-8DAB-540A404E0468-542c18486b19ee6d5a0f9671f0d7eb09.lrprev,.lrprev,0.076,1007,1007,0
FOLDER_1233_Documents_SLTCM_SLTCM_Previews.lrdata_B_B4BC_B4BC5FDD-202D-4840-874C-BB432DCC9201-ed856696b7d16264b295fb96ab393a9c.lrprev,.lrprev,0.221,1007,1007,0
FOLDER_1234_Documents_SLTCM_SLTCM_Previews.lrdata_B_B411_B4118950-F64E-44F9-A905-99406DAC4E10-9c586919191da3ca55e5c030e9e002d2.lrprev,.lrprev,0.363,1007,1007,0
FOLDER_1235_Documents_SLTCM_SLTCM_Previews.lrdata_B_B3B7_B3B7647C-A6BB-4C40-9A51-7DEA5203680A-7551fa2cb1b01e3e555ca20680c38251.lrprev,.lrprev,1.699,1007,1007,0
FOLDER_1236_Documents_SLTCM_SLTCM_Previews.lrdata_B_B39E_B39EBC62-E6A5-45E1-A6EE-E79075AF6106-7eadf06daa3537e0baad123281178963.lrprev,.lrprev,0.517,1003,1003,0
FOLDER_1237_Documents_SLTCM_SLTCM_Previews.lrdata_B_B341_B3410844-2202-4AC0-9E85-16A2A4398D27-9c586919191da3ca55e5c030e9e002d2.lrprev,.lrprev,0.548,1007,1007,0
FOLDER_1238_Documents_SLTCM_SLTCM_Previews.lrdata_B_B322_B3229EA5-2669-4D6A-923A-E9E0FF7D157D-9c586919191da3ca55e5c030e9e002d2.lrprev,.lrprev,0.535,1007,1007,0
FOLDER_1239_Documents_SLTCM_SLTCM_Previews.lrdata_B_B2B6_B2B67066-0869-44BA-B7F0-EC91D829650C-9c586919191da3ca55e5c030e9e002d2.lrprev,.lrprev,0.328,1007,1007,0
FOLDER_1240_Documents_SLTCM_SLTCM_Previews.lrdata_B_B297_B2976DA7-FF8B-49CF-8C58-582198837271-9c586919191da3ca55e5c030e9e002d2.lrprev,.lrprev,0.379,1007,1007,0
FOLDER_1241_Documents_SLTCM_SLTCM_Previews.lrdata_B_B1FB_B1FB3AA7-9859-47DD-90EC-00C9051D8676-9c586919191da3ca55e5c030e9e002d2.lrprev,.lrprev,0.394,1007,1007,0
FOLDER_1242_Documents_SLTCM_SLTCM_Previews.lrdata_B_B183_B1836042-9F7F-4646-9E45-A394CBBF0C0C-ed856696b7d16264b295fb96ab393a9c.lrprev,.lrprev,0.145,1007,1007,0
FOLDER_1243_Documents_SLTCM_SLTCM_Previews.lrdata_B_B0E5_B0E55C0A-8682-4436-8B07-DCFC7A830054-7551fa2cb1b01e3e555ca20680c38251.lrprev,.lrprev,2.134,1007,1007,0
FOLDER_1244_Documents_SLTCM_SLTCM_Previews.lrdata_B_B0CC_B0CCC3C2-C7C6-43F6-B58C-CEB22E878CE5-d15863d7bd5212930879c3bd6e1dcb9a.lrprev,.lrprev,0.094,1007,1007,0
FOLDER_1245_Documents_SLTCM_SLTCM_Previews.lrdata_B_B0C8_B0C8BDB5-1F9A-4F3A-BB25-59364B2FF05D-9c586919191da3ca55e5c030e9e002d2.lrprev,.lrprev,0.457,1007,1007,0
FOLDER_1246_Documents_SLTCM_SLTCM_Previews.lrdata_A_AFC8_AFC881C8-401E-41CA-96E2-40FCCD64B184-9c586919191da3ca55e5c030e9e002d2.lrprev,.lrprev,0.371,1007,1007,0
FOLDER_1247_Documents_SLTCM_SLTCM_Previews.lrdata_A_AEF6_AEF604C5-EBCF-484E-918C-6CD39D796758-9c586919191da3ca55e5c030e9e002d2.lrprev,.lrprev,0.362,1007,1007,0
FOLDER_1248_Documents_SLTCM_SLTCM_Previews.lrdata_A_ADBA_ADBAFA10-9860-437D-972F-466C078DA356-3b9b4e8c9b92148ac89c1df4c2832484.lrprev,.lrprev,0.844,1003,1003,0
FOLDER_1249_Documents_SLTCM_SLTCM_Previews.lrdata_A_ADB6_ADB6DF67-11CF-4AEB-A3AA-217725C0F637-7551fa2cb1b01e3e555ca20680c38251.lrprev,.lrprev,2.065,1007,1007,0
FOLDER_1250_Documents_SLTCM_SLTCM_Previews.lrdata_A_AD19_AD19D669-7EFE-4E7D-AAE1-A86BC632A5C3-9c586919191da3ca55e5c030e9e002d2.lrprev,.lrprev,0.319,1007,1007,0
FOLDER_1251_Documents_SLTCM_SLTCM_Previews.lrdata_A_ABED_ABED1123-7E3A-400F-8D54-9A1FDFBB03E3-ed856696b7d16264b295fb96ab393a9c.lrprev,.lrprev,0.528,1007,1007,0
FOLDER_1252_Documents_SLTCM_SLTCM_Previews.lrdata_A_ABD1_ABD1AE99-A8CD-4BA4-BF11-BBB1BDC03189-f70bb39dcc82c8df9cda934611d2879a.lrprev,.lrprev,0.08,1007,1007,0
FOLDER_1253_Documents_SLTCM_SLTCM_Previews.lrdata_A_AB81_AB81A7B7-6855-4AF1-AE58-314A5BDF7712-ed856696b7d16264b295fb96ab393a9c.lrprev,.lrprev,0.235,1007,1007,0
FOLDER_1254_Documents_SLTCM_SLTCM_Previews.lrdata_A_AB63_AB63CE55-6EE4-435A-9BA3-C3F9852C8390-9c586919191da3ca55e5c030e9e002d2.lrprev,.lrprev,0.221,1007,1007,0
FOLDER_1255_Documents_SLTCM_SLTCM_Previews.lrdata_A_AA68_AA6853EB-D7FF-47DB-83F8-4BE66FF8A459-ed856696b7d16264b295fb96ab393a9c.lrprev,.lrprev,0.66,1007,1007,0
FOLDER_1256_Documents_SLTCM_SLTCM_Previews.lrdata_A_AA61_AA611D54-B29C-42BA-8AB0-768907350B00-9c586919191da3ca55e5c030e9e002d2.lrprev,.lrprev,0.383,1007,1007,0
FOLDER_1257_Documents_SLTCM_SLTCM_Previews.lrdata_A_AA29_AA296CD0-C919-455F-A975-8930302F173D-ed856696b7d16264b295fb96ab393a9c.lrprev,.lrprev,0.393,1007,1007,0
FOLDER_1258_Documents_SLTCM_SLTCM_Previews.lrdata_A_AA11_AA110523-7F1F-47F6-B9EB-B4887C573274-9c586919191da3ca55e5c030e9e002d2.lrprev,.lrprev,0.352,1007,1007,0
FOLDER_1259_Documents_SLTCM_SLTCM_Previews.lrdata_A_A9C6_A9C62877-EE09-4C75-B735-E6945AB98C6C-9c586919191da3ca55e5c030e9e002d2.lrprev,.lrprev,0.375,1007,1007,0
FOLDER_1260_Documents_SLTCM_SLTCM_Previews.lrdata_A_A9C4_A9C49EE9-B05D-4CB6-85B0-ADBD98EC950C-ed856696b7d16264b295fb96ab393a9c.lrprev,.lrprev,0.572,1007,1007,0
FOLDER_1261_Documents_SLTCM_SLTCM_Previews.lrdata_A_A7C4_A7C40100-8601-4409-A31F-71B4B3AD67D1-f47f9d339361d13a33ed754f3e880aa6.lrprev,.lrprev,0.556,1003,1003,0
FOLDER_1262_Documents_SLTCM_SLTCM_Previews.lrdata_A_A767_A767011F-C3DA-4F39-AD1B-C5F180E39DDA-5fed6ca7a579a345357a45aeee8996b7.lrprev,.lrprev,0.824,1003,1003,0
FOLDER_1263_Documents_SLTCM_SLTCM_Previews.lrdata_A_A73F_A73F1E4B-3793-4E1C-A028-956EECD9079F-7551fa2cb1b01e3e555ca20680c38251.lrprev,.lrprev,2.8,1007,1007,0
FOLDER_1264_Documents_SLTCM_SLTCM_Previews.lrdata_A_A6C5_A6C56BCF-7E5D-4732-8D69-3CA2B0BDE4FC-0ebb393c0b7679e6a522177dc1267d8a.lrprev,.lrprev,0.659,1003,1003,0
FOLDER_1265_Documents_SLTCM_SLTCM_Previews.lrdata_A_A610_A610C45E-2255-43B7-A49E-C6CB139BE9B1-4f9cf8630e18a81d16e831c083bc1f1a.lrprev,.lrprev,0.098,1007,1007,0
FOLDER_1266_Documents_SLTCM_SLTCM_Previews.lrdata_A_A542_A542E59A-5830-467B-9697-39E3D0796AEE-9c586919191da3ca55e5c030e9e002d2.lrprev,.lrprev,0.256,1007,1007,0
FOLDER_1267_Documents_SLTCM_SLTCM_Previews.lrdata_A_A460_A4605E4C-FF70-445D-AC0B-96145901B16E-9c586919191da3ca55e5c030e9e002d2.lrprev,.lrprev,0.454,1007,1007,0
FOLDER_1268_Documents_SLTCM_SLTCM_Previews.lrdata_A_A43D_A43D94B9-4513-4CAC-A868-53BC4469A4E1-9c586919191da3ca55e5c030e9e002d2.lrprev,.lrprev,0.365,1007,1007,0
FOLDER_1269_Documents_SLTCM_SLTCM_Previews.lrdata_A_A366_A36660CE-FD79-4A7E-9FAA-29BA15082DC9-7551fa2cb1b01e3e555ca20680c38251.lrprev,.lrprev,1.743,1007,1007,0
FOLDER_1270_Documents_SLTCM_SLTCM_Previews.lrdata_A_A34D_A34D8F7E-60D5-442C-B7C9-3F91F9D6D924-9c586919191da3ca55e5c030e9e002d2.lrprev,.lrprev,0.312,1007,1007,0
FOLDER_1271_Documents_SLTCM_SLTCM_Previews.lrdata_A_A32D_A32DFBED-5DD3-42A0-9C0E-44FAEA112A6B-9c586919191da3ca55e5c030e9e002d2.lrprev,.lrprev,0.387,1007,1007,0
FOLDER_1272_Documents_SLTCM_SLTCM_Previews.lrdata_A_A314_A3149DD5-3923-4165-9609-0B5A13497D24-c4aa1bd0cff154aaf748bf6046f1466d.lrprev,.lrprev,0.097,1007,1007,0
FOLDER_1273_Documents_SLTCM_SLTCM_Previews.lrdata_A_A2D7_A2D7B6ED-63E2-40B8-87B7-107B008F7BE7-8674e15a9296c2c54cf1c94394d8b770.lrprev,.lrprev,0.1,1005,1005,0
FOLDER_1274_Documents_SLTCM_SLTCM_Previews.lrdata_A_A237_A2378272-5683-4FE2-B5C3-0ABA9E270BF5-9c586919191da3ca55e5c030e9e002d2.lrprev,.lrprev,0.45,1007,1007,0
FOLDER_1275_Documents_SLTCM_SLTCM_Previews.lrdata_A_A21F_A21F462F-B9DC-4281-ADE8-44E6F9B604D9-fed03befeab2f5c9959a96bbcf92065d.lrprev,.lrprev,0.07,1005,1005,0
FOLDER_1276_Documents_SLTCM_SLTCM_Previews.lrdata_A_A1CB_A1CB3C5F-AF28-42B9-8BBE-138D6B1923F3-ed856696b7d16264b295fb96ab393a9c.lrprev,.lrprev,0.164,1007,1007,0
FOLDER_1277_Documents_SLTCM_SLTCM_Previews.lrdata_A_A160_A160D364-EDA8-439D-AE55-084D35A9AB24-313d356c0ba4fef4a7385c7d3ba234bf.lrprev,.lrprev,0.093,1007,1007,0
FOLDER_1278_Documents_SLTCM_SLTCM_Previews.lrdata_A_A114_A114F217-8F32-4C87-BB3B-722057E91A2E-5b31c8b463c4aba5dc073a83389687b3.lrprev,.lrprev,0.094,1007,1007,0
FOLDER_1279_Documents_SLTCM_SLTCM_Previews.lrdata_A_A0E5_A0E54E75-752A-41C9-A7F4-F4528F20FC77-25c8a47e14cc5595af1ee54b56d45e3f.lrprev,.lrprev,0.079,1007,1007,0
FOLDER_1280_Documents_SLTCM_SLTCM_Previews.lrdata_A_A036_A0363EE9-BBA8-4649-B2FF-5A6DAC195EFD-ed856696b7d16264b295fb96ab393a9c.lrprev,.lrprev,0.352,1007,1007,0
FOLDER_1281_Documents_SLTCM_SLTCM_Previews.lrdata_9_9FE3_9FE32B26-F48E-4BC0-B265-721D24897D32-6e36eba008fde28bef490d4ec589b835.lrprev,.lrprev,0.646,1002,1002,0
FOLDER_1282_Documents_SLTCM_SLTCM_Previews.lrdata_9_9F78_9F783E89-DB83-4BB7-826A-157723E57A4F-ed856696b7d16264b295fb96ab393a9c.lrprev,.lrprev,0.484,1007,1007,0
FOLDER_1283_Documents_SLTCM_SLTCM_Previews.lrdata_9_9F75_9F753913-4E37-4107-B684-933919A617D1-9c586919191da3ca55e5c030e9e002d2.lrprev,.lrprev,0.33,1007,1007,0
FOLDER_1284_Documents_SLTCM_SLTCM_Previews.lrdata_9_9F01_9F01EDEF-49C6-4B37-8C89-95C98C35439D-ed856696b7d16264b295fb96ab393a9c.lrprev,.lrprev,0.182,1007,1007,0
FOLDER_1285_Documents_SLTCM_SLTCM_Previews.lrdata_9_9EF9_9EF9B130-4A5C-4DF9-A46F-B217E7BE069A-c2214e13927472f992dc7c8d00da9799.lrprev,.lrprev,0.571,1003,1003,0
FOLDER_1286_Documents_SLTCM_SLTCM_Previews.lrdata_9_9E90_9E90707F-6EAE-430D-BBBC-61DA5D4EAAAF-e32d0ddae576ae8b6eb2464e7c8b09a0.lrprev,.lrprev,0.095,1007,1007,0
FOLDER_1287_Documents_SLTCM_SLTCM_Previews.lrdata_9_9E7D_9E7D4BE7-E34E-4A37-AD09-5A9D001A9E64-9c586919191da3ca55e5c030e9e002d2.lrprev,.lrprev,0.355,1007,1007,0
FOLDER_1288_Documents_SLTCM_SLTCM_Previews.lrdata_9_9E73_9E736AF9-3862-4A87-8E59-79B6B5A8FC84-ed856696b7d16264b295fb96ab393a9c.lrprev,.lrprev,0.42,1007,1007,0
FOLDER_1289_Documents_SLTCM_SLTCM_Previews.lrdata_9_9E67_9E678573-D54E-40CF-A222-C233EA03E310-9c586919191da3ca55e5c030e9e002d2.lrprev,.lrprev,0.387,1007,1007,0
FOLDER_1290_Documents_SLTCM_SLTCM_Previews.lrdata_9_9DA8_9DA8D843-E237-484D-949B-F38B47F5994A-ed856696b7d16264b295fb96ab393a9c.lrprev,.lrprev,0.475,1007,1007,0
FOLDER_1291_Documents_SLTCM_SLTCM_Previews.lrdata_9_9D71_9D71F0C4-8BA2-4ED3-A5F2-0A19C426158A-9c586919191da3ca55e5c030e9e002d2.lrprev,.lrprev,0.318,1007,1007,0
FOLDER_1292_Documents_SLTCM_SLTCM_Previews.lrdata_9_9CE8_9CE8BF5F-B605-4E93-BFF1-41395075D553-71e7a01dd1f453630e2f435c2486db0b.lrprev,.lrprev,0.086,1007,1007,0
FOLDER_1293_Documents_SLTCM_SLTCM_Previews.lrdata_9_9C92_9C92F477-0255-4EEE-9766-E4A4970EFA7A-9c586919191da3ca55e5c030e9e002d2.lrprev,.lrprev,0.381,1007,1007,0
FOLDER_1294_Documents_SLTCM_SLTCM_Previews.lrdata_9_9B98_9B98D137-F016-4B8F-BE90-159C51C44D8B-9c586919191da3ca55e5c030e9e002d2.lrprev,.lrprev,0.362,1007,1007,0
FOLDER_1295_Documents_SLTCM_SLTCM_Previews.lrdata_9_9B66_9B665438-D168-4C15-AA18-B9223C9A49A1-021f117bda31ff40804c188807edec2e.lrprev,.lrprev,0.091,1007,1007,0
FOLDER_1296_Documents_SLTCM_SLTCM_Previews.lrdata_9_9A91_9A91FD66-699E-437E-8C97-E09EA81245F7-9c586919191da3ca55e5c030e9e002d2.lrprev,.lrprev,0.519,1007,1007,0
FOLDER_1297_Documents_SLTCM_SLTCM_Previews.lrdata_9_99B8_99B8702B-B023-489A-BBBC-3C05CC022BDE-9c586919191da3ca55e5c030e9e002d2.lrprev,.lrprev,0.446,1007,1007,0
FOLDER_1298_Documents_SLTCM_SLTCM_Previews.lrdata_9_9914_9914D564-39C7-4C1C-89FA-1E826C9364B2-9c586919191da3ca55e5c030e9e002d2.lrprev,.lrprev,0.472,1007,1007,0
FOLDER_1299_Documents_SLTCM_SLTCM_Previews.lrdata_9_990A_990A8347-22B8-4A70-999E-7FB8D3759530-9c586919191da3ca55e5c030e9e002d2.lrprev,.lrprev,0.446,1007,1007,0
FOLDER_1300_Documents_SLTCM_SLTCM_Previews.lrdata_9_98FE_98FE05C6-B439-455B-A0A5-FCD7E18E2882-371e8761d335513ad55929cc8701e0a2.lrprev,.lrprev,0.076,1007,1007,0
FOLDER_1301_Documents_SLTCM_SLTCM_Previews.lrdata_9_9880_98808272-BCF9-46B9-980A-4C535235FA33-9c586919191da3ca55e5c030e9e002d2.lrprev,.lrprev,0.41,1007,1007,0
FOLDER_1302_Documents_SLTCM_SLTCM_Previews.lrdata_9_987F_987FF2F1-6DFB-4070-894E-6E303C5E4318-9c586919191da3ca55e5c030e9e002d2.lrprev,.lrprev,0.435,1007,1007,0
FOLDER_1303_Documents_SLTCM_SLTCM_Previews.lrdata_9_9853_985351E1-D52B-4C37-A645-32C2DAAB4E22-9c586919191da3ca55e5c030e9e002d2.lrprev,.lrprev,0.288,1007,1007,0
FOLDER_1304_Documents_SLTCM_SLTCM_Previews.lrdata_9_97FC_97FC481F-07BC-4749-B9DE-9825A1C41EC1-4c9e25d83143ce88ff4fa9728fb1b576.lrprev,.lrprev,0.065,1007,1007,0
FOLDER_1305_Documents_SLTCM_SLTCM_Previews.lrdata_9_976F_976FBBE0-166A-4E6F-B963-F0F062818163-9e76ebb1c6a1d1acab1775d6db31733f.lrprev,.lrprev,0.07,1007,1007,0
FOLDER_1306_Documents_SLTCM_SLTCM_Previews.lrdata_9_9739_97396DB0-0A70-436A-90ED-030D6D686661-ed856696b7d16264b295fb96ab393a9c.lrprev,.lrprev,0.345,1007,1007,0
FOLDER_1307_Documents_SLTCM_SLTCM_Previews.lrdata_9_96E1_96E1F1DC-B576-4607-B2E7-8CECBDB66BC1-9c586919191da3ca55e5c030e9e002d2.lrprev,.lrprev,0.472,1007,1007,0
FOLDER_1308_Documents_SLTCM_SLTCM_Previews.lrdata_9_9693_9693442B-AD6B-4414-A67A-F1BD41C2723A-9c586919191da3ca55e5c030e9e002d2.lrprev,.lrprev,0.524,1007,1007,0
FOLDER_1309_Documents_SLTCM_SLTCM_Previews.lrdata_9_95C0_95C02846-C67A-490F-AEC8-0CAAB82FFF32-ada1bccf66b78113a166b8a4fb51890d.lrprev,.lrprev,0.067,1007,1007,0
FOLDER_1310_Documents_SLTCM_SLTCM_Previews.lrdata_9_9486_9486BF56-32C2-46BE-9684-DDC7DFF0E0DC-ed856696b7d16264b295fb96ab393a9c.lrprev,.lrprev,0.424,1007,1007,0
FOLDER_1311_Documents_SLTCM_SLTCM_Previews.lrdata_9_9462_9462FCF9-7E64-47AF-8337-10E7FA01D96B-ed856696b7d16264b295fb96ab393a9c.lrprev,.lrprev,0.361,1007,1007,0
FOLDER_1312_Documents_SLTCM_SLTCM_Previews.lrdata_9_9448_9448735A-575D-483C-B215-887BD03456BB-b82a3b3010bbcecdc294c452196093f9.lrprev,.lrprev,0.064,1007,1007,0
FOLDER_1313_Documents_SLTCM_SLTCM_Previews.lrdata_9_9407_9407DE40-88E2-49AB-84DF-2D77F66F10BE-f5af5e6c36d0aa079ed4f61b980b01e9.lrprev,.lrprev,0.084,1005,1005,0
FOLDER_1314_Documents_SLTCM_SLTCM_Previews.lrdata_9_93A4_93A4F8F4-FCD9-4F05-AB4F-68BC4CD1AFC2-9c586919191da3ca55e5c030e9e002d2.lrprev,.lrprev,0.381,1007,1007,0
FOLDER_1315_Documents_SLTCM_SLTCM_Previews.lrdata_9_91D6_91D63F88-6FC0-46B1-8453-F53108664E90-9c586919191da3ca55e5c030e9e002d2.lrprev,.lrprev,0.564,1007,1007,0
FOLDER_1316_Documents_SLTCM_SLTCM_Previews.lrdata_9_91C2_91C23EB1-4794-488D-9CE2-E7E48522122E-e462207fb8ea353e792d302668a07deb.lrprev,.lrprev,0.078,1005,1005,0
FOLDER_1317_Documents_SLTCM_SLTCM_Previews.lrdata_9_90B3_90B34D1C-E023-4955-BD47-E11016A3DB03-9c586919191da3ca55e5c030e9e002d2.lrprev,.lrprev,0.374,1007,1007,0
FOLDER_1318_Documents_SLTCM_SLTCM_Previews.lrdata_8_8FED_8FED3BEA-067F-41D4-AB01-C106060F17E0-aeb2ac39012c3b65b6a11a619a16429e.lrprev,.lrprev,0.1,1007,1007,0
FOLDER_1319_Documents_SLTCM_SLTCM_Previews.lrdata_8_8EA2_8EA25DA4-B855-471E-BBE6-5A2DCEB42FD3-7551fa2cb1b01e3e555ca20680c38251.lrprev,.lrprev,3.35,1007,1007,0
FOLDER_1320_Documents_SLTCM_SLTCM_Previews.lrdata_8_8E0E_8E0E1A8A-55D6-4E95-83B3-D6331B941A1F-9c586919191da3ca55e5c030e9e002d2.lrprev,.lrprev,0.501,1007,1007,0
FOLDER_1321_Documents_SLTCM_SLTCM_Previews.lrdata_8_8DE7_8DE71D94-310D-4E77-BC53-59BC52276900-ed856696b7d16264b295fb96ab393a9c.lrprev,.lrprev,0.579,1007,1007,0
FOLDER_1322_Documents_SLTCM_SLTCM_Previews.lrdata_8_8C84_8C84D6EB-9C9A-4019-BA95-D9608DF121C0-7551fa2cb1b01e3e555ca20680c38251.lrprev,.lrprev,2.111,1007,1007,0
FOLDER_1323_Documents_SLTCM_SLTCM_Previews.lrdata_8_8C5F_8C5FF4B5-47D9-484D-A578-E836490EE699-ed856696b7d16264b295fb96ab393a9c.lrprev,.lrprev,0.364,1007,1007,0
FOLDER_1324_Documents_SLTCM_SLTCM_Previews.lrdata_8_8C2A_8C2A5300-1EDD-453F-A666-7875CE254E53-7551fa2cb1b01e3e555ca20680c38251.lrprev,.lrprev,2.535,1007,1007,0
FOLDER_1325_Documents_SLTCM_SLTCM_Previews.lrdata_8_8BDC_8BDC956A-0C06-4AD8-BAB3-C77B6620A77B-9c586919191da3ca55e5c030e9e002d2.lrprev,.lrprev,0.44,1007,1007,0
FOLDER_1326_Documents_SLTCM_SLTCM_Previews.lrdata_8_8B7A_8B7AFFB1-3151-4E73-B7EE-60D7982FD338-7551fa2cb1b01e3e555ca20680c38251.lrprev,.lrprev,1.989,1007,1007,0
FOLDER_1327_Documents_SLTCM_SLTCM_Previews.lrdata_8_8B29_8B294FAA-D62F-4551-9A40-7A6440AC1ECD-6d061b76cdae4b4961b1b622a35e3c97.lrprev,.lrprev,0.061,1007,1007,0
FOLDER_1328_Documents_SLTCM_SLTCM_Previews.lrdata_8_8ADE_8ADE2F99-4712-4E89-9A40-60549835E1B8-4687eb2fe55323f7e1b6c28ad05a926b.lrprev,.lrprev,0.052,1007,1007,0
FOLDER_1329_Documents_SLTCM_SLTCM_Previews.lrdata_8_8AA5_8AA56156-313C-45C7-9EAF-FEB0748B45B0-7551fa2cb1b01e3e555ca20680c38251.lrprev,.lrprev,2.054,1007,1007,0
FOLDER_1330_Documents_SLTCM_SLTCM_Previews.lrdata_8_8A85_8A85E399-2FFD-455A-982C-0569C8110320-a7913edcfb6ef686a978391b1f6edd92.lrprev,.lrprev,0.087,1005,1005,0
FOLDER_1331_Documents_SLTCM_SLTCM_Previews.lrdata_8_8A3E_8A3EA294-357A-4275-AA16-B3BD7C146E6F-698ba2b0b221a2a599282df40a0c04ed.lrprev,.lrprev,0.099,1007,1007,0
FOLDER_1332_Documents_SLTCM_SLTCM_Previews.lrdata_8_8A37_8A3782C5-1A25-4861-B195-47C8B5AB54CD-0868231af5105e41fe4454e318efad42.lrprev,.lrprev,0.06,1007,1007,0
FOLDER_1333_Documents_SLTCM_SLTCM_Previews.lrdata_8_8A28_8A28C556-2FC8-44D3-8746-96A9C5FA461C-9c586919191da3ca55e5c030e9e002d2.lrprev,.lrprev,0.359,1007,1007,0
FOLDER_1334_Documents_SLTCM_SLTCM_Previews.lrdata_8_89EE_89EEB3A4-070B-4CC6-87B0-4788F42B45C8-9c586919191da3ca55e5c030e9e002d2.lrprev,.lrprev,0.367,1007,1007,0
FOLDER_1335_Documents_SLTCM_SLTCM_Previews.lrdata_8_8926_8926DDA4-7ED2-491B-8BF3-F6DCB9985A43-9c586919191da3ca55e5c030e9e002d2.lrprev,.lrprev,0.296,1007,1007,0
FOLDER_1336_Documents_SLTCM_SLTCM_Previews.lrdata_8_8914_891468FE-70D7-4A68-AA1A-36B6653C9BAE-9c586919191da3ca55e5c030e9e002d2.lrprev,.lrprev,0.392,1007,1007,0
FOLDER_1337_Documents_SLTCM_SLTCM_Previews.lrdata_8_88E6_88E6629B-BDE5-4683-B7CD-16D77E58C8A4-9c586919191da3ca55e5c030e9e002d2.lrprev,.lrprev,0.414,1007,1007,0
FOLDER_1338_Documents_SLTCM_SLTCM_Previews.lrdata_8_88A3_88A30AC6-8252-412C-89AB-7EF7283431B1-9c586919191da3ca55e5c030e9e002d2.lrprev,.lrprev,0.385,1007,1007,0
FOLDER_1339_Documents_SLTCM_SLTCM_Previews.lrdata_8_8885_88857306-E9E7-4909-A1A9-C07F3FBC378D-9c586919191da3ca55e5c030e9e002d2.lrprev,.lrprev,0.366,1007,1007,0
FOLDER_1340_Documents_SLTCM_SLTCM_Previews.lrdata_8_8884_88844524-9905-4FE3-A827-D3E98DBBFFD3-cf903eecbf6cb53e1d581b4ec3ced20a.lrprev,.lrprev,0.052,1007,1007,0
FOLDER_1341_Documents_SLTCM_SLTCM_Previews.lrdata_8_8795_87955CA1-98B6-4AAA-B830-31C4E1E003AA-ed856696b7d16264b295fb96ab393a9c.lrprev,.lrprev,0.159,1007,1007,0
FOLDER_1342_Documents_SLTCM_SLTCM_Previews.lrdata_8_877C_877CF5CC-DF89-45C7-9B3A-1B98847CAC57-df142b169532e0d0afa90a8e3c4d76f8.lrprev,.lrprev,0.09,1007,1007,0
FOLDER_1343_Documents_SLTCM_SLTCM_Previews.lrdata_8_86C4_86C49CCD-1CB4-4BDA-B2A9-5C73DD11F79D-fae1411822df43ed8fc7e075a3d4fecf.lrprev,.lrprev,0.115,1007,1007,0
FOLDER_1344_Documents_SLTCM_SLTCM_Previews.lrdata_8_8696_86964660-DF59-4182-8A69-ADA301A343F6-9c586919191da3ca55e5c030e9e002d2.lrprev,.lrprev,0.206,1007,1007,0
FOLDER_1345_Documents_SLTCM_SLTCM_Previews.lrdata_8_8686_86863191-F45D-4BD5-B8E3-80153B51B099-defb6bf798dfb1a8906fe3c8782e20ab.lrprev,.lrprev,0.072,1007,1007,0
FOLDER_1346_Documents_SLTCM_SLTCM_Previews.lrdata_8_8670_86707142-941F-4DBF-B568-D4DE16FB0927-7551fa2cb1b01e3e555ca20680c38251.lrprev,.lrprev,2.254,1007,1007,0
FOLDER_1347_Documents_SLTCM_SLTCM_Previews.lrdata_8_8670_86707A34-F6E7-485C-A728-3F1C87A61B6E-ed856696b7d16264b295fb96ab393a9c.lrprev,.lrprev,0.86,1007,1007,0
FOLDER_1348_Documents_SLTCM_SLTCM_Previews.lrdata_8_8619_8619E579-9E69-42B9-9D88-4376B937F03C-9c586919191da3ca55e5c030e9e002d2.lrprev,.lrprev,0.447,1007,1007,0
FOLDER_1349_Documents_SLTCM_SLTCM_Previews.lrdata_8_8558_85585689-DDBD-4668-AE83-F83EB177ABF2-df555af1191dd050312a3c016883e230.lrprev,.lrprev,0.467,1003,1003,0
FOLDER_1350_Documents_SLTCM_SLTCM_Previews.lrdata_8_8478_847807D6-4E8B-4266-8E92-7C45D956BEB9-7551fa2cb1b01e3e555ca20680c38251.lrprev,.lrprev,1.702,1007,1007,0
FOLDER_1351_Documents_SLTCM_SLTCM_Previews.lrdata_8_8460_8460C570-72D3-468C-9ECB-61A9B7AB602F-ed856696b7d16264b295fb96ab393a9c.lrprev,.lrprev,0.397,1007,1007,0
FOLDER_1352_Documents_SLTCM_SLTCM_Previews.lrdata_8_82ED_82ED690A-8A48-4EEF-940B-85DD82C5EBDC-55d34cf1fd99acc1a83b70955f7e3af6.lrprev,.lrprev,0.074,1007,1007,0
FOLDER_1353_Documents_SLTCM_SLTCM_Previews.lrdata_8_82E0_82E082BA-B4FB-4123-827A-6641632BD828-7551fa2cb1b01e3e555ca20680c38251.lrprev,.lrprev,1.901,1007,1007,0
FOLDER_1354_Documents_SLTCM_SLTCM_Previews.lrdata_8_81B0_81B03A52-7500-4ED6-9F50-D520040E43CF-428962b29c523b24e43579391792d4a1.lrprev,.lrprev,0.064,1007,1007,0
FOLDER_1355_Documents_SLTCM_SLTCM_Previews.lrdata_8_8116_81161014-7124-471C-AED1-102032F71321-7551fa2cb1b01e3e555ca20680c38251.lrprev,.lrprev,3.136,1007,1007,0
FOLDER_1356_Documents_SLTCM_SLTCM_Previews.lrdata_8_80B5_80B5F78C-D890-47F0-96E0-44B5DFD280D8-ed856696b7d16264b295fb96ab393a9c.lrprev,.lrprev,0.357,1007,1007,0
FOLDER_1357_Documents_SLTCM_SLTCM_Previews.lrdata_8_807F_807F22B8-2CED-4053-8839-C456BEBE365D-eccea2cd00758762a3a6dba01e2eb333.lrprev,.lrprev,0.548,1007,1007,0
FOLDER_1358_Documents_SLTCM_SLTCM_Previews.lrdata_8_8070_80701337-1E84-4A2A-96B6-86F675CBEAFE-96fe044346eb4ee56f61911dc39f79c4.lrprev,.lrprev,0.086,1007,1007,0
FOLDER_1359_Documents_SLTCM_SLTCM_Previews.lrdata_8_8024_802403D5-1013-413F-845A-5B2724CDF81B-7551fa2cb1b01e3e555ca20680c38251.lrprev,.lrprev,1.941,1007,1007,0
FOLDER_1360_Documents_SLTCM_SLTCM_Previews.lrdata_7_7FF8_7FF80A86-4A87-4BDF-978C-A3568C773016-107318f1c259f0ea50ef3ad5d0f7916b.lrprev,.lrprev,0.089,1007,1007,0
FOLDER_1361_Documents_SLTCM_SLTCM_Previews.lrdata_7_7FE9_7FE9C145-570D-4E42-B9A4-20C7D365E573-ed856696b7d16264b295fb96ab393a9c.lrprev,.lrprev,0.495,1007,1007,0
FOLDER_1362_Documents_SLTCM_SLTCM_Previews.lrdata_7_7FBD_7FBDF574-B89E-43FB-ACC9-01778CF8F5F4-9c586919191da3ca55e5c030e9e002d2.lrprev,.lrprev,0.42,1007,1007,0
FOLDER_1363_Documents_SLTCM_SLTCM_Previews.lrdata_7_7F86_7F8641B5-112E-4C81-8F71-90C57C312D37-9c586919191da3ca55e5c030e9e002d2.lrprev,.lrprev,0.312,1007,1007,0
FOLDER_1364_Documents_SLTCM_SLTCM_Previews.lrdata_7_7EF2_7EF2B36B-34BC-47D4-8A48-D1007D297801-7551fa2cb1b01e3e555ca20680c38251.lrprev,.lrprev,1.925,1007,1007,0
FOLDER_1365_Documents_SLTCM_SLTCM_Previews.lrdata_7_7E60_7E608E06-EE7A-43A5-95C5-C12E9ECBEB5E-ed856696b7d16264b295fb96ab393a9c.lrprev,.lrprev,0.137,1007,1007,0
FOLDER_1366_Documents_SLTCM_SLTCM_Previews.lrdata_7_7E47_7E4732DE-2A89-4033-B048-94852CC1BCFA-9c586919191da3ca55e5c030e9e002d2.lrprev,.lrprev,0.281,1007,1007,0
FOLDER_1367_Documents_SLTCM_SLTCM_Previews.lrdata_7_7E05_7E05C646-5C77-4A72-8E76-4CF9EEF1B790-5765537bf6ae6689909e3dfcd231e580.lrprev,.lrprev,0.08,1007,1007,0
FOLDER_1368_Documents_SLTCM_SLTCM_Previews.lrdata_7_7DED_7DEDD183-E2C8-474C-8D3F-1494277A77BA-7551fa2cb1b01e3e555ca20680c38251.lrprev,.lrprev,2.133,1007,1007,0
FOLDER_1369_Documents_SLTCM_SLTCM_Previews.lrdata_7_7CE4_7CE44E49-30A5-465A-AB96-D92B4EB9B95F-8efd89c19a86c18d1558a395d2743f17.lrprev,.lrprev,0.084,1005,1005,0
FOLDER_1370_Documents_SLTCM_SLTCM_Previews.lrdata_7_7BE6_7BE6B3CA-32E9-43BA-A1C4-98E9607B19F1-ed856696b7d16264b295fb96ab393a9c.lrprev,.lrprev,0.429,1007,1007,0
FOLDER_1371_Documents_SLTCM_SLTCM_Previews.lrdata_7_7BC4_7BC4C4A3-04B8-4B1A-AABF-BB93A7AC1D14-9c586919191da3ca55e5c030e9e002d2.lrprev,.lrprev,0.346,1007,1007,0
FOLDER_1372_Documents_SLTCM_SLTCM_Previews.lrdata_7_7BA8_7BA83589-7E99-43B6-8905-D0FA86E62B4E-89566df53cd3352698917e8182ffa8ca.lrprev,.lrprev,0.086,1005,1005,0
FOLDER_1373_Documents_SLTCM_SLTCM_Previews.lrdata_7_7B8F_7B8F65F2-DFFD-425E-8677-A6D02BC7347B-ed856696b7d16264b295fb96ab393a9c.lrprev,.lrprev,0.321,1007,1007,0
FOLDER_1374_Documents_SLTCM_SLTCM_Previews.lrdata_7_7B89_7B896D46-DC53-4DEB-9F27-269ADF2BF826-9c586919191da3ca55e5c030e9e002d2.lrprev,.lrprev,0.308,1007,1007,0
FOLDER_1375_Documents_SLTCM_SLTCM_Previews.lrdata_7_7B5E_7B5E1A15-CEA6-4E82-9F97-07992FE47809-7551fa2cb1b01e3e555ca20680c38251.lrprev,.lrprev,1.713,1007,1007,0
FOLDER_1376_Documents_SLTCM_SLTCM_Previews.lrdata_7_7B58_7B580497-ADEC-4BED-9F89-DB4EB86031FD-7551fa2cb1b01e3e555ca20680c38251.lrprev,.lrprev,2.207,1007,1007,0
FOLDER_1377_Documents_SLTCM_SLTCM_Previews.lrdata_7_7B1A_7B1AEE2D-EE6D-409C-A0E9-9153DB7D16D8-1c17c3bc7128f188f02ee07316849574.lrprev,.lrprev,0.089,1007,1007,0
FOLDER_1378_Documents_SLTCM_SLTCM_Previews.lrdata_7_7B13_7B139B87-DB9A-4ACA-AABF-75D8A8DF8E8E-ed856696b7d16264b295fb96ab393a9c.lrprev,.lrprev,0.397,1007,1007,0
FOLDER_1379_Documents_SLTCM_SLTCM_Previews.lrdata_7_79A2_79A25E14-453A-4BB3-9523-7E5CE1C2CC01-ed856696b7d16264b295fb96ab393a9c.lrprev,.lrprev,0.42,1007,1007,0
FOLDER_1380_Documents_SLTCM_SLTCM_Previews.lrdata_7_7971_79712934-2683-4FDC-AD0E-A7406D2C1EB0-86aa1e7c630319234a0f1a1b1f842b1c.lrprev,.lrprev,0.118,1007,1007,0
FOLDER_1381_Documents_SLTCM_SLTCM_Previews.lrdata_7_793E_793E7A5C-D8BA-4905-BB72-20849B7F74E3-e0f5764908b90cd296a158e0ce28ded9.lrprev,.lrprev,0.488,1003,1003,0
FOLDER_1382_Documents_SLTCM_SLTCM_Previews.lrdata_7_7915_79158328-4110-4E9C-9090-57678D7A5C8D-9c586919191da3ca55e5c030e9e002d2.lrprev,.lrprev,0.357,1007,1007,0
FOLDER_1383_Documents_SLTCM_SLTCM_Previews.lrdata_7_78CD_78CD4708-01E5-49F6-9D8D-99A6FECF80AF-8f68e77d6b39f7675c9ee2af79519dab.lrprev,.lrprev,0.06,1007,1007,0
FOLDER_1384_Documents_SLTCM_SLTCM_Previews.lrdata_7_77D6_77D605BE-87B6-4C23-B4C8-58FBCF6817FC-a72c50522c61505d531eb64cf6747c03.lrprev,.lrprev,0.071,1005,1005,0
FOLDER_1385_Documents_SLTCM_SLTCM_Previews.lrdata_7_77C2_77C2071F-478E-45CB-9398-F658D5A64C6C-9c586919191da3ca55e5c030e9e002d2.lrprev,.lrprev,0.403,1007,1007,0
FOLDER_1386_Documents_SLTCM_SLTCM_Previews.lrdata_7_77B5_77B5F439-F0F8-465C-B0DB-0FBB5C802922-9c586919191da3ca55e5c030e9e002d2.lrprev,.lrprev,0.509,1007,1007,0
FOLDER_1387_Documents_SLTCM_SLTCM_Previews.lrdata_7_76CE_76CEBF26-0C91-411D-926A-E395077F9D6F-eb7c18ac5a0ff4a6e49a640dc8c53c7e.lrprev,.lrprev,0.077,1007,1007,0
FOLDER_1388_Documents_SLTCM_SLTCM_Previews.lrdata_7_76C9_76C9AA87-67CC-4F5E-8126-4DD28097D3ED-1b6b19295358ee42e0e3d98e9f405fc9.lrprev,.lrprev,0.071,1007,1007,0
FOLDER_1389_Documents_SLTCM_SLTCM_Previews.lrdata_7_7639_76394B18-1C96-437F-80F9-8EC8CC8A862C-9c586919191da3ca55e5c030e9e002d2.lrprev,.lrprev,0.428,1007,1007,0
FOLDER_1390_Documents_SLTCM_SLTCM_Previews.lrdata_7_7597_759755B2-3B75-4EA7-8000-0183ABEA175B-9c586919191da3ca55e5c030e9e002d2.lrprev,.lrprev,0.324,1007,1007,0
FOLDER_1391_Documents_SLTCM_SLTCM_Previews.lrdata_7_7521_75216559-CD1B-4F73-AA98-35C24286223A-ed856696b7d16264b295fb96ab393a9c.lrprev,.lrprev,0.199,1007,1007,0
FOLDER_1392_Documents_SLTCM_SLTCM_Previews.lrdata_7_7507_750792DC-5081-48A8-A325-7759C5379670-9c586919191da3ca55e5c030e9e002d2.lrprev,.lrprev,0.408,1007,1007,0
FOLDER_1393_Documents_SLTCM_SLTCM_Previews.lrdata_7_7452_745230E3-A76A-460C-BECE-5F062B747DDC-7551fa2cb1b01e3e555ca20680c38251.lrprev,.lrprev,1.868,1007,1007,0
FOLDER_1394_Documents_SLTCM_SLTCM_Previews.lrdata_7_7382_73820E17-BF8F-4301-8551-75BDA204B758-9c586919191da3ca55e5c030e9e002d2.lrprev,.lrprev,0.407,1007,1007,0
FOLDER_1395_Documents_SLTCM_SLTCM_Previews.lrdata_7_734C_734CE05E-ED8B-4739-AEBA-7CFF20BE0F40-ed856696b7d16264b295fb96ab393a9c.lrprev,.lrprev,0.941,1007,1007,0
FOLDER_1396_Documents_SLTCM_SLTCM_Previews.lrdata_7_730A_730AC8D9-299A-41E0-B834-AA4EE94E476F-9c586919191da3ca55e5c030e9e002d2.lrprev,.lrprev,0.402,1007,1007,0
FOLDER_1397_Documents_SLTCM_SLTCM_Previews.lrdata_7_72B1_72B1DC75-A694-4FBB-B997-02C28375CD94-9c586919191da3ca55e5c030e9e002d2.lrprev,.lrprev,0.527,1007,1007,0
FOLDER_1398_Documents_SLTCM_SLTCM_Previews.lrdata_7_7275_72754A5A-6513-422A-8982-811375EC63E3-7d9abc856fed3f30a35326b5a64f7136.lrprev,.lrprev,0.06,1007,1007,0
FOLDER_1399_Documents_SLTCM_SLTCM_Previews.lrdata_7_71F2_71F2E957-281E-4768-9422-100CAC2B53A5-9c586919191da3ca55e5c030e9e002d2.lrprev,.lrprev,0.326,1007,1007,0
FOLDER_1400_Documents_SLTCM_SLTCM_Previews.lrdata_7_719B_719B33C2-9E20-411C-8BE2-EBF2A23EC1C3-ed856696b7d16264b295fb96ab393a9c.lrprev,.lrprev,0.125,1007,1007,0
FOLDER_1401_Documents_SLTCM_SLTCM_Previews.lrdata_7_716A_716A35F2-CF0C-4FEB-88D4-29FAAE7A999A-f505ba5e594a5a1a4380355dac5453a8.lrprev,.lrprev,0.063,1007,1007,0
FOLDER_1402_Documents_SLTCM_SLTCM_Previews.lrdata_7_70C1_70C12EFC-0234-468F-A5DD-03602022B1B1-9c586919191da3ca55e5c030e9e002d2.lrprev,.lrprev,0.427,1007,1007,0
FOLDER_1403_Documents_SLTCM_SLTCM_Previews.lrdata_7_709C_709C0E93-2203-45AB-91CC-18746E4DD646-9c586919191da3ca55e5c030e9e002d2.lrprev,.lrprev,0.506,1007,1007,0
FOLDER_1404_Documents_SLTCM_SLTCM_Previews.lrdata_7_704F_704F86FD-55E9-4734-B4CD-D6DAD0EE4BB3-9c586919191da3ca55e5c030e9e002d2.lrprev,.lrprev,0.311,1007,1007,0
FOLDER_1405_Documents_SLTCM_SLTCM_Previews.lrdata_6_6F50_6F50C660-8C6D-4C55-BC2D-0BABF5BCCE9C-9c586919191da3ca55e5c030e9e002d2.lrprev,.lrprev,0.299,1007,1007,0
FOLDER_1406_Documents_SLTCM_SLTCM_Previews.lrdata_6_6EF0_6EF07A22-7667-4C53-865E-7D8C116B120F-c9511472c64824484c072f3669e894de.lrprev,.lrprev,0.067,1007,1007,0
FOLDER_1407_Documents_SLTCM_SLTCM_Previews.lrdata_6_6EC9_6EC90841-5142-464F-A703-8746DA315DFB-9c586919191da3ca55e5c030e9e002d2.lrprev,.lrprev,0.37,1007,1007,0
FOLDER_1408_Documents_SLTCM_SLTCM_Previews.lrdata_6_6EB8_6EB8F3F3-2D03-41AB-B5F6-697DAAD68513-9c586919191da3ca55e5c030e9e002d2.lrprev,.lrprev,0.377,1007,1007,0
FOLDER_1409_Documents_SLTCM_SLTCM_Previews.lrdata_6_6E2D_6E2DF0CF-E809-43D0-812C-3024EB11864B-ed856696b7d16264b295fb96ab393a9c.lrprev,.lrprev,0.43,1007,1007,0
FOLDER_1410_Documents_SLTCM_SLTCM_Previews.lrdata_6_6D80_6D807FBB-DBD8-4FD3-B58E-0CDFB4F99CEF-7551fa2cb1b01e3e555ca20680c38251.lrprev,.lrprev,2.184,1007,1007,0
FOLDER_1411_Documents_SLTCM_SLTCM_Previews.lrdata_6_6D15_6D1598AB-67CE-43F9-8F54-77CD40FED0B6-ed856696b7d16264b295fb96ab393a9c.lrprev,.lrprev,0.826,1007,1007,0
FOLDER_1412_Documents_SLTCM_SLTCM_Previews.lrdata_6_6CB2_6CB2E4D6-DBC8-423F-9F71-4988D58DA436-ed856696b7d16264b295fb96ab393a9c.lrprev,.lrprev,0.304,1007,1007,0
FOLDER_1413_Documents_SLTCM_SLTCM_Previews.lrdata_6_6C8F_6C8F03F5-CB55-4962-9641-12C2B2584047-e39021b632ae870200b69e2ecff9f8e2.lrprev,.lrprev,0.075,1007,1007,0
FOLDER_1414_Documents_SLTCM_SLTCM_Previews.lrdata_6_6C7D_6C7D889E-CC05-4923-8A24-57057EB94505-ed856696b7d16264b295fb96ab393a9c.lrprev,.lrprev,0.316,1007,1007,0
FOLDER_1415_Documents_SLTCM_SLTCM_Previews.lrdata_6_6BD0_6BD01AA6-5016-4743-814B-FAAAE87DE47D-9c586919191da3ca55e5c030e9e002d2.lrprev,.lrprev,0.346,1007,1007,0
FOLDER_1416_Documents_SLTCM_SLTCM_Previews.lrdata_6_6B8B_6B8BF979-5F8F-4838-8875-851E0BB871D9-ed856696b7d16264b295fb96ab393a9c.lrprev,.lrprev,0.32,1007,1007,0
FOLDER_1417_Documents_SLTCM_SLTCM_Previews.lrdata_6_6B84_6B845409-4EED-49A3-821B-AA1A16F7238B-9c586919191da3ca55e5c030e9e002d2.lrprev,.lrprev,0.358,1007,1007,0
FOLDER_1418_Documents_SLTCM_SLTCM_Previews.lrdata_6_6A7D_6A7DB875-2D65-47BE-B645-FB08E4B521A2-9c586919191da3ca55e5c030e9e002d2.lrprev,.lrprev,0.357,1007,1007,0
FOLDER_1419_Documents_SLTCM_SLTCM_Previews.lrdata_6_6A3F_6A3F3E4F-0B07-4263-B757-E77FCCA2DBA2-b99a6b251cf5e8c617ed9be53d756789.lrprev,.lrprev,0.591,1003,1003,0
FOLDER_1420_Documents_SLTCM_SLTCM_Previews.lrdata_6_6A20_6A20A6AA-3F09-4727-BCB1-707DC06A2589-9c586919191da3ca55e5c030e9e002d2.lrprev,.lrprev,0.314,1007,1007,0
FOLDER_1421_Documents_SLTCM_SLTCM_Previews.lrdata_6_69E3_69E34719-250C-4E90-A142-937761E5D014-f48cd20676dda6295dcf1d0984e88b77.lrprev,.lrprev,0.65,1003,1003,0
FOLDER_1422_Documents_SLTCM_SLTCM_Previews.lrdata_6_68D8_68D8BE76-0889-42B7-9066-D31CE826A949-7551fa2cb1b01e3e555ca20680c38251.lrprev,.lrprev,1.909,1007,1007,0
FOLDER_1423_Documents_SLTCM_SLTCM_Previews.lrdata_6_66F6_66F6821B-FE34-4282-8ECE-D020ADCEA173-7551fa2cb1b01e3e555ca20680c38251.lrprev,.lrprev,1.458,1007,1007,0
FOLDER_1424_Documents_SLTCM_SLTCM_Previews.lrdata_6_66EB_66EBB82A-6F2B-4AEB-A754-A268F150FECE-ed856696b7d16264b295fb96ab393a9c.lrprev,.lrprev,0.443,1007,1007,0
FOLDER_1425_Documents_SLTCM_SLTCM_Previews.lrdata_6_6621_6621A9AA-94D1-4ACB-B14B-983117AED752-9c586919191da3ca55e5c030e9e002d2.lrprev,.lrprev,0.367,1007,1007,0
FOLDER_1426_Documents_SLTCM_SLTCM_Previews.lrdata_6_660F_660FF40C-D247-4124-9160-592733FAA7CB-7551fa2cb1b01e3e555ca20680c38251.lrprev,.lrprev,1.654,1007,1007,0
FOLDER_1427_Documents_SLTCM_SLTCM_Previews.lrdata_6_65A4_65A462B6-496C-46E3-BF8D-2F74E3E9220F-ee9ba4e854edb1cf5c404052ca063fc9.lrprev,.lrprev,0.069,1005,1005,0
FOLDER_1428_Documents_SLTCM_SLTCM_Previews.lrdata_6_655B_655BA5D6-D509-433F-8A50-DB2F72E9F3F7-79a61c5cb381d6564877ce15773ba4d6.lrprev,.lrprev,0.108,1007,1007,0
FOLDER_1429_Documents_SLTCM_SLTCM_Previews.lrdata_6_650E_650EB255-F77B-4C0B-ACF7-2326A0CA9ED1-97838cfd30b3b417cfb2b9ba09e20823.lrprev,.lrprev,0.06,1005,1005,0
FOLDER_1430_Documents_SLTCM_SLTCM_Previews.lrdata_6_6449_64495AD3-7CF4-4190-8099-8E1556CF6573-ed856696b7d16264b295fb96ab393a9c.lrprev,.lrprev,0.444,1007,1007,0
FOLDER_1431_Documents_SLTCM_SLTCM_Previews.lrdata_6_63CB_63CB4468-0D71-4D3E-815A-5BD78C13B750-ceb91a1b07a6c82660ad110ad12eda8a.lrprev,.lrprev,0.075,1005,1005,0
FOLDER_1432_Documents_SLTCM_SLTCM_Previews.lrdata_6_6394_63945B0C-AD01-4789-A2EA-A43549AF72C9-ed856696b7d16264b295fb96ab393a9c.lrprev,.lrprev,0.446,1007,1007,0
FOLDER_1433_Documents_SLTCM_SLTCM_Previews.lrdata_6_629B_629B54E7-F1E1-4B4C-954D-68D5336F27FB-9c586919191da3ca55e5c030e9e002d2.lrprev,.lrprev,0.383,1007,1007,0
FOLDER_1434_Documents_SLTCM_SLTCM_Previews.lrdata_6_628B_628BFD8A-761C-44FA-9745-19E22A823658-bd94692540e076338713f6e7ffe35dcd.lrprev,.lrprev,0.076,1007,1007,0
FOLDER_1435_Documents_SLTCM_SLTCM_Previews.lrdata_6_6225_62259EF7-41A5-45FF-B322-2812ADC489AB-7551fa2cb1b01e3e555ca20680c38251.lrprev,.lrprev,4.242,1007,1007,0
FOLDER_1436_Documents_SLTCM_SLTCM_Previews.lrdata_6_60CE_60CEA315-3C61-45D2-A714-58C8DAC7143D-0a9e68298906927b050ecbe0ee4f4587.lrprev,.lrprev,0.073,1005,1005,0
FOLDER_1437_Documents_SLTCM_SLTCM_Previews.lrdata_5_5F70_5F701ADE-458A-43C2-89A6-00A4D900850A-9c586919191da3ca55e5c030e9e002d2.lrprev,.lrprev,0.37,1007,1007,0
FOLDER_1438_Documents_SLTCM_SLTCM_Previews.lrdata_5_5F54_5F544454-0E07-48B8-AD52-F5BAFCEE46A3-7551fa2cb1b01e3e555ca20680c38251.lrprev,.lrprev,4.588,1007,1007,0
FOLDER_1439_Documents_SLTCM_SLTCM_Previews.lrdata_5_5F16_5F16F8B9-A1F8-4718-8FF7-136F04CF2612-4300bff7c8fe637658af90aba23ac6f0.lrprev,.lrprev,0.088,1007,1007,0
FOLDER_1440_Documents_SLTCM_SLTCM_Previews.lrdata_5_5F05_5F05DB54-A0ED-423E-91A3-66107A79022B-9c586919191da3ca55e5c030e9e002d2.lrprev,.lrprev,0.404,1007,1007,0
FOLDER_1441_Documents_SLTCM_SLTCM_Previews.lrdata_5_5E70_5E704BCC-1926-4549-ACFB-8BE994A0F7C0-7551fa2cb1b01e3e555ca20680c38251.lrprev,.lrprev,2.195,1007,1007,0
FOLDER_1442_Documents_SLTCM_SLTCM_Previews.lrdata_5_5E10_5E10B44C-71B2-4816-913E-FE720450796F-4a1ac1d4cd8a9f1da74a186ae351afb7.lrprev,.lrprev,0.066,1007,1007,0
FOLDER_1443_Documents_SLTCM_SLTCM_Previews.lrdata_5_5D9B_5D9BCED6-16DB-4E04-A1DF-63D7B3AF4B71-6fc7fe09ab2728b0f149665551f30782.lrprev,.lrprev,0.1,1007,1007,0
FOLDER_1444_Documents_SLTCM_SLTCM_Previews.lrdata_5_5D6E_5D6E6E1F-7AA7-4769-90AF-379A2B792788-9c586919191da3ca55e5c030e9e002d2.lrprev,.lrprev,0.414,1007,1007,0
FOLDER_1445_Documents_SLTCM_SLTCM_Previews.lrdata_5_5D46_5D46661A-18B0-44B2-B664-524AEBE6A5A8-ed856696b7d16264b295fb96ab393a9c.lrprev,.lrprev,0.336,1007,1007,0
FOLDER_1446_Documents_SLTCM_SLTCM_Previews.lrdata_5_5CF9_5CF9F273-D9C5-4E43-AB6B-EFD781D3CABF-96c00123a36e2e4df7285ce051f78c4a.lrprev,.lrprev,0.071,1007,1007,0
FOLDER_1447_Documents_SLTCM_SLTCM_Previews.lrdata_5_5CF0_5CF084B0-5C60-4FAE-9580-BE47E4332C02-9c586919191da3ca55e5c030e9e002d2.lrprev,.lrprev,0.581,1007,1007,0
FOLDER_1448_Documents_SLTCM_SLTCM_Previews.lrdata_5_5CBF_5CBFC96E-7D4A-44AA-AAFB-3ABE30D9119C-a35fd5eab9391114bdcd6c2c5ab58046.lrprev,.lrprev,0.105,1007,1007,0
FOLDER_1449_Documents_SLTCM_SLTCM_Previews.lrdata_5_5C7B_5C7B6F01-CCB7-4B63-929B-216CCD1E5418-7551fa2cb1b01e3e555ca20680c38251.lrprev,.lrprev,2.363,1007,1007,0
FOLDER_1450_Documents_SLTCM_SLTCM_Previews.lrdata_5_5C2E_5C2E4643-B618-47F2-B262-CB13A4CCDE70-04817b0c8a87e23f43baa94f748300bd.lrprev,.lrprev,0.101,1005,1005,0
FOLDER_1451_Documents_SLTCM_SLTCM_Previews.lrdata_5_5BF7_5BF7780F-C5D4-4541-9613-6D648E232427-9c586919191da3ca55e5c030e9e002d2.lrprev,.lrprev,0.338,1007,1007,0
FOLDER_1452_Documents_SLTCM_SLTCM_Previews.lrdata_5_5B7E_5B7EC50C-6D3A-4051-A6F8-CDE72DA9E46B-7551fa2cb1b01e3e555ca20680c38251.lrprev,.lrprev,1.997,1007,1007,0
FOLDER_1453_Documents_SLTCM_SLTCM_Previews.lrdata_5_5B3C_5B3C67ED-613B-4D70-9794-46A197FF8C82-ed856696b7d16264b295fb96ab393a9c.lrprev,.lrprev,0.11,1007,1007,0
FOLDER_1454_Documents_SLTCM_SLTCM_Previews.lrdata_5_5A75_5A7556EA-39A7-4D22-A7C7-127CB147E7D5-8f68e77d6b39f7675c9ee2af79519dab.lrprev,.lrprev,0.667,1003,1003,0
FOLDER_1455_Documents_SLTCM_SLTCM_Previews.lrdata_5_59D2_59D20055-B838-4AD5-B239-FEE9C044B980-77c6068fab7e807e229ea369580b4ff4.lrprev,.lrprev,0.059,1007,1007,0
FOLDER_1456_Documents_SLTCM_SLTCM_Previews.lrdata_5_598A_598A2134-C2E9-4259-A0A4-51121B456284-7551fa2cb1b01e3e555ca20680c38251.lrprev,.lrprev,2.163,1007,1007,0
FOLDER_1457_Documents_SLTCM_SLTCM_Previews.lrdata_5_5975_597575B0-0596-4A03-87CD-CE051E50DE9D-d421bc8247083b7a27dd54a2a8fd5841.lrprev,.lrprev,0.462,1003,1003,0
FOLDER_1458_Documents_SLTCM_SLTCM_Previews.lrdata_5_5965_59654073-5E38-4EBA-8693-5B3FA79CE5D8-9c586919191da3ca55e5c030e9e002d2.lrprev,.lrprev,0.397,1007,1007,0
FOLDER_1459_Documents_SLTCM_SLTCM_Previews.lrdata_5_587A_587A4D30-84FA-482B-8F48-CC4541AA9B0E-4580f8ddc50ba7d1913f1df7ad962ae5.lrprev,.lrprev,0.079,1007,1007,0
FOLDER_1460_Documents_SLTCM_SLTCM_Previews.lrdata_5_5820_582069F3-DB08-4944-AA94-EAAC8BAA8399-7551fa2cb1b01e3e555ca20680c38251.lrprev,.lrprev,2.081,1007,1007,0
FOLDER_1461_Documents_SLTCM_SLTCM_Previews.lrdata_5_57B2_57B2ECFA-70B9-4697-8A46-5877317B5960-7551fa2cb1b01e3e555ca20680c38251.lrprev,.lrprev,1.896,1007,1007,0
FOLDER_1462_Documents_SLTCM_SLTCM_Previews.lrdata_5_5773_5773022F-119D-40DB-AB90-B96DCB9C9281-9c586919191da3ca55e5c030e9e002d2.lrprev,.lrprev,0.457,1007,1007,0
FOLDER_1463_Documents_SLTCM_SLTCM_Previews.lrdata_5_570D_570DF772-3039-469E-9AB7-3BBC8FBB83B4-9c586919191da3ca55e5c030e9e002d2.lrprev,.lrprev,0.425,1007,1007,0
FOLDER_1464_Documents_SLTCM_SLTCM_Previews.lrdata_5_561D_561D9A8F-5A3C-4A5B-85CE-CE5F2FF63798-9c586919191da3ca55e5c030e9e002d2.lrprev,.lrprev,0.409,1007,1007,0
FOLDER_1465_Documents_SLTCM_SLTCM_Previews.lrdata_5_54A6_54A699EC-8D71-43F2-BCE8-537F9E99AA64-6a33078142b348f0baba45617027ab3f.lrprev,.lrprev,0.058,1007,1007,0
FOLDER_1466_Documents_SLTCM_SLTCM_Previews.lrdata_5_53DA_53DA3971-E679-4D36-8A10-46C093869AF6-9c586919191da3ca55e5c030e9e002d2.lrprev,.lrprev,0.296,1007,1007,0
FOLDER_1467_Documents_SLTCM_SLTCM_Previews.lrdata_5_5385_53854EF8-2AF4-4C1A-A33E-B7352E588BF5-5142f31b33bd76b6d1e7b4037ca3bb27.lrprev,.lrprev,0.061,1007,1007,0
FOLDER_1468_Documents_SLTCM_SLTCM_Previews.lrdata_5_531A_531AD944-8982-4326-8FE1-EAA9570A30D5-9c586919191da3ca55e5c030e9e002d2.lrprev,.lrprev,0.395,1007,1007,0
FOLDER_1469_Documents_SLTCM_SLTCM_Previews.lrdata_5_52C5_52C5941C-D46E-4F56-BB96-8A4C42D5E7AF-27378adff923c48dde081b805de1c525.lrprev,.lrprev,0.061,1007,1007,0
FOLDER_1470_Documents_SLTCM_SLTCM_Previews.lrdata_5_52B1_52B11FD8-6696-44EE-8D0C-DFAD7FF4A94F-7551fa2cb1b01e3e555ca20680c38251.lrprev,.lrprev,2.137,1007,1007,0
FOLDER_1471_Documents_SLTCM_SLTCM_Previews.lrdata_5_5234_523454B5-C370-4D0D-813E-147CA6FB707A-7551fa2cb1b01e3e555ca20680c38251.lrprev,.lrprev,1.918,1007,1007,0
FOLDER_1472_Documents_SLTCM_SLTCM_Previews.lrdata_5_5189_5189BEA1-A042-4E9E-8880-EB122EB2006B-b99a6b251cf5e8c617ed9be53d756789.lrprev,.lrprev,0.077,1007,1007,0
FOLDER_1473_Documents_SLTCM_SLTCM_Previews.lrdata_5_5175_5175ED8E-D0BA-4E8F-885A-3E396ED0CC12-5d0a513834195387e6bac1693f24ac35.lrprev,.lrprev,0.06,1007,1007,0
FOLDER_1474_Documents_SLTCM_SLTCM_Previews.lrdata_5_5151_5151A5D3-9DA1-41EA-B7AC-47172241D104-9c586919191da3ca55e5c030e9e002d2.lrprev,.lrprev,0.386,1007,1007,0
FOLDER_1475_Documents_SLTCM_SLTCM_Previews.lrdata_5_5113_51131D09-3B3E-4232-A5A0-1B554A4B5D76-8a02efc9cb0015b70db914f387ccf467.lrprev,.lrprev,0.067,1007,1007,0
FOLDER_1476_Documents_SLTCM_SLTCM_Previews.lrdata_5_50E9_50E9C127-9D27-491B-9E8C-9BF0372D25F4-ed856696b7d16264b295fb96ab393a9c.lrprev,.lrprev,0.351,1007,1007,0
FOLDER_1477_Documents_SLTCM_SLTCM_Previews.lrdata_5_50E3_50E3C4E7-730F-42B9-B417-801B39285EEF-9c586919191da3ca55e5c030e9e002d2.lrprev,.lrprev,0.328,1007,1007,0
FOLDER_1478_Documents_SLTCM_SLTCM_Previews.lrdata_5_507C_507C3300-2AFC-4CF9-B07B-D057D5D2C0A4-ed856696b7d16264b295fb96ab393a9c.lrprev,.lrprev,0.854,1007,1007,0
FOLDER_1479_Documents_SLTCM_SLTCM_Previews.lrdata_4_4F5C_4F5CAAB0-44EA-48DE-B532-D79B1A2FB797-ed856696b7d16264b295fb96ab393a9c.lrprev,.lrprev,0.154,1007,1007,0
FOLDER_1480_Documents_SLTCM_SLTCM_Previews.lrdata_4_4F5A_4F5A4915-D1F2-4FAF-8AE6-06A16C15DA97-ed856696b7d16264b295fb96ab393a9c.lrprev,.lrprev,0.346,1007,1007,0
FOLDER_1481_Documents_SLTCM_SLTCM_Previews.lrdata_4_4F4C_4F4C858F-5F4F-4A18-904A-4E9701D30FBA-c0491b0c6546f22554681840a36a9210.lrprev,.lrprev,0.089,1007,1007,0
FOLDER_1482_Documents_SLTCM_SLTCM_Previews.lrdata_4_4F2D_4F2D8F34-E51A-466E-B016-F0C18933BC62-7551fa2cb1b01e3e555ca20680c38251.lrprev,.lrprev,2.001,1007,1007,0
FOLDER_1483_Documents_SLTCM_SLTCM_Previews.lrdata_4_4EDC_4EDC2D68-D9C6-47A1-843B-1B8AF67D4DF5-c9313b2954c07ee79c27d231c54122b3.lrprev,.lrprev,0.799,1003,1003,0
FOLDER_1484_Documents_SLTCM_SLTCM_Previews.lrdata_4_4E83_4E839980-1128-44D5-9E71-B9BD15CADB4F-9c586919191da3ca55e5c030e9e002d2.lrprev,.lrprev,0.377,1007,1007,0
FOLDER_1485_Documents_SLTCM_SLTCM_Previews.lrdata_4_4E43_4E43FC5E-D476-439C-81D8-567E6ECDBABF-9c586919191da3ca55e5c030e9e002d2.lrprev,.lrprev,0.363,1007,1007,0
FOLDER_1486_Documents_SLTCM_SLTCM_Previews.lrdata_4_4E3C_4E3C8489-4556-45C7-9677-B105E420FBAE-6629ca594f66c8a6932706cb632fc1cc.lrprev,.lrprev,0.818,1002,1002,0
FOLDER_1487_Documents_SLTCM_SLTCM_Previews.lrdata_4_4E06_4E06B800-D5EC-4BFD-93E3-7E4EFD581A99-ed856696b7d16264b295fb96ab393a9c.lrprev,.lrprev,0.718,1007,1007,0
FOLDER_1488_Documents_SLTCM_SLTCM_Previews.lrdata_4_4DE6_4DE6B307-30A7-43EB-8A22-BA49A5889E79-ed856696b7d16264b295fb96ab393a9c.lrprev,.lrprev,0.488,1007,1007,0
FOLDER_1489_Documents_SLTCM_SLTCM_Previews.lrdata_4_4DC1_4DC1F838-C1C3-4322-B419-57F3852AC1D1-9c586919191da3ca55e5c030e9e002d2.lrprev,.lrprev,0.292,1007,1007,0
FOLDER_1490_Documents_SLTCM_SLTCM_Previews.lrdata_4_4DB3_4DB3D7E8-C0D0-4994-81E4-26C7B7918DB3-7184e7eb6c26331071386d1b014f8920.lrprev,.lrprev,0.094,1007,1007,0
FOLDER_1491_Documents_SLTCM_SLTCM_Previews.lrdata_4_4DAE_4DAEB567-C9AE-4C5A-B989-E6EECF51C6DB-fc3a88b503a535c08715095a51bbbfee.lrprev,.lrprev,0.094,1007,1007,0
FOLDER_1492_Documents_SLTCM_SLTCM_Previews.lrdata_4_4D70_4D70CBB3-32D6-488D-959F-74B404C4C60E-01f2f6c6178e051ec6eb961ee065b248.lrprev,.lrprev,0.663,1002,1002,0
FOLDER_1493_Documents_SLTCM_SLTCM_Previews.lrdata_4_4D20_4D20961C-0B3F-4002-ACDD-903DAABA0678-e4af71abc3c9a52529308bbedce680a2.lrprev,.lrprev,0.061,1007,1007,0
FOLDER_1494_Documents_SLTCM_SLTCM_Previews.lrdata_4_4BA9_4BA98EF2-96EC-4E30-A36B-FB328257775F-b740900d0fad6d8e3bcb2757d73fc063.lrprev,.lrprev,0.078,1007,1007,0
FOLDER_1495_Documents_SLTCM_SLTCM_Previews.lrdata_4_4BA1_4BA17613-8EE8-46C3-9B9A-203386B39A1E-4b48162da5d503562f4df8d49abefa33.lrprev,.lrprev,0.076,1005,1005,0
FOLDER_1496_Documents_SLTCM_SLTCM_Previews.lrdata_4_4AFF_4AFFF6F8-A22C-4B6D-B7E8-3D80D74C0AE2-ed856696b7d16264b295fb96ab393a9c.lrprev,.lrprev,1.058,1007,1007,0
FOLDER_1497_Documents_SLTCM_SLTCM_Previews.lrdata_4_49F5_49F52C75-5D56-46C5-AA19-61414BE3F23A-9c586919191da3ca55e5c030e9e002d2.lrprev,.lrprev,0.384,1007,1007,0
FOLDER_1498_Documents_SLTCM_SLTCM_Previews.lrdata_4_49B3_49B3A3C8-E8E6-4E2E-8DD8-D648BB97CACE-7551fa2cb1b01e3e555ca20680c38251.lrprev,.lrprev,1.662,1007,1007,0
FOLDER_1499_Documents_SLTCM_SLTCM_Previews.lrdata_4_4973_4973941C-1763-4AAA-815F-918E48A3BCC3-0aaf24e926f70b7c8ba3db90251d088e.lrprev,.lrprev,0.091,1005,1005,0
FOLDER_1500_Documents_SLTCM_SLTCM_Previews.lrdata_4_4950_49507B34-934A-47EC-8F2E-FE3E793C3CC1-ed856696b7d16264b295fb96ab393a9c.lrprev,.lrprev,0.103,1007,1007,0
FOLDER_1501_Documents_SLTCM_SLTCM_Previews.lrdata_4_4946_4946F367-B2D4-4361-A393-87DC2F856A8A-7551fa2cb1b01e3e555ca20680c38251.lrprev,.lrprev,1.931,1007,1007,0
FOLDER_1502_Documents_SLTCM_SLTCM_Previews.lrdata_4_4911_49114A53-93AA-4D86-A69C-A64E3FDB65EE-f547f658f3d219e506e0e28072c9b1c9.lrprev,.lrprev,0.067,1005,1005,0
FOLDER_1503_Documents_SLTCM_SLTCM_Previews.lrdata_4_48BE_48BE1527-EF41-492F-91E8-86DD8769C5A3-7551fa2cb1b01e3e555ca20680c38251.lrprev,.lrprev,4.26,1007,1007,0
FOLDER_1504_Documents_SLTCM_SLTCM_Previews.lrdata_4_47F6_47F6B6E5-DCF6-42EB-8DB2-FB63D3943B3E-9c586919191da3ca55e5c030e9e002d2.lrprev,.lrprev,0.377,1007,1007,0
FOLDER_1505_Documents_SLTCM_SLTCM_Previews.lrdata_4_46FA_46FAB5BB-0784-4D6E-BF22-716736306E04-ed856696b7d16264b295fb96ab393a9c.lrprev,.lrprev,0.879,1007,1007,0
FOLDER_1506_Documents_SLTCM_SLTCM_Previews.lrdata_4_461D_461D510E-2A61-4B1C-940E-59E8112B383D-9c586919191da3ca55e5c030e9e002d2.lrprev,.lrprev,0.347,1007,1007,0
FOLDER_1507_Documents_SLTCM_SLTCM_Previews.lrdata_4_45FF_45FF20DB-EF02-484D-B6F6-C4829991C59C-ed856696b7d16264b295fb96ab393a9c.lrprev,.lrprev,0.404,1007,1007,0
FOLDER_1508_Documents_SLTCM_SLTCM_Previews.lrdata_4_45D9_45D9CC01-56B4-4BA6-B9D2-F5DDEA8FE39F-9c586919191da3ca55e5c030e9e002d2.lrprev,.lrprev,0.453,1007,1007,0
FOLDER_1509_Documents_SLTCM_SLTCM_Previews.lrdata_4_45B0_45B0A883-5DD5-48D2-9F07-D852A02479CE-7551fa2cb1b01e3e555ca20680c38251.lrprev,.lrprev,1.687,1007,1007,0
FOLDER_1510_Documents_SLTCM_SLTCM_Previews.lrdata_4_44E3_44E36EDF-2EFE-4F33-9939-403D02AEF3E2-ad744f6f9738ebe0d3ea9f64399a4165.lrprev,.lrprev,0.088,1007,1007,0
FOLDER_1511_Documents_SLTCM_SLTCM_Previews.lrdata_4_4428_44281AF1-B33E-47D2-B576-97AC82409E01-9c586919191da3ca55e5c030e9e002d2.lrprev,.lrprev,0.359,1007,1007,0
FOLDER_1512_Documents_SLTCM_SLTCM_Previews.lrdata_4_438A_438ACC4C-783F-4F25-BEDC-A80735755BF5-ed856696b7d16264b295fb96ab393a9c.lrprev,.lrprev,0.252,1007,1007,0
FOLDER_1513_Documents_SLTCM_SLTCM_Previews.lrdata_4_4343_434307A2-6E65-4E32-A234-20DF13D36AFF-ed856696b7d16264b295fb96ab393a9c.lrprev,.lrprev,0.469,1007,1007,0
FOLDER_1514_Documents_SLTCM_SLTCM_Previews.lrdata_4_42A8_42A843B5-4BDE-4356-95BE-8050E1FD8813-ed856696b7d16264b295fb96ab393a9c.lrprev,.lrprev,0.315,1007,1007,0
FOLDER_1515_Documents_SLTCM_SLTCM_Previews.lrdata_4_4285_4285D08B-634B-4912-856A-B55365FBCFDA-5cec202fee98aaef43740cf61096d222.lrprev,.lrprev,0.07,1005,1005,0
FOLDER_1516_Documents_SLTCM_SLTCM_Previews.lrdata_4_4268_42683591-7C50-43CE-9CF1-A64463389332-ecd71b3bff42e473bb3c1abebd593556.lrprev,.lrprev,0.068,1005,1005,0
FOLDER_1517_Documents_SLTCM_SLTCM_Previews.lrdata_4_4259_4259A095-CDDC-4286-9A63-FD3BC76AE5D7-9c586919191da3ca55e5c030e9e002d2.lrprev,.lrprev,0.342,1007,1007,0
FOLDER_1518_Documents_SLTCM_SLTCM_Previews.lrdata_4_41DF_41DF5FEC-8F4A-447D-A5C7-73793245EA38-ed856696b7d16264b295fb96ab393a9c.lrprev,.lrprev,0.37,1007,1007,0
FOLDER_1519_Documents_SLTCM_SLTCM_Previews.lrdata_4_41BC_41BCFD55-2297-44B5-B65F-04C1C4537211-9c586919191da3ca55e5c030e9e002d2.lrprev,.lrprev,0.353,1007,1007,0
FOLDER_1520_Documents_SLTCM_SLTCM_Previews.lrdata_4_4199_41995DBF-A793-46F9-8BAA-367F92957B8C-ed856696b7d16264b295fb96ab393a9c.lrprev,.lrprev,0.136,1007,1007,0
FOLDER_1521_Documents_SLTCM_SLTCM_Previews.lrdata_4_4122_4122F3B4-A8C3-4BDF-AC10-9BEE78852C49-314b863fe6f66a89ec461ff9a56a567a.lrprev,.lrprev,0.061,1005,1005,0
FOLDER_1522_Documents_SLTCM_SLTCM_Previews.lrdata_4_4025_4025F838-D888-4059-876C-C46A46BFEEE0-7551fa2cb1b01e3e555ca20680c38251.lrprev,.lrprev,2.324,1007,1007,0
FOLDER_1523_Documents_SLTCM_SLTCM_Previews.lrdata_4_400B_400B2AE3-14DB-4738-B24F-FE4C4B0A2DC9-ed856696b7d16264b295fb96ab393a9c.lrprev,.lrprev,0.155,1007,1007,0
FOLDER_1524_Documents_SLTCM_SLTCM_Previews.lrdata_3_3FD7_3FD7364B-AD9A-4024-A272-A33C90EA36BD-9c586919191da3ca55e5c030e9e002d2.lrprev,.lrprev,0.472,1007,1007,0
FOLDER_1525_Documents_SLTCM_SLTCM_Previews.lrdata_3_3F76_3F761D19-63C7-4CB0-9F6A-FDE03C9929D2-ed856696b7d16264b295fb96ab393a9c.lrprev,.lrprev,0.154,1007,1007,0
FOLDER_1526_Documents_SLTCM_SLTCM_Previews.lrdata_3_3F6C_3F6CCDFB-96B5-487A-85A9-DB0AD6E89EBB-7551fa2cb1b01e3e555ca20680c38251.lrprev,.lrprev,2.141,1007,1007,0
FOLDER_1527_Documents_SLTCM_SLTCM_Previews.lrdata_3_3EF9_3EF9B5E4-48AA-4521-91CA-AF745BD4F2FE-1d636b5cf8d29265e279d9fb0c248011.lrprev,.lrprev,0.069,1007,1007,0
FOLDER_1528_Documents_SLTCM_SLTCM_Previews.lrdata_3_3EB3_3EB3AC16-A255-4E7B-9316-86E0CA786D8E-7551fa2cb1b01e3e555ca20680c38251.lrprev,.lrprev,3.264,1007,1007,0
FOLDER_1529_Documents_SLTCM_SLTCM_Previews.lrdata_3_3DF8_3DF8786F-2BDC-41A4-B1A8-DB534E085416-1dd56920b4a928b88e981806a4517f73.lrprev,.lrprev,0.083,1007,1007,0
FOLDER_1530_Documents_SLTCM_SLTCM_Previews.lrdata_3_3DC2_3DC2E667-EC99-4F51-BD44-955CDFC9DC7E-7551fa2cb1b01e3e555ca20680c38251.lrprev,.lrprev,3.64,1007,1007,0
FOLDER_1531_Documents_SLTCM_SLTCM_Previews.lrdata_3_3D30_3D303E56-BA78-4811-9229-7E559FDE4B35-ed856696b7d16264b295fb96ab393a9c.lrprev,.lrprev,0.392,1007,1007,0
FOLDER_1532_Documents_SLTCM_SLTCM_Previews.lrdata_3_3D12_3D1290B0-4EBF-4C2D-B675-F1DAF5766F3A-9c586919191da3ca55e5c030e9e002d2.lrprev,.lrprev,0.443,1007,1007,0
FOLDER_1533_Documents_SLTCM_SLTCM_Previews.lrdata_3_3CC1_3CC15E9F-E495-498E-8D59-53D717BF84F4-9c586919191da3ca55e5c030e9e002d2.lrprev,.lrprev,0.359,1007,1007,0
FOLDER_1534_Documents_SLTCM_SLTCM_Previews.lrdata_3_3C80_3C808E0E-C605-4020-8C2F-130AEE9768F7-7551fa2cb1b01e3e555ca20680c38251.lrprev,.lrprev,4.35,1007,1007,0
FOLDER_1535_Documents_SLTCM_SLTCM_Previews.lrdata_3_3C69_3C6901C1-1E77-4971-AF77-0A649E0DC32E-9c586919191da3ca55e5c030e9e002d2.lrprev,.lrprev,0.285,1007,1007,0
FOLDER_1536_Documents_SLTCM_SLTCM_Previews.lrdata_3_3C47_3C47BDD4-6165-4D47-879C-1BF1BC825447-f7b73be131f3131470bc86fb03856e9e.lrprev,.lrprev,0.071,1007,1007,0
FOLDER_1537_Documents_SLTCM_SLTCM_Previews.lrdata_3_3C17_3C17727D-6F70-4F7D-8F24-3544A5F4A02E-9c586919191da3ca55e5c030e9e002d2.lrprev,.lrprev,0.404,1007,1007,0
FOLDER_1538_Documents_SLTCM_SLTCM_Previews.lrdata_3_3BDB_3BDBA0CB-57C6-48C5-866D-536245CE0FB1-0ed03df61b7a0d81c84583d701b62324.lrprev,.lrprev,0.074,1007,1007,0
FOLDER_1539_Documents_SLTCM_SLTCM_Previews.lrdata_3_3B29_3B29442A-F518-479F-96B1-F602910A0C6D-9c586919191da3ca55e5c030e9e002d2.lrprev,.lrprev,0.428,1007,1007,0
FOLDER_1540_Documents_SLTCM_SLTCM_Previews.lrdata_3_3A25_3A252E94-75B9-4D2F-9100-049170F6F73B-7551fa2cb1b01e3e555ca20680c38251.lrprev,.lrprev,1.993,1007,1007,0
FOLDER_1541_Documents_SLTCM_SLTCM_Previews.lrdata_3_39C0_39C076DF-8AF2-452E-AD3D-59F7FB7F9177-edbcb66e74ec2672b048e62dd65f760b.lrprev,.lrprev,0.64,1003,1003,0
FOLDER_1542_Documents_SLTCM_SLTCM_Previews.lrdata_3_3942_3942F41D-2D42-4825-ADB5-50C04E8D3425-9c586919191da3ca55e5c030e9e002d2.lrprev,.lrprev,0.359,1007,1007,0
FOLDER_1543_Documents_SLTCM_SLTCM_Previews.lrdata_3_390A_390A84FA-6DC7-490B-B613-D81C4A154117-7551fa2cb1b01e3e555ca20680c38251.lrprev,.lrprev,1.99,1007,1007,0
FOLDER_1544_Documents_SLTCM_SLTCM_Previews.lrdata_3_385D_385DB34F-924A-4F7E-AD4D-ADBF4F605A69-9c586919191da3ca55e5c030e9e002d2.lrprev,.lrprev,0.38,1007,1007,0
FOLDER_1545_Documents_SLTCM_SLTCM_Previews.lrdata_3_37E8_37E87626-CBBB-4EC2-844A-D0D43454E467-9c586919191da3ca55e5c030e9e002d2.lrprev,.lrprev,0.374,1007,1007,0
FOLDER_1546_Documents_SLTCM_SLTCM_Previews.lrdata_3_36D5_36D51A30-DBC9-47BD-9E4D-0E7A27B85926-9c586919191da3ca55e5c030e9e002d2.lrprev,.lrprev,0.352,1007,1007,0
FOLDER_1547_Documents_SLTCM_SLTCM_Previews.lrdata_3_362F_362F9113-7EB0-4658-9919-1D448F7B87E2-ed856696b7d16264b295fb96ab393a9c.lrprev,.lrprev,0.622,1007,1007,0
FOLDER_1548_Documents_SLTCM_SLTCM_Previews.lrdata_3_3619_361921E3-AC83-4ADB-9B14-22CF6307D6EF-4987912c19e843e9c1c0bbd5e3a52484.lrprev,.lrprev,0.077,1005,1005,0
FOLDER_1549_Documents_SLTCM_SLTCM_Previews.lrdata_3_3597_35971943-0398-4732-93F2-3F63714581E8-7551fa2cb1b01e3e555ca20680c38251.lrprev,.lrprev,1.654,1007,1007,0
FOLDER_1550_Documents_SLTCM_SLTCM_Previews.lrdata_3_345F_345F4B36-CA12-4BB9-B70C-EB35B4FFC7D1-ed856696b7d16264b295fb96ab393a9c.lrprev,.lrprev,0.304,1007,1007,0
FOLDER_1551_Documents_SLTCM_SLTCM_Previews.lrdata_3_3419_34197EA4-EE0C-47BC-B963-30374A78B5FB-8851b7aed30e83f5df0dac35dbfc4d69.lrprev,.lrprev,0.064,1005,1005,0
FOLDER_1552_Documents_SLTCM_SLTCM_Previews.lrdata_3_33A6_33A6219A-C54D-431C-B18D-441F78F499D7-55393495cc9d63f7a59bb28df83e5b5d.lrprev,.lrprev,0.07,1007,1007,0
FOLDER_1553_Documents_SLTCM_SLTCM_Previews.lrdata_3_333D_333DD55F-BF3E-4B22-8D31-186C5D939CD4-ed856696b7d16264b295fb96ab393a9c.lrprev,.lrprev,0.268,1007,1007,0
FOLDER_1554_Documents_SLTCM_SLTCM_Previews.lrdata_3_3286_32860CEB-136F-480B-AF84-9C592AA4A18D-7551fa2cb1b01e3e555ca20680c38251.lrprev,.lrprev,1.577,1007,1007,0
FOLDER_1555_Documents_SLTCM_SLTCM_Previews.lrdata_3_3233_32337407-6F94-4509-99C6-D8B63EFE8108-daff355f8b0d763e5ff1cea67ed24a51.lrprev,.lrprev,0.081,1007,1007,0
FOLDER_1556_Documents_SLTCM_SLTCM_Previews.lrdata_3_320E_320E6952-9DCC-4C79-9854-823539994A9C-2d336f248b55cd62482d7061a7bf3621.lrprev,.lrprev,0.081,1005,1005,0
FOLDER_1557_Documents_SLTCM_SLTCM_Previews.lrdata_3_31AA_31AA0E15-BA14-4002-9477-92FAB57DEE0E-8511933d473bcb5d059e5f778e8a57da.lrprev,.lrprev,0.073,1007,1007,0
FOLDER_1558_Documents_SLTCM_SLTCM_Previews.lrdata_3_310E_310EC48C-78B1-48AF-98DB-FC8849A1EFE4-9c586919191da3ca55e5c030e9e002d2.lrprev,.lrprev,0.326,1007,1007,0
FOLDER_1559_Documents_SLTCM_SLTCM_Previews.lrdata_3_30CE_30CEB89E-F473-42A0-B296-8E212BEC90C3-914372fd94e145c3dd94200f9d13e2a6.lrprev,.lrprev,0.091,1007,1007,0
FOLDER_1560_Documents_SLTCM_SLTCM_Previews.lrdata_3_3068_3068EE64-9569-48E0-B5EC-BF704A42298C-19b37409d81d9ae0d3717ed7550055ef.lrprev,.lrprev,0.083,1007,1007,0
FOLDER_1561_Documents_SLTCM_SLTCM_Previews.lrdata_3_3059_30596EE5-16F5-4666-847E-2759C15E5008-7551fa2cb1b01e3e555ca20680c38251.lrprev,.lrprev,2.025,1007,1007,0
FOLDER_1562_Documents_SLTCM_SLTCM_Previews.lrdata_2_2FD1_2FD1D4DF-BCD5-4828-B7E8-12C5F8C5EB33-9c586919191da3ca55e5c030e9e002d2.lrprev,.lrprev,0.458,1007,1007,0
FOLDER_1563_Documents_SLTCM_SLTCM_Previews.lrdata_2_2F02_2F022FC2-427F-4822-AAF0-9443511ADD94-7551fa2cb1b01e3e555ca20680c38251.lrprev,.lrprev,2.082,1007,1007,0
FOLDER_1564_Documents_SLTCM_SLTCM_Previews.lrdata_2_2CED_2CED26B6-DA80-4498-A75D-132BE70AB6F8-ed856696b7d16264b295fb96ab393a9c.lrprev,.lrprev,0.465,1007,1007,0
FOLDER_1565_Documents_SLTCM_SLTCM_Previews.lrdata_2_2CDC_2CDC4BD6-59DB-4FC8-8B9A-363D79FD493B-ed856696b7d16264b295fb96ab393a9c.lrprev,.lrprev,0.164,1007,1007,0
FOLDER_1566_Documents_SLTCM_SLTCM_Previews.lrdata_2_2C47_2C475CF2-1B2D-4CED-B694-F3FE7B8BA89C-b06878be99142e76c6093f2e5ff41d95.lrprev,.lrprev,0.054,1007,1007,0
FOLDER_1567_Documents_SLTCM_SLTCM_Previews.lrdata_2_2BC7_2BC72F55-AF46-4A7A-8326-3DB17437C695-9c586919191da3ca55e5c030e9e002d2.lrprev,.lrprev,0.342,1007,1007,0
FOLDER_1568_Documents_SLTCM_SLTCM_Previews.lrdata_2_2B7A_2B7A0F27-9098-49C8-8F77-AE038CF2176E-9c586919191da3ca55e5c030e9e002d2.lrprev,.lrprev,0.601,1007,1007,0
FOLDER_1569_Documents_SLTCM_SLTCM_Previews.lrdata_2_2B5A_2B5ADD74-F555-46BB-AF72-1CA1DBED4396-7551fa2cb1b01e3e555ca20680c38251.lrprev,.lrprev,2.087,1007,1007,0
FOLDER_1570_Documents_SLTCM_SLTCM_Previews.lrdata_2_2ABF_2ABF5EE9-D24C-4928-88B0-B147F6DE9366-9c586919191da3ca55e5c030e9e002d2.lrprev,.lrprev,0.373,1007,1007,0
FOLDER_1571_Documents_SLTCM_SLTCM_Previews.lrdata_2_2A67_2A67AE1F-F71B-4429-B977-131273178034-7551fa2cb1b01e3e555ca20680c38251.lrprev,.lrprev,2.359,1007,1007,0
FOLDER_1572_Documents_SLTCM_SLTCM_Previews.lrdata_2_2979_2979A808-F6B4-427C-BB33-A64C5898AF65-9c586919191da3ca55e5c030e9e002d2.lrprev,.lrprev,0.35,1007,1007,0
FOLDER_1573_Documents_SLTCM_SLTCM_Previews.lrdata_2_2955_295522AD-4A67-4C57-A589-B3F4384080F6-7551fa2cb1b01e3e555ca20680c38251.lrprev,.lrprev,1.476,1007,1007,0
FOLDER_1574_Documents_SLTCM_SLTCM_Previews.lrdata_2_293B_293B21FA-03A0-4452-9D83-A0F8CB4948DC-a46c7f58b57d27ec5eabb48348b149f0.lrprev,.lrprev,0.081,1005,1005,0
FOLDER_1575_Documents_SLTCM_SLTCM_Previews.lrdata_2_292A_292ADA65-46C3-49A2-BB1D-024B1E6B26EE-9c586919191da3ca55e5c030e9e002d2.lrprev,.lrprev,0.239,1007,1007,0
FOLDER_1576_Documents_SLTCM_SLTCM_Previews.lrdata_2_2785_27858887-2940-4A99-A8D0-A7B44CCCCA7D-9c586919191da3ca55e5c030e9e002d2.lrprev,.lrprev,0.299,1007,1007,0
FOLDER_1577_Documents_SLTCM_SLTCM_Previews.lrdata_2_26ED_26ED7783-3CE0-4BF0-BCB0-21AAB31EF825-e79d5194afca2554d33c99ea90e129dc.lrprev,.lrprev,0.069,1007,1007,0
FOLDER_1578_Documents_SLTCM_SLTCM_Previews.lrdata_2_269B_269BF8DA-E26B-4810-B5EF-761017F8B0CB-554d80e8f436d8a3c23236e0de205f40.lrprev,.lrprev,0.059,1007,1007,0
FOLDER_1579_Documents_SLTCM_SLTCM_Previews.lrdata_2_25B6_25B6BE45-D11F-4C20-9EF4-32C245BABE49-90d1a86eb4f5ed4e1edf5cc56bcea731.lrprev,.lrprev,0.062,1007,1007,0
FOLDER_1580_Documents_SLTCM_SLTCM_Previews.lrdata_2_2553_255399FF-0255-4F69-BA35-4F483B8C02D9-2653c75ad04a23ec0120e9c54fc6eb86.lrprev,.lrprev,0.059,1007,1007,0
FOLDER_1581_Documents_SLTCM_SLTCM_Previews.lrdata_2_24E3_24E391BB-E079-4429-8900-0A2D87E662BD-9c586919191da3ca55e5c030e9e002d2.lrprev,.lrprev,0.369,1007,1007,0
FOLDER_1582_Documents_SLTCM_SLTCM_Previews.lrdata_2_24DA_24DA43FF-A6CD-4085-A57F-EF0A34ECAA17-9c586919191da3ca55e5c030e9e002d2.lrprev,.lrprev,0.447,1007,1007,0
FOLDER_1583_Documents_SLTCM_SLTCM_Previews.lrdata_2_2464_2464EE52-6CCE-453F-9E29-31A2F50E1AE4-9c586919191da3ca55e5c030e9e002d2.lrprev,.lrprev,0.318,1007,1007,0
FOLDER_1584_Documents_SLTCM_SLTCM_Previews.lrdata_2_239E_239E9170-0C23-41E1-B723-2649E21C9009-ed856696b7d16264b295fb96ab393a9c.lrprev,.lrprev,0.345,1007,1007,0
FOLDER_1585_Documents_SLTCM_SLTCM_Previews.lrdata_2_22B2_22B283F1-CF85-4C2B-A146-9DF3A4B53E1C-49e8f0bc27d0c3ff39da98aea1b6978c.lrprev,.lrprev,0.079,1007,1007,0
FOLDER_1586_Documents_SLTCM_SLTCM_Previews.lrdata_2_20B0_20B05306-20C1-45E6-BB05-988AD3E9995D-e712b79b4d4d4737769b2dd87aa4ab94.lrprev,.lrprev,0.093,1007,1007,0
FOLDER_1587_Documents_SLTCM_SLTCM_Previews.lrdata_2_209C_209C71F7-BDD9-44BC-A1C3-33DD29EA0C8A-9c586919191da3ca55e5c030e9e002d2.lrprev,.lrprev,0.591,1007,1007,0
FOLDER_1588_Documents_SLTCM_SLTCM_Previews.lrdata_2_208C_208CD840-A518-4FCD-BEE9-F5EC727C5C73-9c586919191da3ca55e5c030e9e002d2.lrprev,.lrprev,0.336,1007,1007,0
FOLDER_1589_Documents_SLTCM_SLTCM_Previews.lrdata_1_1FCD_1FCDBB0E-5B77-4322-ACF3-3A30A10CED89-ed856696b7d16264b295fb96ab393a9c.lrprev,.lrprev,0.431,1007,1007,0
FOLDER_1590_Documents_SLTCM_SLTCM_Previews.lrdata_1_1F8C_1F8C1B37-FA9A-4814-9A31-80657EEBE8E1-ed856696b7d16264b295fb96ab393a9c.lrprev,.lrprev,0.421,1007,1007,0
FOLDER_1591_Documents_SLTCM_SLTCM_Previews.lrdata_1_1F0C_1F0CD75E-01FD-4BC3-B887-5F7FC943E549-ed856696b7d16264b295fb96ab393a9c.lrprev,.lrprev,0.451,1007,1007,0
FOLDER_1592_Documents_SLTCM_SLTCM_Previews.lrdata_1_1E03_1E03332C-164E-491F-8FA1-B5958AAF2A7B-ed856696b7d16264b295fb96ab393a9c.lrprev,.lrprev,0.61,1007,1007,0
FOLDER_1593_Documents_SLTCM_SLTCM_Previews.lrdata_1_1D99_1D992D91-4A51-49DE-8F7D-A5096B8E2F83-d4d3ba8bd5ac96ebdea8fafe48821c73.lrprev,.lrprev,0.065,1007,1007,0
FOLDER_1594_Documents_SLTCM_SLTCM_Previews.lrdata_1_1CBE_1CBEC353-C151-4D05-957D-93A64524B1F1-9c586919191da3ca55e5c030e9e002d2.lrprev,.lrprev,0.44,1007,1007,0
FOLDER_1595_Documents_SLTCM_SLTCM_Previews.lrdata_1_1CB5_1CB52199-50E5-4AC9-8A31-AF7D70AD6821-ed856696b7d16264b295fb96ab393a9c.lrprev,.lrprev,0.976,1007,1007,0
FOLDER_1596_Documents_SLTCM_SLTCM_Previews.lrdata_1_1C55_1C55256E-FA9E-48AE-8315-18F617CB4243-ed856696b7d16264b295fb96ab393a9c.lrprev,.lrprev,0.395,1007,1007,0
FOLDER_1597_Documents_SLTCM_SLTCM_Previews.lrdata_1_1B6D_1B6DC59A-183A-4537-BFFC-267DD82A3A0F-9d36fb6de3b8f6dd1f254326440a1d23.lrprev,.lrprev,0.076,1007,1007,0
FOLDER_1598_Documents_SLTCM_SLTCM_Previews.lrdata_1_1AB8_1AB8E425-4FF2-42EF-8A0B-5ADB4573E8C1-ed856696b7d16264b295fb96ab393a9c.lrprev,.lrprev,0.317,1007,1007,0
FOLDER_1599_Documents_SLTCM_SLTCM_Previews.lrdata_1_1AB2_1AB23DEC-FAD6-4848-8EFD-418B024840AC-9b934fa02ef9d5d3e3efd7e498271fea.lrprev,.lrprev,0.068,1005,1005,0
FOLDER_1600_Documents_SLTCM_SLTCM_Previews.lrdata_1_1A5F_1A5F31BF-EC50-40EA-A300-E29A7CC5E826-924d0481d0989c77207865d01de357f4.lrprev,.lrprev,0.07,1007,1007,0
FOLDER_1601_Documents_SLTCM_SLTCM_Previews.lrdata_1_1A47_1A47B7DD-FD9F-4125-A183-AE21B8F26179-ed856696b7d16264b295fb96ab393a9c.lrprev,.lrprev,0.37,1007,1007,0
FOLDER_1602_Documents_SLTCM_SLTCM_Previews.lrdata_1_1A38_1A387706-6306-4BB1-8FE1-6B3C99EE1379-2532e1ccb0b2c9591bbcd36b782378bf.lrprev,.lrprev,0.063,1007,1007,0
FOLDER_1603_Documents_SLTCM_SLTCM_Previews.lrdata_1_1A36_1A36FB1D-CF19-40B6-96B1-E76F04F89E4F-ed856696b7d16264b295fb96ab393a9c.lrprev,.lrprev,0.375,1007,1007,0
FOLDER_1604_Documents_SLTCM_SLTCM_Previews.lrdata_1_1A18_1A185990-BF25-4071-BDBF-B80FED7F27DF-6629ca594f66c8a6932706cb632fc1cc.lrprev,.lrprev,0.065,1007,1007,0
FOLDER_1605_Documents_SLTCM_SLTCM_Previews.lrdata_1_19EF_19EF6F36-C0A9-41BA-A8B8-F46E909F03BB-99a51a9277db88c65c66aaaa6c86e814.lrprev,.lrprev,0.064,1005,1005,0
FOLDER_1606_Documents_SLTCM_SLTCM_Previews.lrdata_1_186F_186F14CA-3883-4E72-97DF-965FD696DC90-ed856696b7d16264b295fb96ab393a9c.lrprev,.lrprev,0.491,1007,1007,0
FOLDER_1607_Documents_SLTCM_SLTCM_Previews.lrdata_1_17F9_17F9A506-2DCC-4919-B09C-60E22FD2A255-9c586919191da3ca55e5c030e9e002d2.lrprev,.lrprev,0.441,1007,1007,0
FOLDER_1608_Documents_SLTCM_SLTCM_Previews.lrdata_1_1728_17288CFE-4527-409E-9556-E567D2D8249F-9c586919191da3ca55e5c030e9e002d2.lrprev,.lrprev,0.42,1007,1007,0
FOLDER_1609_Documents_SLTCM_SLTCM_Previews.lrdata_1_15B7_15B75D62-8929-4221-B329-F54463E5E8D5-ed856696b7d16264b295fb96ab393a9c.lrprev,.lrprev,0.428,1007,1007,0
FOLDER_1610_Documents_SLTCM_SLTCM_Previews.lrdata_1_1525_1525E7FC-29CF-4970-8F31-FD43015083D6-e95ea023be89c59476abe491e15a39e9.lrprev,.lrprev,0.075,1007,1007,0
FOLDER_1611_Documents_SLTCM_SLTCM_Previews.lrdata_1_1438_143812FA-2343-4385-99BC-D6C655CDC62D-7551fa2cb1b01e3e555ca20680c38251.lrprev,.lrprev,1.768,1007,1007,0
FOLDER_1612_Documents_SLTCM_SLTCM_Previews.lrdata_1_13BB_13BBE9A8-F79F-4771-AE1C-988C31D4F825-7551fa2cb1b01e3e555ca20680c38251.lrprev,.lrprev,1.611,1007,1007,0
FOLDER_1613_Documents_SLTCM_SLTCM_Previews.lrdata_1_13AE_13AE38FE-86D9-429D-954F-1D2B75137924-9c586919191da3ca55e5c030e9e002d2.lrprev,.lrprev,0.384,1007,1007,0
FOLDER_1614_Documents_SLTCM_SLTCM_Previews.lrdata_1_1376_1376D35D-805C-45F2-9054-0A3CC11F6408-9c586919191da3ca55e5c030e9e002d2.lrprev,.lrprev,0.378,1007,1007,0
FOLDER_1615_Documents_SLTCM_SLTCM_Previews.lrdata_1_1329_1329087B-A84E-4B3F-8763-30FEDA80E656-7551fa2cb1b01e3e555ca20680c38251.lrprev,.lrprev,3.528,1007,1007,0
FOLDER_1616_Documents_SLTCM_SLTCM_Previews.lrdata_1_12D3_12D3B5F4-2C9D-4FAC-B2C6-F0D96F233705-6dbebee4e937ee6d6a2862dae341e2c1.lrprev,.lrprev,0.105,1007,1007,0
FOLDER_1617_Documents_SLTCM_SLTCM_Previews.lrdata_1_1155_11552C1D-92B4-4502-B175-DC39FA1DAC70-f801ab8e952c69d23ea9b01fa40bc4f2.lrprev,.lrprev,0.115,1007,1007,0
FOLDER_1618_Documents_SLTCM_SLTCM_Previews.lrdata_1_10A5_10A570EB-4184-4727-B532-27CE8EA6492E-7551fa2cb1b01e3e555ca20680c38251.lrprev,.lrprev,2.012,1007,1007,0
FOLDER_1619_Documents_SLTCM_SLTCM_Previews.lrdata_0_0FDC_0FDC306D-7801-4F93-BA3B-6D70014B7E63-7551fa2cb1b01e3e555ca20680c38251.lrprev,.lrprev,1.741,1007,1007,0
FOLDER_1620_Documents_SLTCM_SLTCM_Previews.lrdata_0_0FDA_0FDAE7DB-2206-4192-A72F-4D4716DFD26E-7551fa2cb1b01e3e555ca20680c38251.lrprev,.lrprev,2.694,1007,1007,0
FOLDER_1621_Documents_SLTCM_SLTCM_Previews.lrdata_0_0FC3_0FC3D9A4-DE99-4114-9245-20EF301F864B-7551fa2cb1b01e3e555ca20680c38251.lrprev,.lrprev,1.642,1007,1007,0
FOLDER_1622_Documents_SLTCM_SLTCM_Previews.lrdata_0_0FBD_0FBD642B-EA6B-4D8E-9FC4-141C65599E78-d527219d4b3de632cab53a00f81df3b1.lrprev,.lrprev,0.073,1007,1007,0
FOLDER_1623_Documents_SLTCM_SLTCM_Previews.lrdata_0_0F0C_0F0C2D99-8E66-4E37-BDC1-D6C6B88A2A6F-90518a69ec817d4649382b6100230c1a.lrprev,.lrprev,0.619,1003,1003,0
FOLDER_1624_Documents_SLTCM_SLTCM_Previews.lrdata_0_0E76_0E762332-15D4-4E54-B3A2-7C3FAEF53D82-9c586919191da3ca55e5c030e9e002d2.lrprev,.lrprev,0.364,1007,1007,0
FOLDER_1625_Documents_SLTCM_SLTCM_Previews.lrdata_0_0D9E_0D9E04F2-0A85-47E9-8D0B-36DD9358CEBF-d948fad50e4e2e5e7bc540300776b032.lrprev,.lrprev,0.088,1007,1007,0
FOLDER_1626_Documents_SLTCM_SLTCM_Previews.lrdata_0_0C9E_0C9ED96D-8A2C-4642-98F3-15942810F8F3-9c586919191da3ca55e5c030e9e002d2.lrprev,.lrprev,0.518,1007,1007,0
FOLDER_1627_Documents_SLTCM_SLTCM_Previews.lrdata_0_0C9E_0C9EE31A-B245-470A-B141-C999449243A6-9c586919191da3ca55e5c030e9e002d2.lrprev,.lrprev,0.294,1007,1007,0
FOLDER_1628_Documents_SLTCM_SLTCM_Previews.lrdata_0_0C92_0C9296C8-5F83-4B97-9A38-E40E0D4E2EB5-6629ca594f66c8a6932706cb632fc1cc.lrprev,.lrprev,0.09,1007,1007,0
FOLDER_1629_Documents_SLTCM_SLTCM_Previews.lrdata_0_0BFC_0BFCADDC-EF61-4DF0-BAE3-BE6E2A687775-ed856696b7d16264b295fb96ab393a9c.lrprev,.lrprev,0.12,1007,1007,0
FOLDER_1630_Documents_SLTCM_SLTCM_Previews.lrdata_0_0BAB_0BAB8584-91CF-457C-A6CB-BD8509A6C8C2-7551fa2cb1b01e3e555ca20680c38251.lrprev,.lrprev,2.362,1007,1007,0
FOLDER_1631_Documents_SLTCM_SLTCM_Previews.lrdata_0_0B91_0B9117B5-63CD-468A-B3EB-8EA4FC121798-ed856696b7d16264b295fb96ab393a9c.lrprev,.lrprev,0.253,1007,1007,0
FOLDER_1632_Documents_SLTCM_SLTCM_Previews.lrdata_0_0B5D_0B5D1992-D885-4EF0-B1FF-55E6275C3B03-9c586919191da3ca55e5c030e9e002d2.lrprev,.lrprev,0.306,1007,1007,0
FOLDER_1633_Documents_SLTCM_SLTCM_Previews.lrdata_0_0ABB_0ABB446F-5567-455F-BF91-25E0E1E75A82-ca51e79dab6c8153fd62abbe3fe860c4.lrprev,.lrprev,0.077,1005,1005,0
FOLDER_1634_Documents_SLTCM_SLTCM_Previews.lrdata_0_0A8B_0A8B1043-5958-4D95-8DFD-0120D9FE7736-7551fa2cb1b01e3e555ca20680c38251.lrprev,.lrprev,2.099,1007,1007,0
FOLDER_1635_Documents_SLTCM_SLTCM_Previews.lrdata_0_0A51_0A5190D5-0A45-4B2B-8C1C-EB7A6262BD6B-f150dd6d88b7fd6afe95d36b7e2420ac.lrprev,.lrprev,0.142,1007,1007,0
FOLDER_1636_Documents_SLTCM_SLTCM_Previews.lrdata_0_095D_095D599F-1ADC-4621-A274-1758E6AD59F0-7551fa2cb1b01e3e555ca20680c38251.lrprev,.lrprev,2.004,1007,1007,0
FOLDER_1637_Documents_SLTCM_SLTCM_Previews.lrdata_0_08BE_08BEA074-B145-4D50-BB91-018579BCBED1-ed856696b7d16264b295fb96ab393a9c.lrprev,.lrprev,0.366,1007,1007,0
FOLDER_1638_Documents_SLTCM_SLTCM_Previews.lrdata_0_087A_087A5D2C-6288-4B53-BB41-16A72AE21EE5-368ff5a9c190d30fcbe974a77a625937.lrprev,.lrprev,0.52,1003,1003,0
FOLDER_1639_Documents_SLTCM_SLTCM_Previews.lrdata_0_0875_0875FA5A-0D77-45BE-ACB6-9E37BCCAA9A6-9c586919191da3ca55e5c030e9e002d2.lrprev,.lrprev,0.345,1007,1007,0
FOLDER_1640_Documents_SLTCM_SLTCM_Previews.lrdata_0_0827_0827C58F-5C88-4363-92FF-8789137A3F55-7551fa2cb1b01e3e555ca20680c38251.lrprev,.lrprev,4.348,1007,1007,0
FOLDER_1641_Documents_SLTCM_SLTCM_Previews.lrdata_0_07E3_07E33935-45BC-499A-86BD-3296FE60DF17-9c586919191da3ca55e5c030e9e002d2.lrprev,.lrprev,0.411,1007,1007,0
FOLDER_1642_Documents_SLTCM_SLTCM_Previews.lrdata_0_077F_077F08CA-D7D5-4FCC-BD02-326B1E132CF6-ed856696b7d16264b295fb96ab393a9c.lrprev,.lrprev,0.439,1007,1007,0
FOLDER_1643_Documents_SLTCM_SLTCM_Previews.lrdata_0_0709_0709B7D1-FBFA-42DA-81BA-221A9187B12C-ed856696b7d16264b295fb96ab393a9c.lrprev,.lrprev,0.426,1007,1007,0
FOLDER_1644_Documents_SLTCM_SLTCM_Previews.lrdata_0_0693_06934E08-BC34-4810-93D1-7C8063D9688A-9c586919191da3ca55e5c030e9e002d2.lrprev,.lrprev,0.432,1007,1007,0
FOLDER_1645_Documents_SLTCM_SLTCM_Previews.lrdata_0_064D_064D0CD7-FF05-48BD-BE9C-03800BADA349-ed856696b7d16264b295fb96ab393a9c.lrprev,.lrprev,0.408,1007,1007,0
FOLDER_1646_Documents_SLTCM_SLTCM_Previews.lrdata_0_0602_0602B617-A229-45BE-8B94-9B8EAA423C8C-ed856696b7d16264b295fb96ab393a9c.lrprev,.lrprev,0.666,1007,1007,0
FOLDER_1647_Documents_SLTCM_SLTCM_Previews.lrdata_0_05AE_05AE783B-194C-4555-B1CF-30125E82E1D4-a1377e9c6680e9fa5cb2771947f8d6af.lrprev,.lrprev,0.066,1005,1005,0
FOLDER_1648_Documents_SLTCM_SLTCM_Previews.lrdata_0_05AC_05AC0DF5-FA83-4C48-87B6-C638AC8B10E2-9c586919191da3ca55e5c030e9e002d2.lrprev,.lrprev,0.319,1007,1007,0
FOLDER_1649_Documents_SLTCM_SLTCM_Previews.lrdata_0_03F6_03F6B3AA-3CC8-435F-8812-6CD19966A50C-f0965d80b34d9e06f923ac1a87ff3257.lrprev,.lrprev,0.092,1007,1007,0
FOLDER_1650_Documents_SLTCM_SLTCM_Previews.lrdata_0_03E9_03E9C8DB-833E-45E3-9059-9E5837687100-9c586919191da3ca55e5c030e9e002d2.lrprev,.lrprev,0.38,1007,1007,0
FOLDER_1651_Documents_SLTCM_SLTCM_Previews.lrdata_0_033D_033DCB52-E604-4575-B9BA-AD8D756D80B1-7dd7d8e4d2aa3092f4313a12023f47a4.lrprev,.lrprev,0.069,1007,1007,0
FOLDER_1652_Documents_SLTCM_SLTCM_Previews.lrdata_0_032C_032C25D6-B715-4175-B394-06090BFCABB3-7551fa2cb1b01e3e555ca20680c38251.lrprev,.lrprev,1.828,1007,1007,0
FOLDER_1653_Documents_SLTCM_SLTCM_Previews.lrdata_0_0313_03134368-E544-45D6-B474-D26A56A8388B-ed856696b7d16264b295fb96ab393a9c.lrprev,.lrprev,0.086,1007,1007,0
FOLDER_1654_Documents_SLTCM_SLTCM_Previews.lrdata_0_0299_0299636E-B029-411F-8571-B2734B49AF43-f80480e5a4ed74cbfbe397d089751cc2.lrprev,.lrprev,0.076,1007,1007,0
FOLDER_1655_Documents_SLTCM_SLTCM_Previews.lrdata_0_01ED_01ED427E-EE86-4295-A285-6A34A73B36C9-05fc4f00cab8d2c98954261064e7c058.lrprev,.lrprev,1.3,1003,1003,0
FOLDER_1656_Documents_SLTCM_SLTCM_Previews.lrdata_0_019B_019BC832-0843-4223-ABAF-12452AC7F5DE-ed856696b7d16264b295fb96ab393a9c.lrprev,.lrprev,0.197,1007,1007,0
FOLDER_1657_Documents_SLTCM_SLTCM_Previews.lrdata_0_008A_008ABF75-2AFC-4A42-90CD-02C6F777654D-7551fa2cb1b01e3e555ca20680c38251.lrprev,.lrprev,2.051,1007,1007,0
FOLDER_1658_Documents_SLTCM_SLTCM_Previews.lrdata_0_0006_0006360D-7D04-4CE5-8A82-3B2B8268695F-7551fa2cb1b01e3e555ca20680c38251.lrprev,.lrprev,2.857,1007,1007,0
FOLDER_1659_Documents_SLTCM_SLTCM_Helper.lrdata_helper.db,.db,0.125,1002,1002,0
FOLDER_1660_Documents_SLTCM_SLTCM_Helper.lrdata_metadatahelper.db,.db,0.898,1002,1002,0
FOLDER_1661_Documents_SLTCM_SLTCM_Helper.lrdata_PackageIcon.ico,.ico,0.086,1206,1206,0
FOLDER_1662_Documents_quiz_quiz_index.html,.html,0.004,951,951,0
FOLDER_1663_Documents_quiz_quiz_assets_index.html,.html,0.004,951,951,0
FOLDER_1664_Documents_quiz_quiz_assets_js_jquery-3.4.1.min.js,.js,0.084,2606,2606,0
FOLDER_1665_Documents_quiz_quiz_assets_images_documents1.png,.png,0.001,951,951,0
FOLDER_1666_Documents_quiz_quiz_assets_images_facebook0.png,.png,0.001,951,951,0
FOLDER_1667_Documents_quiz_quiz_assets_images_instagram0.png,.png,0.001,951,951,0
FOLDER_1668_Documents_quiz_quiz_assets_images_linked-in0.png,.png,0.001,951,951,0
FOLDER_1669_Documents_quiz_quiz_assets_images_tik-tok0.png,.png,0.001,951,951,0
FOLDER_1670_Documents_quiz_quiz_assets_images_twitter-x0.png,.png,0.001,951,951,0
FOLDER_1671_Documents_quiz_quiz_assets_css_bootstrap.min.css,.css,0.112,1336,1336,0
FOLDER_1672_Documents_quiz_quiz_assets_css_style.css,.css,0.002,951,951,0
FOLDER_1673_Documents_Python_Projects_22UG2-0121.py,.py,0.013,652,652,0
FOLDER_1674_Documents_Python_Projects_22ug2-0239.py,.py,0.012,652,652,0
FOLDER_1675_Documents_Python_Projects_First.py,.py,0.001,652,652,0
FOLDER_1676_Documents_presets_Aurudu_2023.xmp,.xmp,0.004,1193,1193,0
FOLDER_1677_Documents_presets_Chama_indoor_2.xmp,.xmp,0.005,1371,1371,0
FOLDER_1678_Documents_presets_Chama_Indoor_3.xmp,.xmp,0.005,1366,1366,0
FOLDER_1679_Documents_presets_Chama_indoor.xmp,.xmp,0.005,1371,1371,0
FOLDER_1680_Documents_presets_Ground.xmp,.xmp,0.005,1371,1371,0
FOLDER_1681_Documents_presets_Indoor_2.xmp,.xmp,0.005,1292,1292,0
FOLDER_1682_Documents_presets_Indoor_New_1.xmp,.xmp,0.005,1292,1292,0
FOLDER_1683_Documents_presets_moon_land_preset_.xmp,.xmp,0.005,1350,1350,0
FOLDER_1684_Documents_presets_Night.xmp,.xmp,0.005,1349,1349,0
FOLDER_1685_Documents_presets_outdoor_day.xmp,.xmp,0.005,1171,1171,0
FOLDER_1686_Documents_presets_Presets-20230521T085324Z-001.zip,.zip,0.134,1180,1180,0
FOLDER_1687_Documents_presets_Punjab_Night.xmp,.xmp,0.005,1152,1152,0
FOLDER_1688_Documents_presets_Sport_Meet_2.xmp,.xmp,0.005,1360,1360,0
FOLDER_1689_Documents_presets_Sportmeet_new.xmp,.xmp,0.005,1360,1360,0
FOLDER_1690_Documents_presets_sportmeet.xmp,.xmp,0.004,1371,1371,0
FOLDER_1691_Documents_presets_techno_indoor.xmp,.xmp,0.005,1171,1171,0
FOLDER_1692_Documents_presets_trace_indoor.xmp,.xmp,0.005,1193,1193,0
FOLDER_1693_Documents_presets_Trace_new.xmp,.xmp,0.005,1200,1200,0
FOLDER_1694_Documents_presets_weddibg_indoor.xmp,.xmp,0.005,1171,1171,0
FOLDER_1695_Documents_presets_Wedding_outdoor_2.xmp,.xmp,0.005,1171,1171,0
FOLDER_1696_Documents_presets_wedding_outdoor_3.xmp,.xmp,0.005,1171,1171,0
FOLDER_1697_Documents_presets_wedding_outdoor.xmp,.xmp,0.005,1171,1171,0
FOLDER_1698_Documents_presets_wedding.xmp,.xmp,0.005,1171,1171,0
FOLDER_1699_Documents_presets_UNI_Aurudu_2023.xmp,.xmp,0.004,1193,1193,0
FOLDER_1700_Documents_presets_UNI_Chama_indoor_2.xmp,.xmp,0.005,1371,1371,0
FOLDER_1701_Documents_presets_UNI_Chama_Indoor_3.xmp,.xmp,0.005,1366,1366,0
FOLDER_1702_Documents_presets_UNI_Chama_indoor.xmp,.xmp,0.005,1371,1371,0
FOLDER_1703_Documents_presets_UNI_Ground.xmp,.xmp,0.005,1371,1371,0
FOLDER_1704_Documents_presets_UNI_Indoor_2.xmp,.xmp,0.005,1292,1292,0
FOLDER_1705_Documents_presets_UNI_Indoor_New_1.xmp,.xmp,0.005,1292,1292,0
FOLDER_1706_Documents_presets_UNI_moon_land_preset_.xmp,.xmp,0.005,1350,1350,0
FOLDER_1707_Documents_presets_UNI_Night.xmp,.xmp,0.005,1349,1349,0
FOLDER_1708_Documents_presets_UNI_outdoor_day.xmp,.xmp,0.005,1171,1171,0
FOLDER_1709_Documents_presets_UNI_Punjab_Night.xmp,.xmp,0.005,1152,1152,0
FOLDER_1710_Documents_presets_UNI_Sport_Meet_2.xmp,.xmp,0.005,1360,1360,0
FOLDER_1711_Documents_presets_UNI_Sportmeet_new.xmp,.xmp,0.005,1360,1360,0
FOLDER_1712_Documents_presets_UNI_sportmeet.xmp,.xmp,0.004,1371,1371,0
FOLDER_1713_Documents_presets_UNI_techno_indoor.xmp,.xmp,0.005,1171,1171,0
FOLDER_1714_Documents_presets_UNI_trace_indoor.xmp,.xmp,0.005,1193,1193,0
FOLDER_1715_Documents_presets_UNI_Trace_new.xmp,.xmp,0.005,1200,1200,0
FOLDER_1716_Documents_presets_UNI_weddibg_indoor.xmp,.xmp,0.005,1171,1171,0
FOLDER_1717_Documents_presets_UNI_Wedding_outdoor_2.xmp,.xmp,0.005,1171,1171,0
FOLDER_1718_Documents_presets_UNI_wedding_outdoor_3.xmp,.xmp,0.005,1171,1171,0
FOLDER_1719_Documents_presets_UNI_wedding_outdoor.xmp,.xmp,0.005,1171,1171,0
FOLDER_1720_Documents_presets_UNI_wedding.xmp,.xmp,0.005,1171,1171,0
FOLDER_1721_Documents_presets_NEW_01_Fashion_Contrast.lrtemplate,.lrtemplate,0.004,2750,2750,0
FOLDER_1722_Documents_presets_NEW_01_Fashion_Contrast.xmp,.xmp,0.004,2717,2717,0
FOLDER_1723_Documents_presets_NEW_01_Light_Airy_Contrast.lrtemplate,.lrtemplate,0.004,2750,2750,0
FOLDER_1724_Documents_presets_NEW_01_Light_Airy_Contrast.xmp,.xmp,0.004,2716,2716,0
FOLDER_1725_Documents_presets_NEW_01_Portrait_Contrast.lrtemplate,.lrtemplate,0.004,2743,2743,0
FOLDER_1726_Documents_presets_NEW_01_Portrait_Contrast.xmp,.xmp,0.004,2742,2742,0
FOLDER_1727_Documents_presets_NEW_02_Fashion_Vintage.lrtemplate,.lrtemplate,0.004,2750,2750,0
FOLDER_1728_Documents_presets_NEW_02_Fashion_Vintage.xmp,.xmp,0.004,2717,2717,0
FOLDER_1729_Documents_presets_NEW_02_Portrait_Saturation.lrtemplate,.lrtemplate,0.003,2743,2743,0
FOLDER_1730_Documents_presets_NEW_02_Portrait_Saturation.xmp,.xmp,0.004,2742,2742,0
FOLDER_1731_Documents_presets_NEW_03_Fashion_WB.lrtemplate,.lrtemplate,0.004,2750,2750,0
FOLDER_1732_Documents_presets_NEW_03_Fashion_WB.xmp,.xmp,0.005,2717,2717,0
FOLDER_1733_Documents_presets_NEW_04_Fashion_Glamour.lrtemplate,.lrtemplate,0.004,2750,2750,0
FOLDER_1734_Documents_presets_NEW_04_Fashion_Glamour.xmp,.xmp,0.004,2717,2717,0
FOLDER_1735_Documents_presets_NEW_04_Portrait_Wind.lrtemplate,.lrtemplate,0.004,2743,2743,0
FOLDER_1736_Documents_presets_NEW_04_Portrait_Wind.xmp,.xmp,0.004,2742,2742,0
FOLDER_1737_Documents_presets_NEW_05_Fashion_Matte.lrtemplate,.lrtemplate,0.004,2750,2750,0
FOLDER_1738_Documents_presets_NEW_05_Fashion_Matte.xmp,.xmp,0.004,2717,2717,0
FOLDER_1739_Documents_presets_NEW_05_Portrait_Sun_Flares.lrtemplate,.lrtemplate,0.003,2743,2743,0
FOLDER_1740_Documents_presets_NEW_05_Portrait_Sun_Flares.xmp,.xmp,0.004,2742,2742,0
FOLDER_1741_Documents_presets_NEW_06_Fashion_Film.lrtemplate,.lrtemplate,0.004,2750,2750,0
FOLDER_1742_Documents_presets_NEW_06_Fashion_Film.xmp,.xmp,0.004,2717,2717,0
FOLDER_1743_Documents_presets_NEW_06_Instagram_Creamy.lrtemplate,.lrtemplate,0.004,2793,2793,0
FOLDER_1744_Documents_presets_NEW_06_Instagram_Creamy.xmp,.xmp,0.005,2715,2715,0
FOLDER_1745_Documents_presets_NEW_06_Portrait_Matte.lrtemplate,.lrtemplate,0.003,2743,2743,0
FOLDER_1746_Documents_presets_NEW_06_Portrait_Matte.xmp,.xmp,0.004,2742,2742,0
FOLDER_1747_Documents_presets_NEW_07_Fashion_Chocolate.lrtemplate,.lrtemplate,0.003,2750,2750,0
FOLDER_1748_Documents_presets_NEW_07_Fashion_Chocolate.xmp,.xmp,0.004,2717,2717,0
FOLDER_1749_Documents_presets_NEW_07_Portrait_Cold_Shadows.lrtemplate,.lrtemplate,0.004,2743,2743,0
FOLDER_1750_Documents_presets_NEW_07_Portrait_Cold_Shadows.xmp,.xmp,0.004,2742,2742,0
FOLDER_1751_Documents_presets_NEW_08_Fashion_Pink_Glasses.lrtemplate,.lrtemplate,0.004,2750,2750,0
FOLDER_1752_Documents_presets_NEW_08_Fashion_Pink_Glasses.xmp,.xmp,0.005,2717,2717,0
FOLDER_1753_Documents_presets_NEW_08_Portrait_Old_Style.lrtemplate,.lrtemplate,0.003,2743,2743,0
FOLDER_1754_Documents_presets_NEW_08_Portrait_Old_Style.xmp,.xmp,0.004,2742,2742,0
FOLDER_1755_Documents_presets_NEW_10_Portrait_Nature.lrtemplate,.lrtemplate,0.003,2743,2743,0
FOLDER_1756_Documents_presets_NEW_10_Portrait_Nature.xmp,.xmp,0.004,2742,2742,0
FOLDER_1757_Documents_presets_NEW_READ_THIS_BEFORE.pdf,.pdf,0.412,2817,2817,0
FOLDER_1758_Documents_presets_NEW_Moody_Presets_01_Moody_Apricot.lrtemplate,.lrtemplate,0.004,3115,3115,0
FOLDER_1759_Documents_presets_NEW_Moody_Presets_02_Moody_Midtone.lrtemplate,.lrtemplate,0.004,3115,3115,0
FOLDER_1760_Documents_presets_NEW_Moody_Presets_03_Moody_Darken.lrtemplate,.lrtemplate,0.004,3115,3115,0
FOLDER_1761_Documents_presets_NEW_Moody_Presets_04_Moody_Cold_Wind.lrtemplate,.lrtemplate,0.004,3115,3115,0
FOLDER_1762_Documents_presets_NEW_Moody_Presets_05_Moody_Feather.lrtemplate,.lrtemplate,0.004,3115,3115,0
FOLDER_1763_Documents_presets_NEW_Moody_Presets_06_Moody_Grab.lrtemplate,.lrtemplate,0.004,3115,3115,0
FOLDER_1764_Documents_presets_NEW_Moody_Presets_07_Moody_Rosy.lrtemplate,.lrtemplate,0.004,3115,3115,0
FOLDER_1765_Documents_presets_NEW_Moody_Presets_08_Moody_Urban_Style.lrtemplate,.lrtemplate,0.004,3115,3115,0
FOLDER_1766_Documents_presets_NEW_Moody_Presets_09_Moody_Pearl.lrtemplate,.lrtemplate,0.004,3115,3115,0
FOLDER_1767_Documents_presets_NEW_Moody_Presets_10_Moody_Contrast.lrtemplate,.lrtemplate,0.004,3115,3115,0
FOLDER_1768_Documents_presets_NEW_Moody_Presets_READ_THIS_BEFORE.pdf,.pdf,0.412,2817,2817,0
FOLDER_1769_Documents_PM_101_video2056205681_101.mp4,.mp4,150.184,919,919,0
FOLDER_1770_Documents_Notepad_1de.txt,.txt,0.001,1015,1015,0
FOLDER_1771_Documents_Notepad_22ug20121.txt,.txt,0.001,79,79,0
FOLDER_1772_Documents_Notepad_AMEEncodingErrorLog.txt,.txt,0.002,1015,1015,0
FOLDER_1773_Documents_Notepad_aws.txt,.txt,0.001,589,589,0
FOLDER_1774_Documents_Notepad_caal.txt,.txt,0.001,1030,1030,0
FOLDER_1775_Documents_Notepad_calculas.txt,.txt,0.001,1329,1329,0
FOLDER_1776_Documents_Notepad_cisco.txt,.txt,0.001,1299,1299,0
FOLDER_1777_Documents_Notepad_Dear__Friend_s_Name__.txt,.txt,0.002,942,942,0
FOLDER_1778_Documents_Notepad_dee.txt,.txt,0.001,1015,1015,0
FOLDER_1779_Documents_Notepad_des.txt,.txt,0.001,1045,1045,0
FOLDER_1780_Documents_Notepad_edx.txt,.txt,0.001,954,954,0
FOLDER_1781_Documents_Notepad_extension.txt,.txt,0.002,1001,1001,0
FOLDER_1782_Documents_Notepad_hakil___________dilshan.txt,.txt,0.001,1001,1001,0
FOLDER_1783_Documents_Notepad_ieee.txt,.txt,0.002,1170,1170,0
FOLDER_1784_Documents_Notepad_kfjkjglx.txt,.txt,0.001,1174,1174,0
FOLDER_1785_Documents_Notepad_linu.txt,.txt,0.001,1016,1016,0
FOLDER_1786_Documents_Notepad_mali_canva.txt,.txt,0.001,1358,1358,0
FOLDER_1787_Documents_Notepad_Monic.txt,.txt,0.001,540,540,0
FOLDER_1788_Documents_Notepad_Movies_and_TV_series_in_this_video_.txt,.txt,0.001,1255,1255,0
FOLDER_1789_Documents_Notepad_New_Text_Document.txt,.txt,0.001,1140,1140,0
FOLDER_1790_Documents_Notepad_Project__034.txt,.txt,0.001,1067,1067,0
FOLDER_1791_Documents_Notepad_show_profile.txt,.txt,0.028,520,520,0
FOLDER_1792_Documents_Notepad_sociClub.txt,.txt,0.001,52,52,0
FOLDER_1793_Documents_Notepad_Steamts.txt,.txt,0.001,589,589,0
FOLDER_1794_Documents_Notepad_tb.txt,.txt,0.001,1298,1298,0
FOLDER_1795_Documents_Notepad_ti.txt,.txt,0.001,1059,1059,0
FOLDER_1796_Documents_Notepad_tryHme.txt,.txt,0.001,781,781,0
FOLDER_1797_Documents_Notepad_udemiii.txt,.txt,0.001,739,739,0
FOLDER_1798_Documents_Notepad_Untitled.txt,.txt,0.001,542,542,0
FOLDER_1799_Documents_Notepad_wifi_password_cmd.txt,.txt,0.001,1190,1190,0
FOLDER_1800_Documents_Notepad____________________________________.txt,.txt,0.001,1246,1246,0
FOLDER_1801_Documents_My_Games_Rainbow_Six_-_Siege_299cd4a4-dffa-41fb-ab11-1fc7d5744388_GameSettings.ini,.ini,0.006,46,46,0
FOLDER_1802_Documents_Mahappa_s_Project_files_1.pdf,.pdf,0.184,852,852,0
FOLDER_1803_Documents_Mahappa_s_Project_files_10.pdf,.pdf,0.635,852,852,0
FOLDER_1804_Documents_Mahappa_s_Project_files_11.pdf,.pdf,0.489,852,852,0
FOLDER_1805_Documents_Mahappa_s_Project_files_12.pdf,.pdf,0.473,852,852,0
FOLDER_1806_Documents_Mahappa_s_Project_files_13.pdf,.pdf,0.017,852,852,0
FOLDER_1807_Documents_Mahappa_s_Project_files_2.pdf,.pdf,0.164,852,852,0
FOLDER_1808_Documents_Mahappa_s_Project_files_2023____.pdf,.pdf,0.496,852,852,0
FOLDER_1809_Documents_Mahappa_s_Project_files_21.pdf,.pdf,0.468,852,852,0
FOLDER_1810_Documents_Mahappa_s_Project_files_22.pdf,.pdf,0.627,852,852,0
FOLDER_1811_Documents_Mahappa_s_Project_files_23.pdf,.pdf,0.255,852,852,0
FOLDER_1812_Documents_Mahappa_s_Project_files_3.pdf,.pdf,0.217,852,852,0
FOLDER_1813_Documents_Mahappa_s_Project_files_4.pdf,.pdf,0.676,852,852,0
FOLDER_1814_Documents_Mahappa_s_Project_files_5.pdf,.pdf,0.587,852,852,0
FOLDER_1815_Documents_Mahappa_s_Project_files_6.pdf,.pdf,0.691,852,852,0
FOLDER_1816_Documents_Mahappa_s_Project_files_7.pdf,.pdf,1.018,852,852,0
FOLDER_1817_Documents_Mahappa_s_Project_files_8.1.pdf,.pdf,0.715,852,852,0
FOLDER_1818_Documents_Mahappa_s_Project_files_8.11.pdf,.pdf,0.433,852,852,0
FOLDER_1819_Documents_Mahappa_s_Project_files_income.pdf,.pdf,0.67,852,852,0
FOLDER_1820_Documents_Mahappa_s_Project_files_New_CV_Nethulya_Aishawarinee_Sooriarachchi._pdf__2_.pdf,.pdf,1.193,860,860,0
FOLDER_1821_Documents_Mahappa_s_Project_files_______copy.pdf,.pdf,0.684,852,852,0
FOLDER_1822_Documents_Mahappa_s_Project_files____________17_copy.pdf,.pdf,0.541,852,852,0
FOLDER_1823_Documents_Mahappa_s_Project_files___________15_copy.pdf,.pdf,0.464,852,852,0
FOLDER_1824_Documents_Mahappa_s_Project_files________________.__.___19_copy.pdf,.pdf,0.538,852,852,0
FOLDER_1825_Documents_Mahappa_s_Project_files___________________18_____.pdf,.pdf,0.492,852,852,0
FOLDER_1826_Documents_Mahappa_s_Project_files___________________ukas_ha_ayojana.pdf,.pdf,0.482,852,852,0
FOLDER_1827_Documents_Mahappa_s_Project_files_____________.pdf,.pdf,0.473,852,852,0
FOLDER_1828_Documents_Mahappa_s_Project_files________________.pdf,.pdf,0.453,852,852,0
FOLDER_1829_Documents_library02_index.html,.html,0.002,913,913,0
FOLDER_1830_Documents_library02_Jstyle.js,.js,0.001,913,913,0
FOLDER_1831_Documents_library02_style.css,.css,0.001,913,913,0
FOLDER_1832_Documents_IBM_SPSS_Statistics_25_statistics.jnl,.jnl,0.001,924,924,0
FOLDER_1833_Documents_Horizon_Zero_Dawn_Screenshots_Horizon_Zero_Dawn_Tue_Jun_27_12-44-29_2023.png,.png,3.103,1143,1143,0
FOLDER_1834_Documents_Horizon_Zero_Dawn_Screenshots_Horizon_Zero_Dawn_Tue_Jun_27_12-45-06_2023.png,.png,1.791,1143,1143,0
FOLDER_1835_Documents_Horizon_Zero_Dawn_Screenshots_Horizon_Zero_Dawn_Tue_Jun_27_12-45-38_2023.png,.png,1.782,1143,1143,0
FOLDER_1836_Documents_Horizon_Zero_Dawn_Saved_Game_quicksave9_checkpoint.dat,.dat,1.0,959,959,0
FOLDER_1837_Documents_Horizon_Zero_Dawn_Saved_Game_quicksave9_icon.png,.png,0.169,959,959,0
FOLDER_1838_Documents_Horizon_Zero_Dawn_Saved_Game_quicksave9_slotinfo.ini,.ini,0.001,959,959,0
FOLDER_1839_Documents_Horizon_Zero_Dawn_Saved_Game_quicksave8_checkpoint.dat,.dat,1.0,959,959,0
FOLDER_1840_Documents_Horizon_Zero_Dawn_Saved_Game_quicksave8_icon.png,.png,0.227,959,959,0
FOLDER_1841_Documents_Horizon_Zero_Dawn_Saved_Game_quicksave8_slotinfo.ini,.ini,0.001,959,959,0
FOLDER_1842_Documents_Horizon_Zero_Dawn_Saved_Game_quicksave7_checkpoint.dat,.dat,1.0,959,959,0
FOLDER_1843_Documents_Horizon_Zero_Dawn_Saved_Game_quicksave7_icon.png,.png,0.186,959,959,0
FOLDER_1844_Documents_Horizon_Zero_Dawn_Saved_Game_quicksave7_slotinfo.ini,.ini,0.001,959,959,0
FOLDER_1845_Documents_Horizon_Zero_Dawn_Saved_Game_quicksave6_checkpoint.dat,.dat,1.0,959,959,0
FOLDER_1846_Documents_Horizon_Zero_Dawn_Saved_Game_quicksave6_icon.png,.png,0.204,959,959,0
FOLDER_1847_Documents_Horizon_Zero_Dawn_Saved_Game_quicksave6_slotinfo.ini,.ini,0.001,959,959,0
FOLDER_1848_Documents_Horizon_Zero_Dawn_Saved_Game_quicksave5_checkpoint.dat,.dat,1.0,959,959,0
FOLDER_1849_Documents_Horizon_Zero_Dawn_Saved_Game_quicksave5_icon.png,.png,0.205,959,959,0
FOLDER_1850_Documents_Horizon_Zero_Dawn_Saved_Game_quicksave5_slotinfo.ini,.ini,0.001,959,959,0
FOLDER_1851_Documents_Horizon_Zero_Dawn_Saved_Game_quicksave4_checkpoint.dat,.dat,1.0,959,959,0
FOLDER_1852_Documents_Horizon_Zero_Dawn_Saved_Game_quicksave4_icon.png,.png,0.209,959,959,0
FOLDER_1853_Documents_Horizon_Zero_Dawn_Saved_Game_quicksave4_slotinfo.ini,.ini,0.001,959,959,0
FOLDER_1854_Documents_Horizon_Zero_Dawn_Saved_Game_quicksave3_checkpoint.dat,.dat,1.0,972,972,0
FOLDER_1855_Documents_Horizon_Zero_Dawn_Saved_Game_quicksave3_icon.png,.png,0.002,972,972,0
FOLDER_1856_Documents_Horizon_Zero_Dawn_Saved_Game_quicksave3_slotinfo.ini,.ini,0.001,972,972,0
FOLDER_1857_Documents_Horizon_Zero_Dawn_Saved_Game_quicksave2_checkpoint.dat,.dat,1.0,950,950,0
FOLDER_1858_Documents_Horizon_Zero_Dawn_Saved_Game_quicksave2_icon.png,.png,0.227,950,950,0
FOLDER_1859_Documents_Horizon_Zero_Dawn_Saved_Game_quicksave2_slotinfo.ini,.ini,0.001,950,950,0
FOLDER_1860_Documents_Horizon_Zero_Dawn_Saved_Game_quicksave1_checkpoint.dat,.dat,1.0,959,959,0
FOLDER_1861_Documents_Horizon_Zero_Dawn_Saved_Game_quicksave1_icon.png,.png,0.231,950,950,0
FOLDER_1862_Documents_Horizon_Zero_Dawn_Saved_Game_quicksave1_slotinfo.ini,.ini,0.001,959,959,0
FOLDER_1863_Documents_Horizon_Zero_Dawn_Saved_Game_quicksave0_checkpoint.dat,.dat,1.0,959,959,0
FOLDER_1864_Documents_Horizon_Zero_Dawn_Saved_Game_quicksave0_icon.png,.png,0.189,959,959,0
FOLDER_1865_Documents_Horizon_Zero_Dawn_Saved_Game_quicksave0_slotinfo.ini,.ini,0.001,959,959,0
FOLDER_1866_Documents_Horizon_Zero_Dawn_Saved_Game_profile_profile.dat,.dat,0.188,951,951,0
FOLDER_1867_Documents_Horizon_Zero_Dawn_Saved_Game_profile_slotinfo.ini,.ini,0.001,951,951,0
FOLDER_1868_Documents_Horizon_Zero_Dawn_Saved_Game_autosave9_checkpoint.dat,.dat,1.0,959,959,0
FOLDER_1869_Documents_Horizon_Zero_Dawn_Saved_Game_autosave9_icon.png,.png,0.168,959,959,0
FOLDER_1870_Documents_Horizon_Zero_Dawn_Saved_Game_autosave9_slotinfo.ini,.ini,0.001,959,959,0
FOLDER_1871_Documents_Horizon_Zero_Dawn_Saved_Game_autosave8_checkpoint.dat,.dat,1.0,959,959,0
FOLDER_1872_Documents_Horizon_Zero_Dawn_Saved_Game_autosave8_icon.png,.png,0.19,959,959,0
FOLDER_1873_Documents_Horizon_Zero_Dawn_Saved_Game_autosave8_slotinfo.ini,.ini,0.001,959,959,0
FOLDER_1874_Documents_Horizon_Zero_Dawn_Saved_Game_autosave7_checkpoint.dat,.dat,1.0,972,972,0
FOLDER_1875_Documents_Horizon_Zero_Dawn_Saved_Game_autosave7_icon.png,.png,0.184,959,959,0
FOLDER_1876_Documents_Horizon_Zero_Dawn_Saved_Game_autosave7_slotinfo.ini,.ini,0.001,972,972,0
FOLDER_1877_Documents_Horizon_Zero_Dawn_Saved_Game_autosave6_checkpoint.dat,.dat,1.0,950,950,0
FOLDER_1878_Documents_Horizon_Zero_Dawn_Saved_Game_autosave6_icon.png,.png,0.273,950,950,0
FOLDER_1879_Documents_Horizon_Zero_Dawn_Saved_Game_autosave6_slotinfo.ini,.ini,0.001,950,950,0
FOLDER_1880_Documents_Horizon_Zero_Dawn_Saved_Game_autosave5_checkpoint.dat,.dat,1.0,959,959,0
FOLDER_1881_Documents_Horizon_Zero_Dawn_Saved_Game_autosave5_icon.png,.png,0.164,959,959,0
FOLDER_1882_Documents_Horizon_Zero_Dawn_Saved_Game_autosave5_slotinfo.ini,.ini,0.001,959,959,0
FOLDER_1883_Documents_Horizon_Zero_Dawn_Saved_Game_autosave4_checkpoint.dat,.dat,1.0,959,959,0
FOLDER_1884_Documents_Horizon_Zero_Dawn_Saved_Game_autosave4_icon.png,.png,0.205,959,959,0
FOLDER_1885_Documents_Horizon_Zero_Dawn_Saved_Game_autosave4_slotinfo.ini,.ini,0.001,959,959,0
FOLDER_1886_Documents_Horizon_Zero_Dawn_Saved_Game_autosave3_checkpoint.dat,.dat,1.0,959,959,0
FOLDER_1887_Documents_Horizon_Zero_Dawn_Saved_Game_autosave3_icon.png,.png,0.148,959,959,0
FOLDER_1888_Documents_Horizon_Zero_Dawn_Saved_Game_autosave3_slotinfo.ini,.ini,0.001,959,959,0
FOLDER_1889_Documents_Horizon_Zero_Dawn_Saved_Game_autosave2_checkpoint.dat,.dat,1.0,959,959,0
FOLDER_1890_Documents_Horizon_Zero_Dawn_Saved_Game_autosave2_icon.png,.png,0.109,959,959,0
FOLDER_1891_Documents_Horizon_Zero_Dawn_Saved_Game_autosave2_slotinfo.ini,.ini,0.001,959,959,0
FOLDER_1892_Documents_Horizon_Zero_Dawn_Saved_Game_autosave1_checkpoint.dat,.dat,1.0,959,959,0
FOLDER_1893_Documents_Horizon_Zero_Dawn_Saved_Game_autosave1_icon.png,.png,0.153,959,959,0
FOLDER_1894_Documents_Horizon_Zero_Dawn_Saved_Game_autosave1_slotinfo.ini,.ini,0.001,959,959,0
FOLDER_1895_Documents_Horizon_Zero_Dawn_Saved_Game_autosave0_checkpoint.dat,.dat,1.0,959,959,0
FOLDER_1896_Documents_Horizon_Zero_Dawn_Saved_Game_autosave0_icon.png,.png,0.159,959,959,0
FOLDER_1897_Documents_Horizon_Zero_Dawn_Saved_Game_autosave0_slotinfo.ini,.ini,0.001,959,959,0
FOLDER_1898_Documents_Group_18__Submiton_package_Project_Presentation_and_Proposal.rar,.rar,3.365,920,920,0
FOLDER_1899_Documents_Group_18__Submiton_package_Project_Presentation_and_Proposal_Group_18_presentation.pptx,.pptx,3.044,920,920,0
FOLDER_1900_Documents_Group_18__Submiton_package_Project_Presentation_and_Proposal_Project_Proposal_GEFORCE_TRAVEL__PROPOSAL.pdf,.pdf,0.436,920,920,0
FOLDER_1901_Documents_Group_18__Submiton_package_Project_files_submmition_package_Project_file.rar,.rar,8.872,920,920,0
FOLDER_1902_Documents_Group_18__Submiton_package_Project_file_travel_Admin.code-workspace,.codeworkspace,0.001,933,933,0
FOLDER_1903_Documents_Group_18__Submiton_package_Project_file_travel_bottom.php,.php,0.001,2778,2778,0
FOLDER_1904_Documents_Group_18__Submiton_package_Project_file_travel_category.php,.php,0.002,920,920,0
FOLDER_1905_Documents_Group_18__Submiton_package_Project_file_travel_detail.php,.php,0.003,2778,2778,0
FOLDER_1906_Documents_Group_18__Submiton_package_Project_file_travel_enquiry.php,.php,0.004,2778,2778,0
FOLDER_1907_Documents_Group_18__Submiton_package_Project_file_travel_function.php,.php,0.001,2778,2778,0
FOLDER_1908_Documents_Group_18__Submiton_package_Project_file_travel_index.php,.php,0.008,933,933,0
FOLDER_1909_Documents_Group_18__Submiton_package_Project_file_travel_package.php,.php,0.003,2778,2778,0
FOLDER_1910_Documents_Group_18__Submiton_package_Project_file_travel_README.md,.md,0.001,2778,2778,0
FOLDER_1911_Documents_Group_18__Submiton_package_Project_file_travel_slider.php,.php,0.001,925,925,0
FOLDER_1912_Documents_Group_18__Submiton_package_Project_file_travel_stylecss.css,.css,0.001,2778,2778,0
FOLDER_1913_Documents_Group_18__Submiton_package_Project_file_travel_subcat.php,.php,0.003,2778,2778,0
FOLDER_1914_Documents_Group_18__Submiton_package_Project_file_travel_top.php,.php,0.001,933,933,0
FOLDER_1915_Documents_Group_18__Submiton_package_Project_file_travel_js_Admin.code-workspace,.codeworkspace,0.001,933,933,0
FOLDER_1916_Documents_Group_18__Submiton_package_Project_file_travel_js_bottom.php,.php,0.001,2778,2778,0
FOLDER_1917_Documents_Group_18__Submiton_package_Project_file_travel_js_category.php,.php,0.003,2778,2778,0
FOLDER_1918_Documents_Group_18__Submiton_package_Project_file_travel_js_detail.php,.php,0.003,2778,2778,0
FOLDER_1919_Documents_Group_18__Submiton_package_Project_file_travel_js_enquiry.php,.php,0.004,2778,2778,0
FOLDER_1920_Documents_Group_18__Submiton_package_Project_file_travel_js_function.php,.php,0.001,2778,2778,0
FOLDER_1921_Documents_Group_18__Submiton_package_Project_file_travel_js_index.php,.php,0.008,933,933,0
FOLDER_1922_Documents_Group_18__Submiton_package_Project_file_travel_js_jquery.min.js,.js,0.089,2778,2778,0
FOLDER_1923_Documents_Group_18__Submiton_package_Project_file_travel_js_main.js,.js,0.003,2778,2778,0
FOLDER_1924_Documents_Group_18__Submiton_package_Project_file_travel_js_package.php,.php,0.003,2778,2778,0
FOLDER_1925_Documents_Group_18__Submiton_package_Project_file_travel_js_README.md,.md,0.001,2778,2778,0
FOLDER_1926_Documents_Group_18__Submiton_package_Project_file_travel_js_slider.php,.php,0.001,933,933,0
FOLDER_1927_Documents_Group_18__Submiton_package_Project_file_travel_js_stylecss.css,.css,0.001,2778,2778,0
FOLDER_1928_Documents_Group_18__Submiton_package_Project_file_travel_js_subcat.php,.php,0.003,2778,2778,0
FOLDER_1929_Documents_Group_18__Submiton_package_Project_file_travel_js_top.php,.php,0.001,933,933,0
FOLDER_1930_Documents_Group_18__Submiton_package_Project_file_travel_images_1.jpg,.jpg,0.013,2778,2778,0
FOLDER_1931_Documents_Group_18__Submiton_package_Project_file_travel_images_3.jpg,.jpg,0.009,2778,2778,0
FOLDER_1932_Documents_Group_18__Submiton_package_Project_file_travel_images_5.jpg,.jpg,0.01,2778,2778,0
FOLDER_1933_Documents_Group_18__Submiton_package_Project_file_travel_images_79.jpg,.jpg,0.008,2778,2778,0
FOLDER_1934_Documents_Group_18__Submiton_package_Project_file_travel_images_o-TRAVEL-facebook.jpg,.jpg,4.707,933,933,0
FOLDER_1935_Documents_Group_18__Submiton_package_Project_file_travel_images_social-icons.png,.png,0.003,2778,2778,0
FOLDER_1936_Documents_Group_18__Submiton_package_Project_file_travel_images_t1.jpg,.jpg,0.041,933,933,0
FOLDER_1937_Documents_Group_18__Submiton_package_Project_file_travel_images_T13.png,.png,0.396,2778,2778,0
FOLDER_1938_Documents_Group_18__Submiton_package_Project_file_travel_images_t2.jpg,.jpg,0.035,933,933,0
FOLDER_1939_Documents_Group_18__Submiton_package_Project_file_travel_images_t3.jpg,.jpg,0.023,933,933,0
FOLDER_1940_Documents_Group_18__Submiton_package_Project_file_travel_images_t4.jpg,.jpg,0.021,933,933,0
FOLDER_1941_Documents_Group_18__Submiton_package_Project_file_travel_images_t5.jpg,.jpg,0.023,933,933,0
FOLDER_1942_Documents_Group_18__Submiton_package_Project_file_travel_images_t6.jpg,.jpg,0.022,933,933,0
FOLDER_1943_Documents_Group_18__Submiton_package_Project_file_travel_images_t7.jpg,.jpg,0.045,933,933,0
FOLDER_1944_Documents_Group_18__Submiton_package_Project_file_travel_images_t8.jpg,.jpg,0.016,933,933,0
FOLDER_1945_Documents_Group_18__Submiton_package_Project_file_travel_images_TWlogo.jpg,.jpg,0.038,2778,2778,0
FOLDER_1946_Documents_Group_18__Submiton_package_Project_file_travel_images_projectpics_1.jpg,.jpg,0.015,2778,2778,0
FOLDER_1947_Documents_Group_18__Submiton_package_Project_file_travel_images_projectpics_2.jpg,.jpg,0.013,2778,2778,0
FOLDER_1948_Documents_Group_18__Submiton_package_Project_file_travel_images_projectpics_3.jpg,.jpg,0.008,2778,2778,0
FOLDER_1949_Documents_Group_18__Submiton_package_Project_file_travel_database_travl.sql,.sql,0.034,924,924,0
FOLDER_1950_Documents_Group_18__Submiton_package_Project_file_travel_css_bootstrap.css,.css,0.121,2778,2778,0
FOLDER_1951_Documents_Group_18__Submiton_package_Project_file_travel_css_style.css,.css,0.026,933,933,0
FOLDER_1952_Documents_Group_18__Submiton_package_Project_file_travel_Admin_addcategory.php,.php,0.002,2778,2778,0
FOLDER_1953_Documents_Group_18__Submiton_package_Project_file_travel_Admin_addpackage.php,.php,0.007,2778,2778,0
FOLDER_1954_Documents_Group_18__Submiton_package_Project_file_travel_Admin_addsubcategory.php,.php,0.004,2778,2778,0
FOLDER_1955_Documents_Group_18__Submiton_package_Project_file_travel_Admin_adduser.php,.php,0.003,2778,2778,0
FOLDER_1956_Documents_Group_18__Submiton_package_Project_file_travel_Admin_bottom.php,.php,0.001,2778,2778,0
FOLDER_1957_Documents_Group_18__Submiton_package_Project_file_travel_Admin_chstatus.php,.php,0.001,2778,2778,0
FOLDER_1958_Documents_Group_18__Submiton_package_Project_file_travel_Admin_deletecategory.php,.php,0.002,2778,2778,0
FOLDER_1959_Documents_Group_18__Submiton_package_Project_file_travel_Admin_deletepackage.php,.php,0.002,2778,2778,0
FOLDER_1960_Documents_Group_18__Submiton_package_Project_file_travel_Admin_deletesubcategory.php,.php,0.003,2778,2778,0
FOLDER_1961_Documents_Group_18__Submiton_package_Project_file_travel_Admin_deleteuser.php,.php,0.002,2778,2778,0
FOLDER_1962_Documents_Group_18__Submiton_package_Project_file_travel_Admin_form.php,.php,0.001,2778,2778,0
FOLDER_1963_Documents_Group_18__Submiton_package_Project_file_travel_Admin_function.php,.php,0.001,2778,2778,0
FOLDER_1964_Documents_Group_18__Submiton_package_Project_file_travel_Admin_index.php,.php,0.001,2778,2778,0
FOLDER_1965_Documents_Group_18__Submiton_package_Project_file_travel_Admin_left.php,.php,0.002,2778,2778,0
FOLDER_1966_Documents_Group_18__Submiton_package_Project_file_travel_Admin_loginform.php,.php,0.002,2778,2778,0
FOLDER_1967_Documents_Group_18__Submiton_package_Project_file_travel_Admin_logout.php,.php,0.001,2778,2778,0
FOLDER_1968_Documents_Group_18__Submiton_package_Project_file_travel_Admin_style.css,.css,0.001,2778,2778,0
FOLDER_1969_Documents_Group_18__Submiton_package_Project_file_travel_Admin_top.php,.php,0.001,2778,2778,0
FOLDER_1970_Documents_Group_18__Submiton_package_Project_file_travel_Admin_topforlogin.php,.php,0.001,2778,2778,0
FOLDER_1971_Documents_Group_18__Submiton_package_Project_file_travel_Admin_updatecategory.php,.php,0.003,2778,2778,0
FOLDER_1972_Documents_Group_18__Submiton_package_Project_file_travel_Admin_updatepackage.php,.php,0.007,2778,2778,0
FOLDER_1973_Documents_Group_18__Submiton_package_Project_file_travel_Admin_updatesubcategory.php,.php,0.005,2778,2778,0
FOLDER_1974_Documents_Group_18__Submiton_package_Project_file_travel_Admin_updateuser.php,.php,0.004,2778,2778,0
FOLDER_1975_Documents_Group_18__Submiton_package_Project_file_travel_Admin_viewcategory.php,.php,0.002,2778,2778,0
FOLDER_1976_Documents_Group_18__Submiton_package_Project_file_travel_Admin_viewenquiry.php,.php,0.003,2778,2778,0
FOLDER_1977_Documents_Group_18__Submiton_package_Project_file_travel_Admin_viewpackage.php,.php,0.003,2778,2778,0
FOLDER_1978_Documents_Group_18__Submiton_package_Project_file_travel_Admin_viewsubcategory.php,.php,0.002,2778,2778,0
FOLDER_1979_Documents_Group_18__Submiton_package_Project_file_travel_Admin_subcatimages_1.jpg,.jpg,0.015,2778,2778,0
FOLDER_1980_Documents_Group_18__Submiton_package_Project_file_travel_Admin_subcatimages_1143058_w-600_h-300_q-100_m-crop.jpg,.jpg,0.048,924,924,0
FOLDER_1981_Documents_Group_18__Submiton_package_Project_file_travel_Admin_subcatimages_2.jpg,.jpg,0.013,2778,2778,0
FOLDER_1982_Documents_Group_18__Submiton_package_Project_file_travel_Admin_subcatimages_3.jpg,.jpg,0.008,2778,2778,0
FOLDER_1983_Documents_Group_18__Submiton_package_Project_file_travel_Admin_subcatimages_Colombo-Gangaramaya-Temple-1-2.jpg,.jpg,0.119,924,924,0
FOLDER_1984_Documents_Group_18__Submiton_package_Project_file_travel_Admin_subcatimages_Explore-Deepavali-Festival-in-Sri-Lanka-300x187.jpg,.jpg,0.019,925,925,0
FOLDER_1985_Documents_Group_18__Submiton_package_Project_file_travel_Admin_subcatimages_Fabulous-Sri-Lanka-Family-Tour-13-days.jpg,.jpg,0.148,924,924,0
FOLDER_1986_Documents_Group_18__Submiton_package_Project_file_travel_Admin_subcatimages_jayasrimaha-bodiya.jpg,.jpg,0.13,925,925,0
FOLDER_1987_Documents_Group_18__Submiton_package_Project_file_travel_Admin_subcatimages_kaudulla_national_park-1.jpg,.jpg,0.647,925,925,0
FOLDER_1988_Documents_Group_18__Submiton_package_Project_file_travel_Admin_subcatimages_R.jpg,.jpg,0.104,924,924,0
FOLDER_1989_Documents_Group_18__Submiton_package_Project_file_travel_Admin_subcatimages_t5.jpg,.jpg,0.023,933,933,0
FOLDER_1990_Documents_Group_18__Submiton_package_Project_file_travel_Admin_subcatimages_t8.jpg,.jpg,0.016,933,933,0
FOLDER_1991_Documents_Group_18__Submiton_package_Project_file_travel_Admin_subcatimages_Tropical-Island-Wanderer-Sri-Lanka-Family-tours.jpg,.jpg,0.093,925,925,0
FOLDER_1992_Documents_Group_18__Submiton_package_Project_file_travel_Admin_subcatimages_whale-watching-family-trip-in-sri-lanka.jpg,.jpg,0.054,925,925,0
FOLDER_1993_Documents_Group_18__Submiton_package_Project_file_travel_Admin_subcatimages_white-water-rafting__1_.jpg,.jpg,0.251,924,924,0
FOLDER_1994_Documents_Group_18__Submiton_package_Project_file_travel_Admin_subcatimages_white-water-rafting.jpg,.jpg,0.251,925,925,0
FOLDER_1995_Documents_Group_18__Submiton_package_Project_file_travel_Admin_packimages_1.jpg,.jpg,0.015,2778,2778,0
FOLDER_1996_Documents_Group_18__Submiton_package_Project_file_travel_Admin_packimages_2.jpg,.jpg,0.013,2778,2778,0
FOLDER_1997_Documents_Group_18__Submiton_package_Project_file_travel_Admin_packimages_3.jpg,.jpg,0.008,2778,2778,0
FOLDER_1998_Documents_Group_18__Submiton_package_Project_file_travel_Admin_packimages_jayasrimaha-bodiya.jpg,.jpg,0.13,924,924,0
FOLDER_1999_Documents_Group_18__Submiton_package_Project_file_travel_Admin_packimages_kaudulla_national_park-1.jpg,.jpg,0.647,924,924,0
FOLDER_2000_Documents_Group_18__Submiton_package_Project_file_travel_Admin_packimages_Mount-Lavinia-Hotel-3.jpg,.jpg,0.116,924,924,0
FOLDER_2001_Documents_Group_18__Submiton_package_Project_file_travel_Admin_packimages_Mount-Lavinia-Hotel-4-1.jpg,.jpg,0.129,924,924,0
FOLDER_2002_Documents_Group_18__Submiton_package_Project_file_travel_Admin_packimages_Mount-Lavinia-Hotel-6.jpg,.jpg,0.091,924,924,0
FOLDER_2003_Documents_Group_18__Submiton_package_Project_file_travel_Admin_packimages_Polonnaruwa-Sri-Lanka-Cultural-Triangle.jpg,.jpg,0.084,924,924,0
FOLDER_2004_Documents_Group_18__Submiton_package_Project_file_travel_Admin_packimages_R.jpg,.jpg,0.104,924,924,0
FOLDER_2005_Documents_Group_18__Submiton_package_Project_file_travel_Admin_packimages_Sigiriya-Rock-Fortress-Family-Tour-.jpg,.jpg,0.065,924,924,0
FOLDER_2006_Documents_Group_18__Submiton_package_Project_file_travel_Admin_addverimages_1.jpg,.jpg,0.015,2778,2778,0
FOLDER_2007_Documents_Group_18__Submiton_package_Project_file_travel_Admin_addverimages_3.jpg,.jpg,0.009,2778,2778,0
FOLDER_2008_Documents_Group_18__Submiton_package_Project_file_travel_Admin_addverimages_4.jpg,.jpg,0.006,2778,2778,0
FOLDER_2009_Documents_GitHub_Dark-Data-Auditor-V8_.gitattributes,.gitattributes,0.001,19,19,0
FOLDER_2010_Documents_GitHub_Dark-Data-Auditor-V8_frontend_package.json,.json,0.001,20,20,0
FOLDER_2011_Documents_GitHub_Dark-Data-Auditor-V8_frontend_src_App.css,.css,0.004,20,20,0
FOLDER_2012_Documents_GitHub_Dark-Data-Auditor-V8_frontend_src_App.js,.js,0.022,20,20,0
FOLDER_2013_Documents_GitHub_Dark-Data-Auditor-V8_frontend_src_index.css,.css,0.001,21,21,0
FOLDER_2014_Documents_GitHub_Dark-Data-Auditor-V8_frontend_src_index.js,.js,0.001,21,21,0
FOLDER_2015_Documents_GitHub_Dark-Data-Auditor-V8_frontend_public_index.html,.html,0.001,21,21,0
FOLDER_2016_Documents_GitHub_Dark-Data-Auditor-V8_backend_generate_mock_data.py,.py,0.002,21,21,0
FOLDER_2017_Documents_GitHub_Dark-Data-Auditor-V8_backend_requirements.txt,.txt,0.001,21,21,0
FOLDER_2018_Documents_GitHub_Dark-Data-Auditor-V8_backend_run.py,.py,0.001,20,20,0
FOLDER_2019_Documents_GitHub_Dark-Data-Auditor-V8_backend_train_classifier.py,.py,0.002,21,21,0
FOLDER_2020_Documents_GitHub_Dark-Data-Auditor-V8_backend_models_dark_data_classifier.pkl,.pkl,0.056,20,20,0
FOLDER_2021_Documents_GitHub_Dark-Data-Auditor-V8_backend_data_cloud_metadata.csv,.csv,0.007,20,20,0
FOLDER_2022_Documents_GitHub_Dark-Data-Auditor-V8_backend_app_research_engine.py,.py,0.005,20,20,0
FOLDER_2023_Documents_GitHub_Dark-Data-Auditor-V8_backend_app_routes.py,.py,0.013,20,20,0
FOLDER_2024_Documents_GitHub_Dark-Data-Auditor-V8_backend_app___init__.py,.py,0.001,21,21,0
FOLDER_2025_Documents_GitHub_Dark-Data-Auditor-V8_.git_COMMIT_EDITMSG,.unknown,0.001,19,19,0
FOLDER_2026_Documents_GitHub_Dark-Data-Auditor-V8_.git_config,.unknown,0.001,19,19,0
FOLDER_2027_Documents_GitHub_Dark-Data-Auditor-V8_.git_description,.unknown,0.001,19,19,0
FOLDER_2028_Documents_GitHub_Dark-Data-Auditor-V8_.git_FETCH_HEAD,.unknown,0.001,19,19,0
FOLDER_2029_Documents_GitHub_Dark-Data-Auditor-V8_.git_HEAD,.unknown,0.001,19,19,0
FOLDER_2030_Documents_GitHub_Dark-Data-Auditor-V8_.git_index,.unknown,0.002,19,19,0
FOLDER_2031_Documents_GitHub_Dark-Data-Auditor-V8_.git_refs_remotes_origin_HEAD,.unknown,0.001,19,19,0
FOLDER_2032_Documents_GitHub_Dark-Data-Auditor-V8_.git_refs_remotes_origin_main,.unknown,0.001,19,19,0
FOLDER_2033_Documents_GitHub_Dark-Data-Auditor-V8_.git_refs_heads_main,.unknown,0.001,19,19,0
FOLDER_2034_Documents_GitHub_Dark-Data-Auditor-V8_.git_objects_e8_1b3d4fa5b25c3803f576b1b620b35251cd24d0,.unknown,0.001,19,19,0
FOLDER_2035_Documents_GitHub_Dark-Data-Auditor-V8_.git_objects_df_e0770424b2a19faf507a501ebfc23be8f54e7b,.unknown,0.001,19,19,0
FOLDER_2036_Documents_GitHub_Dark-Data-Auditor-V8_.git_objects_d5_264b308478e1bc2f3496df944778489caeb46d,.unknown,0.001,19,19,0
FOLDER_2037_Documents_GitHub_Dark-Data-Auditor-V8_.git_objects_d4_fd29046ce5cf8df6289f90a91bfb91e0e64bbc,.unknown,0.007,19,19,0
FOLDER_2038_Documents_GitHub_Dark-Data-Auditor-V8_.git_objects_d1_dc5fd7f0147a10c44a958ccfa20f41d368f88f,.unknown,0.001,19,19,0
FOLDER_2039_Documents_GitHub_Dark-Data-Auditor-V8_.git_objects_ce_ff2519019744117b649946d9395bf9b61dbcf0,.unknown,0.001,19,19,0
FOLDER_2040_Documents_GitHub_Dark-Data-Auditor-V8_.git_objects_bf_7962fbe0275e98cfb0e0321449c6a2ef435512,.unknown,0.001,19,19,0
FOLDER_2041_Documents_GitHub_Dark-Data-Auditor-V8_.git_objects_be_cdcc4782a5ba3a8f7ec238dd53dec59e579b6c,.unknown,0.001,19,19,0
FOLDER_2042_Documents_GitHub_Dark-Data-Auditor-V8_.git_objects_bb_ff86f36b16630546a8c06dbbd6ec17b33e4560,.unknown,0.001,19,19,0
FOLDER_2043_Documents_GitHub_Dark-Data-Auditor-V8_.git_objects_b6_fd2e2ed8b7e4e965bb34fef468512964505113,.unknown,0.002,19,19,0
FOLDER_2044_Documents_GitHub_Dark-Data-Auditor-V8_.git_objects_a7_819012eb74b0f42ca9b8e2eaf128eb30db26e8,.unknown,0.001,19,19,0
FOLDER_2045_Documents_GitHub_Dark-Data-Auditor-V8_.git_objects_a5_11e45868ede8e5a1806e9b7adcb8268b0f384f,.unknown,0.001,19,19,0
FOLDER_2046_Documents_GitHub_Dark-Data-Auditor-V8_.git_objects_93_48c1b60c84e71ba164fb81ebaafb526bb22194,.unknown,0.005,19,19,0
FOLDER_2047_Documents_GitHub_Dark-Data-Auditor-V8_.git_objects_87_29651be6cd443d1165d6385f2f4888484e8345,.unknown,0.001,19,19,0
FOLDER_2048_Documents_GitHub_Dark-Data-Auditor-V8_.git_objects_86_4670874a5185a3d2d6b208d12355c544b5fac0,.unknown,0.001,19,19,0
FOLDER_2049_Documents_GitHub_Dark-Data-Auditor-V8_.git_objects_7a_bdd606c44cd05321a7242fdc14e2b9024d08e6,.unknown,0.001,19,19,0
FOLDER_2050_Documents_GitHub_Dark-Data-Auditor-V8_.git_objects_77_491f275ad77191366a25acbbf13f45138e602b,.unknown,0.002,19,19,0
FOLDER_2051_Documents_GitHub_Dark-Data-Auditor-V8_.git_objects_75_7816890ea4a3f9e0bae6bdfc28f80b41f3ea08,.unknown,0.001,19,19,0
FOLDER_2052_Documents_GitHub_Dark-Data-Auditor-V8_.git_objects_6f_9509c88bed7080d496fc5e1d87a9315e30549d,.unknown,0.001,19,19,0
FOLDER_2053_Documents_GitHub_Dark-Data-Auditor-V8_.git_objects_6d_eb3bb91ba0f1a8d5eba789f8ec3fd9aca906fa,.unknown,0.001,19,19,0
FOLDER_2054_Documents_GitHub_Dark-Data-Auditor-V8_.git_objects_5a_0da4040e0105259db1dead03177f5f08fab7e8,.unknown,0.001,19,19,0
FOLDER_2055_Documents_GitHub_Dark-Data-Auditor-V8_.git_objects_48_ea9915c65800851e1a977e71787c5a6f3f5b57,.unknown,0.001,19,19,0
FOLDER_2056_Documents_GitHub_Dark-Data-Auditor-V8_.git_objects_3f_e994015d154627e83c3bd12250273c5c897ebc,.unknown,0.001,19,19,0
FOLDER_2057_Documents_GitHub_Dark-Data-Auditor-V8_.git_objects_33_d7ff77179e1b92953a578755c6feb3344da84e,.unknown,0.001,19,19,0
FOLDER_2058_Documents_GitHub_Dark-Data-Auditor-V8_.git_objects_2c_b1087e76eb7b33e49ace3622c9e108cd1ed64c,.unknown,0.001,19,19,0
FOLDER_2059_Documents_GitHub_Dark-Data-Auditor-V8_.git_objects_0e_4fd12e366ca6c439a3834d86fc4fdeccd48de4,.unknown,0.011,19,19,0
FOLDER_2060_Documents_GitHub_Dark-Data-Auditor-V8_.git_objects_09_6cd73a160ad887b1d7e170f9d994989d6b8b7b,.unknown,0.001,19,19,0
FOLDER_2061_Documents_GitHub_Dark-Data-Auditor-V8_.git_logs_HEAD,.unknown,0.001,19,19,0
FOLDER_2062_Documents_GitHub_Dark-Data-Auditor-V8_.git_logs_refs_remotes_origin_HEAD,.unknown,0.001,19,19,0
FOLDER_2063_Documents_GitHub_Dark-Data-Auditor-V8_.git_logs_refs_remotes_origin_main,.unknown,0.001,19,19,0
FOLDER_2064_Documents_GitHub_Dark-Data-Auditor-V8_.git_logs_refs_heads_main,.unknown,0.001,19,19,0
FOLDER_2065_Documents_GitHub_Dark-Data-Auditor-V8_.git_info_exclude,.unknown,0.001,19,19,0
FOLDER_2066_Documents_GitHub_Dark-Data-Auditor-V8_.git_hooks_applypatch-msg.sample,.sample,0.001,19,19,0
FOLDER_2067_Documents_GitHub_Dark-Data-Auditor-V8_.git_hooks_commit-msg.sample,.sample,0.001,19,19,0
FOLDER_2068_Documents_GitHub_Dark-Data-Auditor-V8_.git_hooks_fsmonitor-watchman.sample,.sample,0.005,19,19,0
FOLDER_2069_Documents_GitHub_Dark-Data-Auditor-V8_.git_hooks_post-update.sample,.sample,0.001,19,19,0
FOLDER_2070_Documents_GitHub_Dark-Data-Auditor-V8_.git_hooks_pre-applypatch.sample,.sample,0.001,19,19,0
FOLDER_2071_Documents_GitHub_Dark-Data-Auditor-V8_.git_hooks_pre-commit.sample,.sample,0.002,19,19,0
FOLDER_2072_Documents_GitHub_Dark-Data-Auditor-V8_.git_hooks_pre-merge-commit.sample,.sample,0.001,19,19,0
FOLDER_2073_Documents_GitHub_Dark-Data-Auditor-V8_.git_hooks_pre-push.sample,.sample,0.001,19,19,0
FOLDER_2074_Documents_GitHub_Dark-Data-Auditor-V8_.git_hooks_pre-rebase.sample,.sample,0.005,19,19,0
FOLDER_2075_Documents_GitHub_Dark-Data-Auditor-V8_.git_hooks_pre-receive.sample,.sample,0.001,19,19,0
FOLDER_2076_Documents_GitHub_Dark-Data-Auditor-V8_.git_hooks_prepare-commit-msg.sample,.sample,0.001,19,19,0
FOLDER_2077_Documents_GitHub_Dark-Data-Auditor-V8_.git_hooks_push-to-checkout.sample,.sample,0.003,19,19,0
FOLDER_2078_Documents_GitHub_Dark-Data-Auditor-V8_.git_hooks_sendemail-validate.sample,.sample,0.002,19,19,0
FOLDER_2079_Documents_GitHub_Dark-Data-Auditor-V8_.git_hooks_update.sample,.sample,0.003,19,19,0
FOLDER_2080_Documents_CODE_UOM_1.docx,.docx,0.014,1068,1068,0
FOLDER_2081_Documents_CODE_UOM_3.1.docx,.docx,0.047,1066,1066,0
FOLDER_2082_Documents_CODE_UOM_3.3.docx,.docx,0.995,1066,1066,0
FOLDER_2083_Documents_CODE_UOM_5.10.c,.c,0.001,825,825,0
FOLDER_2084_Documents_CODE_UOM_7_1.txt,.txt,0.002,1065,1065,0
FOLDER_2085_Documents_CODE_UOM_7_2.txt,.txt,0.002,1065,1065,0
FOLDER_2086_Documents_CODE_UOM_B_site_uom.txt,.txt,0.001,1065,1065,0
FOLDER_2087_Documents_CODE_UOM_Python_for_Beginners_-part_1.docx,.docx,0.839,1065,1065,0
FOLDER_2088_Documents_CODE_UOM_Roles_in_a_Software_Development_Team.docx,.docx,1.386,1065,1065,0
FOLDER_2089_Documents_CODE_UOM_Strings_in_Python.docx,.docx,0.015,1065,1065,0
FOLDER_2090_Documents_CODE_UOM_What_is_Future_Careers_BRIDGE.docx,.docx,1.166,1065,1065,0
FOLDER_2091_Documents_CODE_UOM_Writing_Clean_Code.docx,.docx,1.976,1065,1065,0
FOLDER_2092_Documents_CODE_UOM_.vscode_settings.json,.json,0.001,825,825,0
FOLDER_2093_Documents_Call_of_Duty_players_s.1.0.cod24.m,.m,0.001,68,68,0
FOLDER_2094_Documents_Call_of_Duty_players_s.1.0.cod24.txt,.txt,0.016,68,68,0
FOLDER_2095_Documents_Call_of_Duty_players_s.1.0.cod24.txt0,.txt0,0.016,75,75,0
FOLDER_2096_Documents_Call_of_Duty_players_s.1.0.cod24.txt1,.txt1,0.016,68,68,0
FOLDER_2097_Documents_Call_of_Duty_players_76561197960287930_favoritesettings.2.cdb,.cdb,0.001,75,75,0
FOLDER_2098_Documents_Call_of_Duty_players_76561197960287930_g.1.0.b0,.b0,0.01,68,68,0
FOLDER_2099_Documents_Call_of_Duty_players_76561197960287930_g.1.0.b1,.b1,0.01,68,68,0
FOLDER_2100_Documents_Call_of_Duty_players_76561197960287930_g.1.0.l.m,.m,0.001,68,68,0
FOLDER_2101_Documents_Call_of_Duty_players_76561197960287930_g.1.0.l.txt,.txt,0.007,68,68,0
FOLDER_2102_Documents_Call_of_Duty_players_76561197960287930_g.1.0.l.txt0,.txt0,0.007,68,68,0
FOLDER_2103_Documents_Call_of_Duty_players_76561197960287930_g.1.0.l.txt1,.txt1,0.007,68,68,0
FOLDER_2104_Documents_Call_of_Duty_players_76561197960287930_g.1.0.m,.m,0.001,68,68,0
FOLDER_2105_Documents_Call_of_Duty_players_76561197960287930_g.cod24.1.0.b0,.b0,0.001,68,68,0
FOLDER_2106_Documents_Call_of_Duty_players_76561197960287930_g.cod24.1.0.b1,.b1,0.001,68,68,0
FOLDER_2107_Documents_Call_of_Duty_players_76561197960287930_g.cod24.1.0.l.m,.m,0.001,68,68,0
FOLDER_2108_Documents_Call_of_Duty_players_76561197960287930_g.cod24.1.0.l.txt,.txt,0.001,68,68,0
FOLDER_2109_Documents_Call_of_Duty_players_76561197960287930_g.cod24.1.0.l.txt0,.txt0,0.001,68,68,0
FOLDER_2110_Documents_Call_of_Duty_players_76561197960287930_g.cod24.1.0.l.txt1,.txt1,0.001,68,68,0
FOLDER_2111_Documents_Call_of_Duty_players_76561197960287930_g.cod24.1.0.m,.m,0.001,68,68,0
FOLDER_2112_Documents_Call_of_Duty_players_76561197960287930_settingspresets.2.cdb,.cdb,0.001,75,75,0
FOLDER_2113_Documents_Call_of_Duty_players_76561197960287930_sp24_savegame_1.svg,.svg,2.21,68,68,0
FOLDER_2114_Documents_Arduino_libraries_MFRC522_changes.txt,.txt,0.007,100,100,0
FOLDER_2115_Documents_Arduino_libraries_MFRC522_keywords.txt,.txt,0.005,100,100,0
FOLDER_2116_Documents_Arduino_libraries_MFRC522_library.json,.json,0.001,100,100,0
FOLDER_2117_Documents_Arduino_libraries_MFRC522_library.properties,.properties,0.001,100,100,0
FOLDER_2118_Documents_Arduino_libraries_MFRC522_README.rst,.rst,0.018,100,100,0
FOLDER_2119_Documents_Arduino_libraries_MFRC522_UNLICENSE,.unknown,0.001,100,100,0
FOLDER_2120_Documents_Arduino_libraries_MFRC522_src_deprecated.h,.h,0.001,100,100,0
FOLDER_2121_Documents_Arduino_libraries_MFRC522_src_MFRC522.cpp,.cpp,0.073,100,100,0
FOLDER_2122_Documents_Arduino_libraries_MFRC522_src_MFRC522.h,.h,0.019,100,100,0
FOLDER_2123_Documents_Arduino_libraries_MFRC522_src_MFRC522Extended.cpp,.cpp,0.033,100,100,0
FOLDER_2124_Documents_Arduino_libraries_MFRC522_src_MFRC522Extended.h,.h,0.004,100,100,0
FOLDER_2125_Documents_Arduino_libraries_MFRC522_src_require_cpp11.h,.h,0.001,100,100,0
FOLDER_2126_Documents_Arduino_libraries_MFRC522_examples_rfid_write_personal_data_rfid_write_personal_data.ino,.ino,0.006,100,100,0
FOLDER_2127_Documents_Arduino_libraries_MFRC522_examples_rfid_read_personal_data_rfid_read_personal_data.ino,.ino,0.005,100,100,0
FOLDER_2128_Documents_Arduino_libraries_MFRC522_examples_rfid_default_keys_rfid_default_keys.ino,.ino,0.006,100,100,0
FOLDER_2129_Documents_Arduino_libraries_MFRC522_examples_RFID-Cloner_RFID-Cloner.ino,.ino,0.01,100,100,0
FOLDER_2130_Documents_Arduino_libraries_MFRC522_examples_ReadUidMultiReader_ReadUidMultiReader.ino,.ino,0.004,100,100,0
FOLDER_2131_Documents_Arduino_libraries_MFRC522_examples_ReadNUID_ReadNUID.ino,.ino,0.004,100,100,0
FOLDER_2132_Documents_Arduino_libraries_MFRC522_examples_ReadAndWrite_ReadAndWrite.ino,.ino,0.008,100,100,0
FOLDER_2133_Documents_Arduino_libraries_MFRC522_examples_Ntag216_AUTH_Ntag216_AUTH.ino,.ino,0.003,100,100,0
FOLDER_2134_Documents_Arduino_libraries_MFRC522_examples_MinimalInterrupt_MinimalInterrupt.ino,.ino,0.004,100,100,0
FOLDER_2135_Documents_Arduino_libraries_MFRC522_examples_MifareClassicValueBlock_MifareClassicValueBlock.ino,.ino,0.013,100,100,0
FOLDER_2136_Documents_Arduino_libraries_MFRC522_examples_FixBrickedUID_FixBrickedUID.ino,.ino,0.002,100,100,0
FOLDER_2137_Documents_Arduino_libraries_MFRC522_examples_firmware_check_firmware_check.ino,.ino,0.003,100,100,0
FOLDER_2138_Documents_Arduino_libraries_MFRC522_examples_DumpInfo_DumpInfo.ino,.ino,0.004,100,100,0
FOLDER_2139_Documents_Arduino_libraries_MFRC522_examples_ChangeUID_ChangeUID.ino,.ino,0.004,100,100,0
FOLDER_2140_Documents_Arduino_libraries_MFRC522_doc_PICCMemoryLayout.md,.md,0.003,100,100,0
FOLDER_2141_Documents_Arduino_libraries_MFRC522_doc_rfidmifare.doc,.doc,0.398,100,100,0
FOLDER_2142_Documents_Arduino_libraries_MFRC522_doc_rfidmifare.pdf,.pdf,0.303,100,100,0
FOLDER_2143_Documents_Arduino_libraries_MFRC522_doc_fritzing_Arduino-Uno-r3-with-RFID-RC522.fzz,.fzz,0.023,100,100,0
FOLDER_2144_Documents_Arduino_libraries_MFRC522_doc_fritzing_Arduino-Uno-r3-with-RFID-RC522.png,.png,0.335,100,100,0
FOLDER_2145_Documents_Arduino_libraries_MFRC522_doc_fritzing_RFID-RC522_-_Pin_Layout.png,.png,0.158,100,100,0
FOLDER_2146_Documents_Arduino_libraries_MFRC522_doc_fritzing_RFID-RC522-v2.fzpz,.fzpz,0.017,100,100,0
FOLDER_2147_Documents_Arduino_libraries_MFRC522_doc_fritzing_RFID-RC522-v2.png,.png,0.029,100,100,0
FOLDER_2148_Documents_Arduino_libraries_MFRC522_doc_fritzing_RFID-RC522-v3.fzpz,.fzpz,0.028,100,100,0
FOLDER_2149_Documents_Arduino_libraries_MFRC522_doc_fritzing_RFID-RC522-v3.png,.png,0.017,100,100,0
FOLDER_2150_Documents_Arduino_libraries_Adafruit_SSD1306_Adafruit_SSD1306.cpp,.cpp,0.044,53,53,0
FOLDER_2151_Documents_Arduino_libraries_Adafruit_SSD1306_Adafruit_SSD1306.h,.h,0.009,53,53,0
FOLDER_2152_Documents_Arduino_libraries_Adafruit_SSD1306_CMakeLists.txt,.txt,0.001,53,53,0
FOLDER_2153_Documents_Arduino_libraries_Adafruit_SSD1306_component.mk,.mk,0.001,53,53,0
FOLDER_2154_Documents_Arduino_libraries_Adafruit_SSD1306_library.properties,.properties,0.001,53,53,0
FOLDER_2155_Documents_Arduino_libraries_Adafruit_SSD1306_license.txt,.txt,0.001,53,53,0
FOLDER_2156_Documents_Arduino_libraries_Adafruit_SSD1306_README.md,.md,0.004,53,53,0
FOLDER_2157_Documents_Arduino_libraries_Adafruit_SSD1306_splash.h,.h,0.013,53,53,0
FOLDER_2158_Documents_Arduino_libraries_Adafruit_SSD1306_scripts_Makefile,.unknown,0.001,53,53,0
FOLDER_2159_Documents_Arduino_libraries_Adafruit_SSD1306_scripts_make_splash.py,.py,0.001,53,53,0
FOLDER_2160_Documents_Arduino_libraries_Adafruit_SSD1306_scripts_splash1.png,.png,0.001,53,53,0
FOLDER_2161_Documents_Arduino_libraries_Adafruit_SSD1306_scripts_splash2.png,.png,0.001,53,53,0
FOLDER_2162_Documents_Arduino_libraries_Adafruit_SSD1306_examples_ssd1306_64x32_i2c_ssd1306_64x32_i2c.ino,.ino,0.011,53,53,0
FOLDER_2163_Documents_Arduino_libraries_Adafruit_SSD1306_examples_ssd1306_128x64_spi_ssd1306_128x64_spi.ino,.ino,0.011,53,53,0
FOLDER_2164_Documents_Arduino_libraries_Adafruit_SSD1306_examples_ssd1306_128x64_i2c_ssd1306_128x64_i2c.ino,.ino,0.011,53,53,0
FOLDER_2165_Documents_Arduino_libraries_Adafruit_SSD1306_examples_ssd1306_128x32_spi_ssd1306_128x32_spi.ino,.ino,0.011,53,53,0
FOLDER_2166_Documents_Arduino_libraries_Adafruit_SSD1306_examples_ssd1306_128x32_i2c_ssd1306_128x32_i2c.ino,.ino,0.011,53,53,0
FOLDER_2167_Documents_Arduino_libraries_Adafruit_SSD1306_examples_OLED_featherwing_OLED_featherwing.ino,.ino,0.002,53,53,0
FOLDER_2168_Documents_Arduino_libraries_Adafruit_GFX_Library_Adafruit_GFX.cpp,.cpp,0.098,100,100,0
FOLDER_2169_Documents_Arduino_libraries_Adafruit_GFX_Library_Adafruit_GFX.h,.h,0.017,100,100,0
FOLDER_2170_Documents_Arduino_libraries_Adafruit_GFX_Library_Adafruit_GrayOLED.cpp,.cpp,0.015,100,100,0
FOLDER_2171_Documents_Arduino_libraries_Adafruit_GFX_Library_Adafruit_GrayOLED.h,.h,0.004,100,100,0
FOLDER_2172_Documents_Arduino_libraries_Adafruit_GFX_Library_Adafruit_SPITFT.cpp,.cpp,0.095,100,100,0
FOLDER_2173_Documents_Arduino_libraries_Adafruit_GFX_Library_Adafruit_SPITFT.h,.h,0.024,100,100,0
FOLDER_2174_Documents_Arduino_libraries_Adafruit_GFX_Library_Adafruit_SPITFT_Macros.h,.h,0.001,100,100,0
FOLDER_2175_Documents_Arduino_libraries_Adafruit_GFX_Library_CMakeLists.txt,.txt,0.001,100,100,0
FOLDER_2176_Documents_Arduino_libraries_Adafruit_GFX_Library_component.mk,.mk,0.001,100,100,0
FOLDER_2177_Documents_Arduino_libraries_Adafruit_GFX_Library_gfxfont.h,.h,0.001,100,100,0
FOLDER_2178_Documents_Arduino_libraries_Adafruit_GFX_Library_glcdfont.c,.c,0.009,100,100,0
FOLDER_2179_Documents_Arduino_libraries_Adafruit_GFX_Library_library.properties,.properties,0.001,100,100,0
FOLDER_2180_Documents_Arduino_libraries_Adafruit_GFX_Library_license.txt,.txt,0.001,100,100,0
FOLDER_2181_Documents_Arduino_libraries_Adafruit_GFX_Library_README.md,.md,0.005,100,100,0
FOLDER_2182_Documents_Arduino_libraries_Adafruit_GFX_Library_Fonts_FreeMono12pt7b.h,.h,0.013,100,100,0
FOLDER_2183_Documents_Arduino_libraries_Adafruit_GFX_Library_Fonts_FreeMono18pt7b.h,.h,0.023,100,100,0
FOLDER_2184_Documents_Arduino_libraries_Adafruit_GFX_Library_Fonts_FreeMono24pt7b.h,.h,0.039,100,100,0
FOLDER_2185_Documents_Arduino_libraries_Adafruit_GFX_Library_Fonts_FreeMono9pt7b.h,.h,0.009,100,100,0
FOLDER_2186_Documents_Arduino_libraries_Adafruit_GFX_Library_Fonts_FreeMonoBold12pt7b.h,.h,0.015,100,100,0
FOLDER_2187_Documents_Arduino_libraries_Adafruit_GFX_Library_Fonts_FreeMonoBold18pt7b.h,.h,0.027,100,100,0
FOLDER_2188_Documents_Arduino_libraries_Adafruit_GFX_Library_Fonts_FreeMonoBold24pt7b.h,.h,0.045,100,100,0
FOLDER_2189_Documents_Arduino_libraries_Adafruit_GFX_Library_Fonts_FreeMonoBold9pt7b.h,.h,0.01,100,100,0
FOLDER_2190_Documents_Arduino_libraries_Adafruit_GFX_Library_Fonts_FreeMonoBoldOblique12pt7b.h,.h,0.016,100,100,0
FOLDER_2191_Documents_Arduino_libraries_Adafruit_GFX_Library_Fonts_FreeMonoBoldOblique18pt7b.h,.h,0.03,100,100,0
FOLDER_2192_Documents_Arduino_libraries_Adafruit_GFX_Library_Fonts_FreeMonoBoldOblique24pt7b.h,.h,0.051,100,100,0
FOLDER_2193_Documents_Arduino_libraries_Adafruit_GFX_Library_Fonts_FreeMonoBoldOblique9pt7b.h,.h,0.011,100,100,0
FOLDER_2194_Documents_Arduino_libraries_Adafruit_GFX_Library_Fonts_FreeMonoOblique12pt7b.h,.h,0.015,100,100,0
FOLDER_2195_Documents_Arduino_libraries_Adafruit_GFX_Library_Fonts_FreeMonoOblique18pt7b.h,.h,0.026,100,100,0
FOLDER_2196_Documents_Arduino_libraries_Adafruit_GFX_Library_Fonts_FreeMonoOblique24pt7b.h,.h,0.043,100,100,0
FOLDER_2197_Documents_Arduino_libraries_Adafruit_GFX_Library_Fonts_FreeMonoOblique9pt7b.h,.h,0.01,100,100,0
FOLDER_2198_Documents_Arduino_libraries_Adafruit_GFX_Library_Fonts_FreeSans12pt7b.h,.h,0.016,100,100,0
FOLDER_2199_Documents_Arduino_libraries_Adafruit_GFX_Library_Fonts_FreeSans18pt7b.h,.h,0.029,100,100,0
FOLDER_2200_Documents_Arduino_libraries_Adafruit_GFX_Library_Fonts_FreeSans24pt7b.h,.h,0.049,100,100,0
FOLDER_2201_Documents_Arduino_libraries_Adafruit_GFX_Library_Fonts_FreeSans9pt7b.h,.h,0.011,100,100,0
FOLDER_2202_Documents_Arduino_libraries_Adafruit_GFX_Library_Fonts_FreeSansBold12pt7b.h,.h,0.017,100,100,0
FOLDER_2203_Documents_Arduino_libraries_Adafruit_GFX_Library_Fonts_FreeSansBold18pt7b.h,.h,0.031,100,100,0
FOLDER_2204_Documents_Arduino_libraries_Adafruit_GFX_Library_Fonts_FreeSansBold24pt7b.h,.h,0.054,100,100,0
FOLDER_2205_Documents_Arduino_libraries_Adafruit_GFX_Library_Fonts_FreeSansBold9pt7b.h,.h,0.012,100,100,0
FOLDER_2206_Documents_Arduino_libraries_Adafruit_GFX_Library_Fonts_FreeSansBoldOblique12pt7b.h,.h,0.02,100,100,0
FOLDER_2207_Documents_Arduino_libraries_Adafruit_GFX_Library_Fonts_FreeSansBoldOblique18pt7b.h,.h,0.036,100,100,0
FOLDER_2208_Documents_Arduino_libraries_Adafruit_GFX_Library_Fonts_FreeSansBoldOblique24pt7b.h,.h,0.061,100,100,0
FOLDER_2209_Documents_Arduino_libraries_Adafruit_GFX_Library_Fonts_FreeSansBoldOblique9pt7b.h,.h,0.013,100,100,0
FOLDER_2210_Documents_Arduino_libraries_Adafruit_GFX_Library_Fonts_FreeSansOblique12pt7b.h,.h,0.019,100,100,0
FOLDER_2211_Documents_Arduino_libraries_Adafruit_GFX_Library_Fonts_FreeSansOblique18pt7b.h,.h,0.034,100,100,0
FOLDER_2212_Documents_Arduino_libraries_Adafruit_GFX_Library_Fonts_FreeSansOblique24pt7b.h,.h,0.058,100,100,0
FOLDER_2213_Documents_Arduino_libraries_Adafruit_GFX_Library_Fonts_FreeSansOblique9pt7b.h,.h,0.013,100,100,0
FOLDER_2214_Documents_Arduino_libraries_Adafruit_GFX_Library_Fonts_FreeSerif12pt7b.h,.h,0.015,100,100,0
FOLDER_2215_Documents_Arduino_libraries_Adafruit_GFX_Library_Fonts_FreeSerif18pt7b.h,.h,0.028,100,100,0
FOLDER_2216_Documents_Arduino_libraries_Adafruit_GFX_Library_Fonts_FreeSerif24pt7b.h,.h,0.047,100,100,0
FOLDER_2217_Documents_Arduino_libraries_Adafruit_GFX_Library_Fonts_FreeSerif9pt7b.h,.h,0.011,100,100,0
FOLDER_2218_Documents_Arduino_libraries_Adafruit_GFX_Library_Fonts_FreeSerifBold12pt7b.h,.h,0.016,100,100,0
FOLDER_2219_Documents_Arduino_libraries_Adafruit_GFX_Library_Fonts_FreeSerifBold18pt7b.h,.h,0.03,100,100,0
FOLDER_2220_Documents_Arduino_libraries_Adafruit_GFX_Library_Fonts_FreeSerifBold24pt7b.h,.h,0.052,100,100,0
FOLDER_2221_Documents_Arduino_libraries_Adafruit_GFX_Library_Fonts_FreeSerifBold9pt7b.h,.h,0.011,100,100,0
FOLDER_2222_Documents_Arduino_libraries_Adafruit_GFX_Library_Fonts_FreeSerifBoldItalic12pt7b.h,.h,0.018,100,100,0
FOLDER_2223_Documents_Arduino_libraries_Adafruit_GFX_Library_Fonts_FreeSerifBoldItalic18pt7b.h,.h,0.033,100,100,0
FOLDER_2224_Documents_Arduino_libraries_Adafruit_GFX_Library_Fonts_FreeSerifBoldItalic24pt7b.h,.h,0.054,100,100,0
FOLDER_2225_Documents_Arduino_libraries_Adafruit_GFX_Library_Fonts_FreeSerifBoldItalic9pt7b.h,.h,0.012,100,100,0
FOLDER_2226_Documents_Arduino_libraries_Adafruit_GFX_Library_Fonts_FreeSerifItalic12pt7b.h,.h,0.016,100,100,0
FOLDER_2227_Documents_Arduino_libraries_Adafruit_GFX_Library_Fonts_FreeSerifItalic18pt7b.h,.h,0.029,100,100,0
FOLDER_2228_Documents_Arduino_libraries_Adafruit_GFX_Library_Fonts_FreeSerifItalic24pt7b.h,.h,0.05,100,100,0
FOLDER_2229_Documents_Arduino_libraries_Adafruit_GFX_Library_Fonts_FreeSerifItalic9pt7b.h,.h,0.011,100,100,0
FOLDER_2230_Documents_Arduino_libraries_Adafruit_GFX_Library_Fonts_Org_01.h,.h,0.009,100,100,0
FOLDER_2231_Documents_Arduino_libraries_Adafruit_GFX_Library_Fonts_Picopixel.h,.h,0.009,100,100,0
FOLDER_2232_Documents_Arduino_libraries_Adafruit_GFX_Library_Fonts_Tiny3x3a2pt7b.h,.h,0.005,100,100,0
FOLDER_2233_Documents_Arduino_libraries_Adafruit_GFX_Library_Fonts_TomThumb.h,.h,0.019,100,100,0
FOLDER_2234_Documents_Arduino_libraries_Adafruit_GFX_Library_fontconvert_bdf2adafruit.py,.py,0.004,100,100,0
FOLDER_2235_Documents_Arduino_libraries_Adafruit_GFX_Library_fontconvert_fontconvert.c,.c,0.01,100,100,0
FOLDER_2236_Documents_Arduino_libraries_Adafruit_GFX_Library_fontconvert_fontconvert_win.md,.md,0.004,100,100,0
FOLDER_2237_Documents_Arduino_libraries_Adafruit_GFX_Library_fontconvert_Makefile,.unknown,0.001,100,100,0
FOLDER_2238_Documents_Arduino_libraries_Adafruit_GFX_Library_fontconvert_makefonts.sh,.sh,0.001,100,100,0
FOLDER_2239_Documents_Arduino_libraries_Adafruit_GFX_Library_examples_mock_ili9341_mock_ili9341.ino,.ino,0.009,100,100,0
FOLDER_2240_Documents_Arduino_libraries_Adafruit_GFX_Library_examples_GFXcanvas_GFXcanvas.ino,.ino,0.004,100,100,0
FOLDER_2241_Documents_Arduino_libraries_Adafruit_GFX_Library_examples_GFXcanvas_GFXcanvasSerialDemo.cpp,.cpp,0.002,100,100,0
FOLDER_2242_Documents_Arduino_libraries_Adafruit_GFX_Library_examples_GFXcanvas_GFXcanvasSerialDemo.h,.h,0.002,100,100,0
FOLDER_2243_Documents_Arduino_libraries_Adafruit_Fingerprint_Sensor_Library_Adafruit_Fingerprint.cpp,.cpp,0.022,100,100,0
FOLDER_2244_Documents_Arduino_libraries_Adafruit_Fingerprint_Sensor_Library_Adafruit_Fingerprint.h,.h,0.01,100,100,0
FOLDER_2245_Documents_Arduino_libraries_Adafruit_Fingerprint_Sensor_Library_library.properties,.properties,0.001,100,100,0
FOLDER_2246_Documents_Arduino_libraries_Adafruit_Fingerprint_Sensor_Library_license.txt,.txt,0.001,100,100,0
FOLDER_2247_Documents_Arduino_libraries_Adafruit_Fingerprint_Sensor_Library_README.md,.md,0.002,100,100,0
FOLDER_2248_Documents_Arduino_libraries_Adafruit_Fingerprint_Sensor_Library_examples_show_fingerprint_templates_show_fingerprint_templates.ino,.ino,0.004,100,100,0
FOLDER_2249_Documents_Arduino_libraries_Adafruit_Fingerprint_Sensor_Library_examples_Leo_passthru_Leo_passthru.ino,.ino,0.001,100,100,0
FOLDER_2250_Documents_Arduino_libraries_Adafruit_Fingerprint_Sensor_Library_examples_ledcontrol_ledcontrol.ino,.ino,0.003,100,100,0
FOLDER_2251_Documents_Arduino_libraries_Adafruit_Fingerprint_Sensor_Library_examples_fingerprint_fingerprint.ino,.ino,0.005,100,100,0
FOLDER_2252_Documents_Arduino_libraries_Adafruit_Fingerprint_Sensor_Library_examples_enroll_enroll.ino,.ino,0.006,100,100,0
FOLDER_2253_Documents_Arduino_libraries_Adafruit_Fingerprint_Sensor_Library_examples_emptyDatabase_emptyDatabase.ino,.ino,0.002,100,100,0
FOLDER_2254_Documents_Arduino_libraries_Adafruit_Fingerprint_Sensor_Library_examples_delete_delete.ino,.ino,0.003,100,100,0
FOLDER_2255_Documents_Arduino_libraries_Adafruit_Fingerprint_Sensor_Library_examples_changepassword_changepassword.ino,.ino,0.002,100,100,0
FOLDER_2256_Documents_Arduino_libraries_Adafruit_Fingerprint_Sensor_Library_examples_blank_blank.ino,.ino,0.001,100,100,0
FOLDER_2257_Documents_Arduino_libraries_Adafruit_Fingerprint_Sensor_Library_documentation_fingerprint_en.pdf,.pdf,0.023,100,100,0
FOLDER_2258_Documents_Arduino_libraries_Adafruit_Fingerprint_Sensor_Library_documentation_readme.txt,.txt,0.001,100,100,0
FOLDER_2259_Documents_Arduino_libraries_Adafruit_Fingerprint_Sensor_Library_documentation_ZFM-20_Fingerprint_Module.pdf,.pdf,1.767,100,100,0
FOLDER_2260_Documents_Arduino_libraries_Adafruit_BusIO_Adafruit_BusIO_Register.cpp,.cpp,0.012,100,100,0
FOLDER_2261_Documents_Arduino_libraries_Adafruit_BusIO_Adafruit_BusIO_Register.h,.h,0.004,100,100,0
FOLDER_2262_Documents_Arduino_libraries_Adafruit_BusIO_Adafruit_GenericDevice.cpp,.cpp,0.003,100,100,0
FOLDER_2263_Documents_Arduino_libraries_Adafruit_BusIO_Adafruit_GenericDevice.h,.h,0.002,100,100,0
FOLDER_2264_Documents_Arduino_libraries_Adafruit_BusIO_Adafruit_I2CDevice.cpp,.cpp,0.009,100,100,0
FOLDER_2265_Documents_Arduino_libraries_Adafruit_BusIO_Adafruit_I2CDevice.h,.h,0.001,100,100,0
FOLDER_2266_Documents_Arduino_libraries_Adafruit_BusIO_Adafruit_I2CRegister.h,.h,0.001,100,100,0
FOLDER_2267_Documents_Arduino_libraries_Adafruit_BusIO_Adafruit_SPIDevice.cpp,.cpp,0.014,100,100,0
FOLDER_2268_Documents_Arduino_libraries_Adafruit_BusIO_Adafruit_SPIDevice.h,.h,0.005,100,100,0
FOLDER_2269_Documents_Arduino_libraries_Adafruit_BusIO_CMakeLists.txt,.txt,0.001,100,100,0
FOLDER_2270_Documents_Arduino_libraries_Adafruit_BusIO_component.mk,.mk,0.001,100,100,0
FOLDER_2271_Documents_Arduino_libraries_Adafruit_BusIO_library.properties,.properties,0.001,100,100,0
FOLDER_2272_Documents_Arduino_libraries_Adafruit_BusIO_LICENSE,.unknown,0.001,100,100,0
FOLDER_2273_Documents_Arduino_libraries_Adafruit_BusIO_README.md,.md,0.001,100,100,0
FOLDER_2274_Documents_Arduino_libraries_Adafruit_BusIO_examples_spi_register_bits_spi_register_bits.ino,.ino,0.009,100,100,0
FOLDER_2275_Documents_Arduino_libraries_Adafruit_BusIO_examples_spi_registers_spi_registers.ino,.ino,0.001,100,100,0
FOLDER_2276_Documents_Arduino_libraries_Adafruit_BusIO_examples_spi_readwrite_spi_readwrite.ino,.ino,0.001,100,100,0
FOLDER_2277_Documents_Arduino_libraries_Adafruit_BusIO_examples_spi_modetest_spi_modetest.ino,.ino,0.001,100,100,0
FOLDER_2278_Documents_Arduino_libraries_Adafruit_BusIO_examples_i2c_registers_i2c_registers.ino,.ino,0.001,100,100,0
FOLDER_2279_Documents_Arduino_libraries_Adafruit_BusIO_examples_i2c_readwrite_i2c_readwrite.ino,.ino,0.001,100,100,0
FOLDER_2280_Documents_Arduino_libraries_Adafruit_BusIO_examples_i2c_address_detect_i2c_address_detect.ino,.ino,0.001,100,100,0
FOLDER_2281_Documents_Arduino_libraries_Adafruit_BusIO_examples_i2corspi_register_i2corspi_register.ino,.ino,0.001,100,100,0
FOLDER_2282_Documents_Arduino_libraries_Adafruit_BusIO_examples_genericdevice_uarttest_genericdevice_uarttest.ino,.ino,0.003,100,100,0
FOLDER_2283_Documents_Arduino_libraries_Adafruit_BusIO_examples_genericdevice_uartregtest_genericdevice_uartregtest.ino,.ino,0.006,100,100,0
FOLDER_2284_Documents_Adobe_Premiere_Pro_26.0_Profile-geeth_Adobe_Premiere_Pro_Prefs,.unknown,0.017,25,25,0
FOLDER_2285_Documents_Adobe_Premiere_Pro_26.0_Profile-geeth_Settings_Overlay_Presets_Custom_Overlay.olp,.olp,0.003,25,25,0
FOLDER_2286_Documents_Adobe_Premiere_Pro_26.0_Profile-geeth_Layouts_WorkspaceConfig.xml,.xml,0.001,25,25,0
FOLDER_2287_Documents_Adobe_Premiere_Pro_24.0_Profile-geeth_Adobe_Premiere_Pro_Prefs,.unknown,0.018,817,817,0
FOLDER_2288_Documents_Adobe_Premiere_Pro_24.0_Profile-geeth_LayoutsWorkspaceConfig.xml,.xml,0.001,817,817,0
FOLDER_2289_Documents_Adobe_Premiere_Pro_24.0_Profile-geeth_Settings_Overlay_Presets_Custom_Overlay.olp,.olp,0.003,817,817,0
FOLDER_2290_Documents_Adobe_Premiere_Pro_24.0_Profile-geeth_Settings_EssentialSound_Default_sfx__Config_.essentialsound,.essentialsound,0.002,817,817,0
FOLDER_2291_Documents_Adobe_Premiere_Pro_24.0_Profile-geeth_Settings_EssentialSound_Default_sfx__Default_.essentialsound,.essentialsound,0.001,817,817,0
FOLDER_2292_Documents_Adobe_Premiere_Pro_24.0_Profile-geeth_Settings_EssentialSound_Default_sfx_Explosion.essentialsound,.essentialsound,0.001,817,817,0
FOLDER_2293_Documents_Adobe_Premiere_Pro_24.0_Profile-geeth_Settings_EssentialSound_Default_sfx_From_Outside.essentialsound,.essentialsound,0.001,817,817,0
FOLDER_2294_Documents_Adobe_Premiere_Pro_24.0_Profile-geeth_Settings_EssentialSound_Default_sfx_From_the_Left.essentialsound,.essentialsound,0.001,817,817,0
FOLDER_2295_Documents_Adobe_Premiere_Pro_24.0_Profile-geeth_Settings_EssentialSound_Default_sfx_From_the_Right.essentialsound,.essentialsound,0.001,817,817,0
FOLDER_2296_Documents_Adobe_Premiere_Pro_24.0_Profile-geeth_Settings_EssentialSound_Default_sfx_In_a_Large_Room.essentialsound,.essentialsound,0.001,817,817,0
FOLDER_2297_Documents_Adobe_Premiere_Pro_24.0_Profile-geeth_Settings_EssentialSound_Default_sfx_Make_Close_Up.essentialsound,.essentialsound,0.001,817,817,0
FOLDER_2298_Documents_Adobe_Premiere_Pro_24.0_Profile-geeth_Settings_EssentialSound_Default_sfx_Make_Distant.essentialsound,.essentialsound,0.001,817,817,0
FOLDER_2299_Documents_Adobe_Premiere_Pro_24.0_Profile-geeth_Settings_EssentialSound_Default_sfx_Make_Medium_Shot.essentialsound,.essentialsound,0.001,817,817,0
FOLDER_2300_Documents_Adobe_Premiere_Pro_24.0_Profile-geeth_Settings_EssentialSound_Default_music__Config_.essentialsound,.essentialsound,0.001,817,817,0
FOLDER_2301_Documents_Adobe_Premiere_Pro_24.0_Profile-geeth_Settings_EssentialSound_Default_music__Default_.essentialsound,.essentialsound,0.001,817,817,0
FOLDER_2302_Documents_Adobe_Premiere_Pro_24.0_Profile-geeth_Settings_EssentialSound_Default_music_Balanced_Background_Music.essentialsound,.essentialsound,0.001,817,817,0
FOLDER_2303_Documents_Adobe_Premiere_Pro_24.0_Profile-geeth_Settings_EssentialSound_Default_music_Duck_against_everything.essentialsound,.essentialsound,0.001,817,817,0
FOLDER_2304_Documents_Adobe_Premiere_Pro_24.0_Profile-geeth_Settings_EssentialSound_Default_music_Hard_Vocal_Ducking.essentialsound,.essentialsound,0.001,817,817,0
FOLDER_2305_Documents_Adobe_Premiere_Pro_24.0_Profile-geeth_Settings_EssentialSound_Default_music_Remix_to_30_Seconds.essentialsound,.essentialsound,0.001,817,817,0
FOLDER_2306_Documents_Adobe_Premiere_Pro_24.0_Profile-geeth_Settings_EssentialSound_Default_music_Remix_to_60_Seconds.essentialsound,.essentialsound,0.001,817,817,0
FOLDER_2307_Documents_Adobe_Premiere_Pro_24.0_Profile-geeth_Settings_EssentialSound_Default_music_Remix_to_90_Seconds.essentialsound,.essentialsound,0.001,817,817,0
FOLDER_2308_Documents_Adobe_Premiere_Pro_24.0_Profile-geeth_Settings_EssentialSound_Default_music_Smooth_Vocal_Ducking.essentialsound,.essentialsound,0.001,817,817,0
FOLDER_2309_Documents_Adobe_Premiere_Pro_24.0_Profile-geeth_Settings_EssentialSound_Default_generic__Config_.essentialsound,.essentialsound,0.001,817,817,0
FOLDER_2310_Documents_Adobe_Premiere_Pro_24.0_Profile-geeth_Settings_EssentialSound_Default_generic__Default_.essentialsound,.essentialsound,0.001,817,817,0
FOLDER_2311_Documents_Adobe_Premiere_Pro_24.0_Profile-geeth_Settings_EssentialSound_Default_dialog__Config_.essentialsound,.essentialsound,0.009,817,817,0
FOLDER_2312_Documents_Adobe_Premiere_Pro_24.0_Profile-geeth_Settings_EssentialSound_Default_dialog__Default_.essentialsound,.essentialsound,0.001,817,817,0
FOLDER_2313_Documents_Adobe_Premiere_Pro_24.0_Profile-geeth_Settings_EssentialSound_Default_dialog_Background_Walla_Walla.essentialsound,.essentialsound,0.001,817,817,0
FOLDER_2314_Documents_Adobe_Premiere_Pro_24.0_Profile-geeth_Settings_EssentialSound_Default_dialog_Balanced_High_Tone_Voice.essentialsound,.essentialsound,0.001,817,817,0
FOLDER_2315_Documents_Adobe_Premiere_Pro_24.0_Profile-geeth_Settings_EssentialSound_Default_dialog_Balanced_Low_Tone_Voice.essentialsound,.essentialsound,0.001,817,817,0
FOLDER_2316_Documents_Adobe_Premiere_Pro_24.0_Profile-geeth_Settings_EssentialSound_Default_dialog_Clean_Up_Noisy_Dialogue.essentialsound,.essentialsound,0.001,817,817,0
FOLDER_2317_Documents_Adobe_Premiere_Pro_24.0_Profile-geeth_Settings_EssentialSound_Default_dialog_From_Outside_a_Building.essentialsound,.essentialsound,0.001,817,817,0
FOLDER_2318_Documents_Adobe_Premiere_Pro_24.0_Profile-geeth_Settings_EssentialSound_Default_dialog_From_the_Radio.essentialsound,.essentialsound,0.001,817,817,0
FOLDER_2319_Documents_Adobe_Premiere_Pro_24.0_Profile-geeth_Settings_EssentialSound_Default_dialog_From_the_Telephone.essentialsound,.essentialsound,0.001,817,817,0
FOLDER_2320_Documents_Adobe_Premiere_Pro_24.0_Profile-geeth_Settings_EssentialSound_Default_dialog_From_the_Television.essentialsound,.essentialsound,0.001,817,817,0
FOLDER_2321_Documents_Adobe_Premiere_Pro_24.0_Profile-geeth_Settings_EssentialSound_Default_dialog_In_a_Large_Room.essentialsound,.essentialsound,0.001,817,817,0
FOLDER_2322_Documents_Adobe_Premiere_Pro_24.0_Profile-geeth_Settings_EssentialSound_Default_dialog_In_a_Small_Room.essentialsound,.essentialsound,0.001,817,817,0
FOLDER_2323_Documents_Adobe_Premiere_Pro_24.0_Profile-geeth_Settings_EssentialSound_Default_dialog_Make_Close_Up.essentialsound,.essentialsound,0.001,817,817,0
FOLDER_2324_Documents_Adobe_Premiere_Pro_24.0_Profile-geeth_Settings_EssentialSound_Default_dialog_Make_Distant.essentialsound,.essentialsound,0.001,817,817,0
FOLDER_2325_Documents_Adobe_Premiere_Pro_24.0_Profile-geeth_Settings_EssentialSound_Default_dialog_Make_Medium_Shot.essentialsound,.essentialsound,0.001,817,817,0
FOLDER_2326_Documents_Adobe_Premiere_Pro_24.0_Profile-geeth_Settings_EssentialSound_Default_dialog_Over_the_Intercom.essentialsound,.essentialsound,0.001,817,817,0
FOLDER_2327_Documents_Adobe_Premiere_Pro_24.0_Profile-geeth_Settings_EssentialSound_Default_dialog_Podcast_Voice.essentialsound,.essentialsound,0.001,817,817,0
FOLDER_2328_Documents_Adobe_Premiere_Pro_24.0_Profile-geeth_Settings_EssentialSound_Default_ambience__Config_.essentialsound,.essentialsound,0.002,817,817,0
FOLDER_2329_Documents_Adobe_Premiere_Pro_24.0_Profile-geeth_Settings_EssentialSound_Default_ambience__Default_.essentialsound,.essentialsound,0.001,817,817,0
FOLDER_2330_Documents_Adobe_Premiere_Pro_24.0_Profile-geeth_Settings_EssentialSound_Default_ambience_Focused.essentialsound,.essentialsound,0.001,817,817,0
FOLDER_2331_Documents_Adobe_Premiere_Pro_24.0_Profile-geeth_Settings_EssentialSound_Default_ambience_From_Outside.essentialsound,.essentialsound,0.001,817,817,0
FOLDER_2332_Documents_Adobe_Premiere_Pro_24.0_Profile-geeth_Settings_EssentialSound_Default_ambience_Room_Tone.essentialsound,.essentialsound,0.001,817,817,0
FOLDER_2333_Documents_Adobe_Premiere_Pro_24.0_Profile-geeth_Settings_EssentialSound_Default_ambience_Wide_and_Deep.essentialsound,.essentialsound,0.001,817,817,0
FOLDER_2334_Documents_2024-01-11_01.30.51_22UG2-0123_Rashmi_Yashodha_Malalasekara_s_Personal_Meeting_Room_audio1174467008.m4a,.m4a,0.083,946,946,0
FOLDER_2335_Documents_2024-01-11_01.30.51_22UG2-0123_Rashmi_Yashodha_Malalasekara_s_Personal_Meeting_Room_audio2174467008.m4a,.m4a,4.464,946,946,0
FOLDER_2336_Documents_2024-01-11_01.30.51_22UG2-0123_Rashmi_Yashodha_Malalasekara_s_Personal_Meeting_Room_recording.conf,.conf,0.001,946,946,0
FOLDER_2337_Documents_2024-01-11_01.30.51_22UG2-0123_Rashmi_Yashodha_Malalasekara_s_Personal_Meeting_Room_video1174467008.mp4,.mp4,0.13,946,946,0
FOLDER_2338_Documents_2024-01-11_01.30.51_22UG2-0123_Rashmi_Yashodha_Malalasekara_s_Personal_Meeting_Room_video2174467008.mp4,.mp4,8.717,946,946,0
