file_id,file_type,file_size_mb,days_since_creation,days_since_last_accessed,access_count_30d
FILE_0001,.zip,266.91,128,24,40
FILE_0002,.tmp,101.78,102,28,40
FILE_0003,.docx,753.21,26,6,12
FILE_0004,.log,483.49,32,16,32
FILE_0005,.pdf,195.01,116,28,42
FILE_0006,.png,101.61,58,5,10
FILE_0007,.pdf,775.83,16,3,14
FILE_0008,.png,532.04,18,7,42
FILE_0009,.png,516.68,180,12,31
FILE_0010,.xlsx,84.48,145,18,18
FILE_0011,.tmp,731.88,49,13,17
FILE_0012,.log,758.19,41,25,28
FILE_0013,.log,477.96,50,15,50
FILE_0014,.pdf,587.6,12,3,33
FILE_0015,.zip,691.12,162,27,18
FILE_0016,.xlsx,689.85,22,2,50
FILE_0017,.log,304.14,159,18,11
FILE_0018,.pdf,429.94,47,12,10
FILE_0019,.tmp,455.19,167,20,40
FILE_0020,.png,386.71,18,18,25
FILE_0021,.log,203.18,161,12,37
FILE_0022,.docx,478.48,126,6,20
FILE_0023,.png,138.61,173,14,40
FILE_0024,.pdf,115.76,130,9,27
FILE_0025,.pdf,715.71,130,14,19
FILE_0026,.docx,538.82,64,4,9
FILE_0027,.docx,383.87,155,7,14
FILE_0028,.png,703.89,156,10,11
FILE_0029,.tmp,712.18,157,28,18
FILE_0030,.bak,159.7,88,11,39
FILE_0031,.tmp,521.03,59,10,25
FILE_0032,.zip,218.19,15,13,21
FILE_0033,.tmp,113.72,42,16,48
FILE_0034,.tmp,83.41,41,7,30
FILE_0035,.xlsx,351.88,45,6,31
FILE_0036,.log,335.38,31,3,50
FILE_0037,.zip,653.26,176,0,26
FILE_0038,.png,215.16,158,25,16
FILE_0039,.tmp,333.8,85,27,30
FILE_0040,.log,122.74,173,22,15
FILE_0041,.docx,95.28,110,2,27
FILE_0042,.zip,169.21,176,29,5
FILE_0043,.bak,274.96,82,28,36
FILE_0044,.docx,137.62,158,2,15
FILE_0045,.log,373.81,83,7,5
FILE_0046,.log,573.97,44,11,12
FILE_0047,.docx,333.52,67,27,21
FILE_0048,.log,790.36,143,12,26
FILE_0049,.log,621.54,152,13,49
FILE_0050,.log,201.85,115,14,42
FILE_0051,.png,322.98,147,25,50
FILE_0052,.docx,328.46,53,10,39
FILE_0053,.xlsx,794.21,178,18,29
FILE_0054,.pdf,346.8,65,5,43
FILE_0055,.log,186.87,84,7,33
FILE_0056,.png,83.71,116,28,33
FILE_0057,.docx,446.68,106,23,10
FILE_0058,.xlsx,673.86,139,18,15
FILE_0059,.docx,55.94,34,4,45
FILE_0060,.bak,236.54,105,17,37
FILE_0061,.zip,121.82,13,4,6
FILE_0062,.png,726.04,131,26,33
FILE_0063,.png,795.15,179,23,11
FILE_0064,.pdf,716.86,137,17,13
FILE_0065,.xlsx,283.21,122,17,15
FILE_0066,.log,53.18,88,5,29
FILE_0067,.tmp,123.24,138,5,14
FILE_0068,.tmp,352.32,10,0,11
FILE_0069,.pdf,780.11,123,12,29
FILE_0070,.docx,406.12,10,3,17
FILE_0071,.png,792.31,134,18,35
FILE_0072,.bak,782.0,40,23,31
FILE_0073,.log,296.46,137,22,18
FILE_0074,.pdf,400.34,51,21,40
FILE_0075,.png,153.41,57,2,22
FILE_0076,.xlsx,501.49,79,7,39
FILE_0077,.zip,67.21,82,0,20
FILE_0078,.docx,518.39,154,18,16
FILE_0079,.docx,512.0,100,29,37
FILE_0080,.tmp,177.88,130,17,37
FILE_0081,.pdf,138.31,12,8,27
FILE_0082,.bak,341.5,11,5,17
FILE_0083,.pdf,598.84,78,30,23
FILE_0084,.png,519.07,32,17,32
FILE_0085,.xlsx,665.88,93,8,50
FILE_0086,.pdf,203.19,169,21,23
FILE_0087,.tmp,97.72,170,15,35
FILE_0088,.pdf,88.99,120,11,16
FILE_0089,.png,521.97,128,26,37
FILE_0090,.docx,256.23,168,0,21
FILE_0091,.docx,390.33,70,10,27
FILE_0092,.png,505.42,89,19,31
FILE_0093,.log,608.56,49,19,39
FILE_0094,.pdf,190.34,60,23,14
FILE_0095,.log,654.69,102,9,24
FILE_0096,.tmp,339.68,72,8,15
FILE_0097,.xlsx,124.96,31,0,34
FILE_0098,.png,157.36,32,15,34
FILE_0099,.log,785.29,21,9,12
FILE_0100,.log,373.7,123,23,5
FILE_0101,.xlsx,79.9,154,17,33
FILE_0102,.zip,300.42,164,16,13
FILE_0103,.log,446.0,180,6,46
FILE_0104,.zip,392.56,161,29,16
FILE_0105,.tmp,320.77,150,11,46
FILE_0106,.log,278.94,100,22,18
FILE_0107,.png,764.51,149,0,37
FILE_0108,.bak,421.29,29,16,44
FILE_0109,.docx,287.87,77,8,18
FILE_0110,.docx,290.33,175,2,46
FILE_0111,.docx,165.59,47,12,40
FILE_0112,.pdf,339.97,54,26,50
FILE_0113,.docx,571.99,171,20,28
FILE_0114,.tmp,395.87,152,12,28
FILE_0115,.xlsx,211.59,95,23,50
FILE_0116,.zip,411.16,168,26,40
FILE_0117,.xlsx,516.81,61,25,21
FILE_0118,.bak,326.8,14,14,5
FILE_0119,.pdf,378.01,120,24,19
FILE_0120,.tmp,697.17,173,0,41
FILE_0121,.xlsx,249.38,13,10,43
FILE_0122,.pdf,682.04,126,28,43
FILE_0123,.zip,529.67,120,21,26
FILE_0124,.bak,353.03,26,3,9
FILE_0125,.pdf,386.31,66,14,47
FILE_0126,.tmp,408.3,67,6,25
FILE_0127,.bak,742.21,122,10,20
FILE_0128,.xlsx,199.75,49,4,21
FILE_0129,.pdf,452.15,102,9,22
FILE_0130,.tmp,195.37,37,21,27
FILE_0131,.zip,220.1,144,18,18
FILE_0132,.docx,156.14,109,7,26
FILE_0133,.bak,85.36,55,10,23
FILE_0134,.log,509.33,32,22,39
FILE_0135,.pdf,95.2,43,2,6
FILE_0136,.png,548.45,92,11,40
FILE_0137,.png,440.66,121,15,15
FILE_0138,.log,775.51,52,27,37
FILE_0139,.docx,195.89,95,18,23
FILE_0140,.zip,709.55,153,14,16
FILE_0141,.bak,359.27,113,8,43
FILE_0142,.docx,593.74,39,21,16
FILE_0143,.xlsx,629.75,98,9,26
FILE_0144,.tmp,639.9,101,4,41
FILE_0145,.bak,557.43,23,18,43
FILE_0146,.log,653.12,49,17,17
FILE_0147,.png,560.47,180,22,46
FILE_0148,.xlsx,646.95,156,13,34
FILE_0149,.docx,574.87,63,29,49
FILE_0150,.zip,314.09,105,0,20
FILE_0151,.pdf,301.34,31,28,46
FILE_0152,.png,552.87,77,0,13
FILE_0153,.zip,373.35,164,2,47
FILE_0154,.tmp,81.57,173,10,26
FILE_0155,.log,447.55,41,2,18
FILE_0156,.tmp,608.23,142,24,47
FILE_0157,.tmp,611.57,160,21,49
FILE_0158,.bak,460.33,105,28,46
FILE_0159,.pdf,783.95,36,20,17
FILE_0160,.bak,759.97,108,25,32
FILE_0161,.log,202.21,178,6,23
FILE_0162,.png,572.11,137,30,20
FILE_0163,.log,741.41,88,23,6
FILE_0164,.pdf,788.24,77,27,12
FILE_0165,.zip,275.98,112,27,38
FILE_0166,.bak,106.98,18,10,20
FILE_0167,.png,225.99,170,23,33
FILE_0168,.log,726.28,147,30,9
FILE_0169,.bak,505.53,57,6,10
FILE_0170,.pdf,351.47,45,26,7
FILE_0171,.log,474.24,140,1,43
FILE_0172,.pdf,105.96,177,25,43
FILE_0173,.zip,71.18,63,29,7
FILE_0174,.tmp,466.13,27,20,45
FILE_0175,.xlsx,125.34,139,28,48
FILE_0176,.bak,481.08,12,8,18
FILE_0177,.xlsx,647.38,154,7,40
FILE_0178,.pdf,331.27,118,29,9
FILE_0179,.zip,538.84,53,8,20
FILE_0180,.pdf,593.22,17,7,23
FILE_0181,.zip,166.23,123,24,48
FILE_0182,.bak,449.28,19,1,22
FILE_0183,.docx,777.36,140,16,12
FILE_0184,.bak,735.0,82,11,38
FILE_0185,.bak,234.06,64,29,38
FILE_0186,.docx,222.47,121,28,46
FILE_0187,.log,406.74,138,16,13
FILE_0188,.pdf,95.39,20,18,37
FILE_0189,.zip,137.09,19,18,48
FILE_0190,.zip,412.42,108,27,47
FILE_0191,.zip,252.87,154,18,39
FILE_0192,.docx,491.68,131,12,46
FILE_0193,.docx,440.88,178,26,25
FILE_0194,.docx,408.43,84,2,47
FILE_0195,.docx,203.5,165,15,44
FILE_0196,.pdf,703.4,161,24,34
FILE_0197,.zip,76.63,18,0,44
FILE_0198,.zip,690.38,123,24,18
FILE_0199,.pdf,484.26,153,28,46
FILE_0200,.png,437.39,75,7,24
FILE_0201,.bak,557.14,64,27,50
FILE_0202,.zip,655.96,10,4,42
FILE_0203,.png,340.62,107,15,5
FILE_0204,.tmp,146.7,75,8,17
FILE_0205,.pdf,671.74,84,10,9
FILE_0206,.docx,263.56,35,5,25
FILE_0207,.zip,358.17,147,17,29
FILE_0208,.tmp,637.09,153,24,16
FILE_0209,.log,649.31,15,4,22
FILE_0210,.png,334.76,135,3,49
FILE_0211,.pdf,290.13,164,0,50
FILE_0212,.xlsx,769.6,23,8,28
FILE_0213,.pdf,389.88,71,21,12
FILE_0214,.zip,161.21,81,23,11
FILE_0215,.docx,173.63,21,8,21
FILE_0216,.xlsx,178.67,126,10,41
FILE_0217,.tmp,65.65,38,5,27
FILE_0218,.bak,438.53,108,15,41
FILE_0219,.bak,641.79,40,27,5
FILE_0220,.tmp,485.05,26,2,6
FILE_0221,.png,702.87,29,4,32
FILE_0222,.xlsx,379.71,107,1,17
FILE_0223,.pdf,85.66,62,14,24
FILE_0224,.log,463.12,108,6,11
FILE_0225,.zip,723.36,138,1,25
FILE_0226,.bak,351.69,41,14,30
FILE_0227,.docx,778.85,41,26,41
FILE_0228,.docx,287.14,36,6,29
FILE_0229,.xlsx,202.0,14,5,42
FILE_0230,.docx,642.75,124,10,11
FILE_0231,.bak,798.35,165,22,48
FILE_0232,.tmp,285.68,138,19,14
FILE_0233,.xlsx,568.55,152,24,10
FILE_0234,.zip,443.01,88,2,17
FILE_0235,.pdf,703.67,127,30,42
FILE_0236,.png,784.52,165,17,32
FILE_0237,.tmp,53.73,156,6,20
FILE_0238,.bak,514.99,86,19,11
FILE_0239,.log,407.48,80,17,33
FILE_0240,.zip,189.35,17,1,41
FILE_0241,.pdf,347.86,33,8,9
FILE_0242,.docx,217.0,177,28,50
FILE_0243,.xlsx,469.98,128,0,33
FILE_0244,.log,262.45,109,3,24
FILE_0245,.docx,766.82,100,11,11
FILE_0246,.bak,724.4,156,19,6
FILE_0247,.log,489.59,10,10,38
FILE_0248,.png,177.19,119,21,38
FILE_0249,.bak,482.5,159,24,27
FILE_0250,.bak,515.93,42,23,15
FILE_0251,.zip,468.23,177,11,29
FILE_0252,.log,434.13,36,9,22
FILE_0253,.docx,532.25,152,2,17
FILE_0254,.pdf,597.59,105,22,20
FILE_0255,.zip,782.2,23,19,10
FILE_0256,.bak,501.13,63,17,8
FILE_0257,.zip,589.47,81,15,31
FILE_0258,.tmp,565.61,174,18,24
FILE_0259,.tmp,243.58,156,15,47
FILE_0260,.zip,439.73,160,6,42
FILE_0261,.zip,184.02,158,12,12
FILE_0262,.tmp,505.88,108,6,14
FILE_0263,.zip,392.91,166,16,37
FILE_0264,.log,778.15,74,22,16
FILE_0265,.xlsx,236.19,133,19,14
FILE_0266,.png,115.82,116,12,9
FILE_0267,.zip,201.23,147,3,27
FILE_0268,.pdf,526.95,123,7,13
FILE_0269,.bak,485.19,88,18,49
FILE_0270,.log,283.1,176,3,29
FILE_0271,.bak,255.43,145,26,19
FILE_0272,.pdf,398.41,56,18,16
FILE_0273,.docx,162.48,104,29,42
FILE_0274,.zip,71.86,75,26,49
FILE_0275,.docx,242.1,96,22,31
FILE_0276,.png,361.28,21,13,27
FILE_0277,.png,480.55,177,13,28
FILE_0278,.tmp,730.35,18,6,15
FILE_0279,.tmp,259.18,34,19,33
FILE_0280,.log,421.5,73,4,26
FILE_0281,.log,722.34,40,3,27
FILE_0282,.pdf,701.49,85,0,8
FILE_0283,.bak,118.87,110,21,19
FILE_0284,.xlsx,169.79,73,27,41
FILE_0285,.log,305.81,157,30,44
FILE_0286,.log,341.57,92,12,41
FILE_0287,.pdf,394.0,160,19,18
FILE_0288,.pdf,531.4,110,20,31
FILE_0289,.log,797.48,58,2,22
FILE_0290,.docx,693.54,135,5,27
FILE_0291,.zip,667.1,131,4,30
FILE_0292,.png,62.82,49,15,12
FILE_0293,.xlsx,636.47,18,3,46
FILE_0294,.xlsx,472.62,56,4,11
FILE_0295,.bak,670.37,82,27,33
FILE_0296,.tmp,520.59,166,25,24
FILE_0297,.tmp,96.98,71,8,15
FILE_0298,.zip,674.46,168,27,37
FILE_0299,.xlsx,432.72,12,5,32
FILE_0300,.log,605.04,165,6,49
FILE_0301,.zip,448.73,137,20,22
FILE_0302,.png,133.4,140,27,14
FILE_0303,.pdf,437.84,96,27,16
FILE_0304,.tmp,461.37,165,26,17
FILE_0305,.pdf,124.38,157,30,11
FILE_0306,.tmp,341.91,18,0,31
FILE_0307,.bak,688.56,171,25,50
FILE_0308,.png,412.14,180,22,40
FILE_0309,.pdf,121.44,178,7,5
FILE_0310,.tmp,789.6,42,23,40
FILE_0311,.bak,74.36,169,21,44
FILE_0312,.docx,211.48,58,10,48
FILE_0313,.png,598.89,123,5,17
FILE_0314,.pdf,277.15,29,2,13
FILE_0315,.docx,252.16,161,16,38
FILE_0316,.pdf,687.68,132,28,42
FILE_0317,.xlsx,439.66,89,7,31
FILE_0318,.zip,242.66,123,21,8
FILE_0319,.docx,376.14,110,25,20
FILE_0320,.tmp,134.66,21,20,36
FILE_0321,.zip,56.04,21,0,44
FILE_0322,.png,302.88,154,22,26
FILE_0323,.xlsx,159.25,92,16,8
FILE_0324,.zip,228.5,81,15,45
FILE_0325,.png,723.48,89,4,25
FILE_0326,.png,553.07,162,26,5
FILE_0327,.tmp,245.01,96,27,28
FILE_0328,.png,224.88,109,5,45
FILE_0329,.zip,377.13,109,30,33
FILE_0330,.png,640.78,107,7,44
FILE_0331,.log,609.8,64,15,22
FILE_0332,.pdf,171.64,40,12,44
FILE_0333,.tmp,113.5,160,18,37
FILE_0334,.log,796.14,82,28,15
FILE_0335,.pdf,449.15,61,23,10
FILE_0336,.xlsx,524.69,15,4,45
FILE_0337,.docx,793.35,150,26,18
FILE_0338,.pdf,397.28,172,20,35
FILE_0339,.zip,359.65,65,13,45
FILE_0340,.tmp,362.01,76,29,37
FILE_0341,.tmp,53.27,48,7,44
FILE_0342,.docx,737.58,50,16,9
FILE_0343,.png,164.29,72,10,7
FILE_0344,.zip,594.15,142,1,26
FILE_0345,.zip,87.24,90,26,13
FILE_0346,.bak,656.7,45,28,39
FILE_0347,.xlsx,590.0,97,12,19
FILE_0348,.log,692.95,118,24,22
FILE_0349,.zip,86.85,113,17,9
FILE_0350,.zip,677.17,47,6,8
FILE_0351,.bak,322.56,90,14,24
FILE_0352,.log,428.32,59,14,16
FILE_0353,.png,550.25,35,10,8
FILE_0354,.pdf,531.26,66,16,13
FILE_0355,.png,556.76,71,18,36
FILE_0356,.pdf,594.69,174,4,40
FILE_0357,.tmp,101.64,135,10,28
FILE_0358,.png,647.8,58,23,43
FILE_0359,.log,718.09,81,1,11
FILE_0360,.pdf,565.72,20,6,6
FILE_0361,.png,192.75,164,22,28
FILE_0362,.pdf,397.01,96,6,33
FILE_0363,.tmp,585.3,36,18,23
FILE_0364,.bak,734.1,159,6,6
FILE_0365,.log,326.32,91,9,26
FILE_0366,.xlsx,299.75,136,17,36
FILE_0367,.log,215.92,115,1,49
FILE_0368,.log,72.91,19,18,42
FILE_0369,.docx,291.5,120,16,36
FILE_0370,.xlsx,326.24,164,3,37
FILE_0371,.pdf,455.11,136,1,41
FILE_0372,.pdf,146.54,56,11,42
FILE_0373,.bak,468.52,105,2,20
FILE_0374,.pdf,358.44,12,4,48
FILE_0375,.bak,331.27,142,26,12
FILE_0376,.bak,184.41,48,8,46
FILE_0377,.png,397.97,107,18,46
FILE_0378,.docx,103.66,157,12,41
FILE_0379,.bak,340.45,54,9,21
FILE_0380,.bak,375.71,14,10,41
FILE_0381,.bak,489.94,173,19,13
FILE_0382,.docx,50.46,122,16,16
FILE_0383,.pdf,623.44,91,25,34
FILE_0384,.xlsx,467.56,31,10,35
FILE_0385,.png,288.39,23,17,16
FILE_0386,.png,73.59,154,22,49
FILE_0387,.tmp,97.53,65,11,48
FILE_0388,.bak,135.44,99,2,29
FILE_0389,.xlsx,755.72,152,24,40
FILE_0390,.pdf,223.8,39,3,50
FILE_0391,.docx,520.03,69,23,37
FILE_0392,.xlsx,731.61,180,11,7
FILE_0393,.tmp,350.19,144,19,20
FILE_0394,.bak,610.53,73,2,29
FILE_0395,.tmp,293.5,178,26,14
FILE_0396,.bak,255.46,161,29,21
FILE_0397,.log,575.34,106,7,28
FILE_0398,.log,239.77,154,30,46
FILE_0399,.png,190.51,103,3,30
FILE_0400,.pdf,121.81,25,11,11
FILE_0401,.bak,773.63,65,22,40
FILE_0402,.xlsx,274.82,165,22,46
FILE_0403,.log,564.24,54,24,37
FILE_0404,.tmp,390.84,137,8,50
FILE_0405,.png,320.82,51,9,20
FILE_0406,.pdf,149.19,141,5,6
FILE_0407,.xlsx,646.31,133,13,39
FILE_0408,.tmp,280.29,179,27,40
FILE_0409,.tmp,94.75,31,4,11
FILE_0410,.docx,205.54,124,30,12
FILE_0411,.png,406.7,167,10,25
FILE_0412,.pdf,589.41,71,0,26
FILE_0413,.pdf,677.71,26,24,13
FILE_0414,.log,125.82,36,20,38
FILE_0415,.xlsx,381.03,76,19,22
FILE_0416,.bak,665.57,77,27,20
FILE_0417,.log,169.05,67,27,50
FILE_0418,.png,364.81,150,8,43
FILE_0419,.zip,393.0,162,24,27
FILE_0420,.log,78.78,65,6,14
FILE_0421,.docx,469.44,134,18,41
FILE_0422,.xlsx,240.0,166,22,39
FILE_0423,.pdf,359.29,134,6,37
FILE_0424,.log,387.43,83,26,45
FILE_0425,.log,668.06,52,24,39
FILE_0426,.docx,448.97,155,12,25
FILE_0427,.zip,710.5,144,16,28
FILE_0428,.xlsx,776.16,52,4,7
FILE_0429,.docx,798.9,50,13,42
FILE_0430,.xlsx,617.07,76,8,33
FILE_0431,.png,469.44,163,11,27
FILE_0432,.pdf,680.45,41,16,35
FILE_0433,.png,421.29,170,0,43
FILE_0434,.tmp,521.15,45,0,43
FILE_0435,.log,215.68,67,9,34
FILE_0436,.docx,576.65,27,16,16
FILE_0437,.docx,759.28,49,12,13
FILE_0438,.pdf,666.28,31,4,32
FILE_0439,.log,69.87,166,2,17
FILE_0440,.tmp,209.05,104,19,40
FILE_0441,.bak,363.43,79,17,33
FILE_0442,.png,471.73,70,2,7
FILE_0443,.docx,444.57,99,20,8
FILE_0444,.log,690.91,26,6,17
FILE_0445,.tmp,706.75,95,20,47
FILE_0446,.pdf,626.33,51,21,47
FILE_0447,.tmp,84.9,149,10,31
FILE_0448,.bak,790.06,74,5,16
FILE_0449,.docx,283.55,163,0,23
FILE_0450,.bak,407.42,54,23,7
FILE_0451,.tmp,686.72,131,30,29
FILE_0452,.docx,530.49,48,25,8
FILE_0453,.tmp,191.45,170,8,24
FILE_0454,.png,244.24,169,23,46
FILE_0455,.docx,507.33,161,5,30
FILE_0456,.xlsx,484.82,62,4,41
FILE_0457,.zip,282.23,136,14,49
FILE_0458,.tmp,140.95,30,30,24
FILE_0459,.png,789.26,92,12,30
FILE_0460,.xlsx,65.45,116,7,25
FILE_0461,.xlsx,233.53,67,25,21
FILE_0462,.zip,488.06,14,5,27
FILE_0463,.bak,142.47,173,18,48
FILE_0464,.docx,75.93,35,22,7
FILE_0465,.tmp,634.46,49,30,15
FILE_0466,.pdf,475.83,56,21,20
FILE_0467,.bak,719.76,46,12,39
FILE_0468,.xlsx,98.13,63,27,41
FILE_0469,.png,220.84,145,1,45
FILE_0470,.zip,781.45,153,17,35
FILE_0471,.log,557.34,166,28,13
FILE_0472,.zip,235.46,70,4,41
FILE_0473,.png,674.45,17,11,7
FILE_0474,.xlsx,147.46,82,6,36
FILE_0475,.docx,428.9,55,28,12
FILE_0476,.bak,732.37,172,18,16
FILE_0477,.zip,66.4,23,20,48
FILE_0478,.pdf,578.92,166,7,8
FILE_0479,.zip,659.93,59,19,23
FILE_0480,.bak,572.39,45,14,11
FILE_0481,.zip,440.35,153,28,43
FILE_0482,.xlsx,389.42,14,2,32
FILE_0483,.bak,426.97,175,6,35
FILE_0484,.pdf,682.27,145,15,49
FILE_0485,.pdf,630.33,139,2,27
FILE_0486,.xlsx,655.94,174,16,23
FILE_0487,.zip,535.62,111,16,15
FILE_0488,.zip,499.65,29,11,36
FILE_0489,.bak,557.21,77,26,5
FILE_0490,.xlsx,646.92,75,15,48
FILE_0491,.docx,120.28,123,25,12
FILE_0492,.tmp,81.3,141,23,26
FILE_0493,.bak,666.98,117,18,41
FILE_0494,.log,241.07,77,2,40
FILE_0495,.png,371.47,63,9,33
FILE_0496,.tmp,506.71,38,0,23
FILE_0497,.png,522.25,87,21,8
FILE_0498,.bak,562.73,14,14,24
FILE_0499,.png,681.24,28,15,7
FILE_0500,.pdf,737.27,12,9,45
FILE_0501,.xlsx,786.58,126,30,15
FILE_0502,.bak,236.94,74,5,9
FILE_0503,.png,705.54,85,4,48
FILE_0504,.png,197.18,67,26,21
FILE_0505,.bak,406.57,16,13,10
FILE_0506,.png,537.67,165,3,30
FILE_0507,.log,699.75,143,1,11
FILE_0508,.pdf,120.35,172,13,22
FILE_0509,.docx,788.56,117,16,7
FILE_0510,.docx,746.51,168,26,7
FILE_0511,.xlsx,174.44,87,17,44
FILE_0512,.tmp,725.81,169,29,24
FILE_0513,.pdf,762.8,22,1,5
FILE_0514,.pdf,102.5,38,18,24
FILE_0515,.docx,400.02,115,17,13
FILE_0516,.zip,462.79,173,12,8
FILE_0517,.tmp,305.87,149,15,29
FILE_0518,.zip,166.32,114,24,13
FILE_0519,.png,761.99,80,6,42
FILE_0520,.tmp,779.29,99,8,28
FILE_0521,.log,482.58,116,22,10
FILE_0522,.docx,727.98,93,30,25
FILE_0523,.pdf,200.81,168,10,22
FILE_0524,.pdf,615.3,78,27,43
FILE_0525,.pdf,584.4,28,3,40
FILE_0526,.log,216.36,87,29,6
FILE_0527,.pdf,768.88,50,15,25
FILE_0528,.pdf,661.28,70,9,41
FILE_0529,.bak,799.6,118,3,45
FILE_0530,.zip,132.91,19,5,14
FILE_0531,.bak,299.53,156,28,30
FILE_0532,.png,115.4,123,2,20
FILE_0533,.zip,157.94,177,10,38
FILE_0534,.xlsx,142.03,33,11,35
FILE_0535,.docx,496.73,165,3,26
FILE_0536,.png,410.82,67,24,8
FILE_0537,.zip,390.33,52,1,6
FILE_0538,.tmp,574.6,58,30,12
FILE_0539,.pdf,491.15,36,0,33
FILE_0540,.xlsx,352.87,170,6,44
FILE_0541,.zip,567.91,88,19,25
FILE_0542,.png,553.54,173,2,7
FILE_0543,.pdf,286.76,175,5,28
FILE_0544,.bak,88.49,180,26,16
FILE_0545,.png,429.07,30,16,39
FILE_0546,.zip,171.92,54,27,47
FILE_0547,.tmp,429.3,160,14,6
FILE_0548,.bak,376.88,93,4,7
FILE_0549,.docx,308.68,92,10,32
FILE_0550,.png,285.94,87,8,49
FILE_0551,.docx,778.59,106,13,44
FILE_0552,.xlsx,564.92,69,27,19
FILE_0553,.tmp,636.87,43,14,35
FILE_0554,.bak,780.44,120,16,6
FILE_0555,.tmp,312.07,145,12,34
FILE_0556,.xlsx,642.23,38,2,15
FILE_0557,.tmp,714.72,162,22,34
FILE_0558,.zip,225.54,172,27,8
FILE_0559,.bak,699.81,163,23,30
FILE_0560,.png,398.9,95,24,26
FILE_0561,.png,451.19,118,10,27
FILE_0562,.bak,637.25,19,4,48
FILE_0563,.pdf,532.6,51,22,31
FILE_0564,.xlsx,704.9,85,23,8
FILE_0565,.bak,59.11,75,12,36
FILE_0566,.pdf,257.02,26,1,8
FILE_0567,.tmp,623.65,57,20,44
FILE_0568,.tmp,775.03,27,4,47
FILE_0569,.docx,216.38,71,29,8
FILE_0570,.png,776.65,13,6,33
FILE_0571,.pdf,545.16,61,25,13
FILE_0572,.png,105.4,47,16,37
FILE_0573,.xlsx,380.62,14,9,6
FILE_0574,.docx,508.45,129,24,7
FILE_0575,.pdf,285.06,57,18,36
FILE_0576,.docx,220.6,172,7,13
FILE_0577,.pdf,255.35,93,7,7
FILE_0578,.docx,569.89,149,19,48
FILE_0579,.zip,701.64,168,10,37
FILE_0580,.tmp,429.38,155,3,46
FILE_0581,.png,238.74,11,0,46
FILE_0582,.xlsx,197.45,128,30,50
FILE_0583,.xlsx,701.25,157,30,41
FILE_0584,.xlsx,734.14,142,10,6
FILE_0585,.pdf,519.33,131,30,32
FILE_0586,.xlsx,290.3,139,2,36
FILE_0587,.log,334.07,18,14,34
FILE_0588,.docx,486.51,121,21,11
FILE_0589,.xlsx,603.41,116,3,11
FILE_0590,.docx,668.39,89,12,11
FILE_0591,.bak,233.19,137,17,32
FILE_0592,.png,643.48,44,21,35
FILE_0593,.log,491.48,141,3,25
FILE_0594,.tmp,501.87,103,29,21
FILE_0595,.zip,65.38,134,11,10
FILE_0596,.pdf,602.07,156,5,31
FILE_0597,.tmp,624.3,139,29,24
FILE_0598,.tmp,69.84,134,28,15
FILE_0599,.docx,536.03,165,17,16
FILE_0600,.zip,177.99,92,7,20
FILE_0601,.xlsx,109.09,88,19,18
FILE_0602,.png,319.57,125,15,47
FILE_0603,.bak,705.0,164,18,50
FILE_0604,.log,257.03,51,16,36
FILE_0605,.bak,432.83,103,21,34
FILE_0606,.xlsx,318.54,24,7,12
FILE_0607,.tmp,447.33,172,11,15
FILE_0608,.pdf,618.3,24,3,18
FILE_0609,.xlsx,639.2,73,0,33
FILE_0610,.bak,427.23,95,1,14
FILE_0611,.zip,127.82,107,14,6
FILE_0612,.tmp,474.29,143,28,44
FILE_0613,.tmp,412.83,59,3,8
FILE_0614,.xlsx,87.0,38,2,35
FILE_0615,.pdf,403.96,22,3,25
FILE_0616,.docx,216.37,94,23,43
FILE_0617,.xlsx,656.32,33,22,23
FILE_0618,.tmp,208.22,45,15,20
FILE_0619,.xlsx,755.87,99,1,49
FILE_0620,.png,606.28,137,29,35
FILE_0621,.tmp,720.58,76,13,43
FILE_0622,.xlsx,207.32,91,8,18
FILE_0623,.pdf,223.72,116,25,22
FILE_0624,.xlsx,329.17,100,8,45
FILE_0625,.log,715.15,163,3,18
FILE_0626,.docx,634.09,24,22,16
FILE_0627,.xlsx,63.32,44,24,9
FILE_0628,.log,123.59,151,0,42
FILE_0629,.bak,767.67,142,16,23
FILE_0630,.tmp,679.4,113,9,18
FILE_0631,.png,101.52,116,29,29
FILE_0632,.tmp,562.75,172,9,26
FILE_0633,.pdf,138.72,133,0,21
FILE_0634,.pdf,392.04,174,4,49
FILE_0635,.zip,280.26,13,7,11
FILE_0636,.png,584.32,151,0,50
FILE_0637,.log,177.98,175,0,48
FILE_0638,.log,288.55,124,28,23
FILE_0639,.png,61.04,24,24,46
FILE_0640,.pdf,403.39,112,11,23
FILE_0641,.tmp,88.27,152,12,10
FILE_0642,.xlsx,672.9,116,27,13
FILE_0643,.xlsx,251.58,62,28,46
FILE_0644,.docx,391.82,150,0,25
FILE_0645,.bak,280.06,82,26,38
FILE_0646,.xlsx,249.42,168,22,36
FILE_0647,.pdf,375.15,162,4,36
FILE_0648,.pdf,780.45,148,18,26
FILE_0649,.docx,737.87,70,6,28
FILE_0650,.docx,724.8,58,4,17
FILE_0651,.docx,586.86,67,14,21
FILE_0652,.docx,466.85,103,19,41
FILE_0653,.zip,651.99,153,23,21
FILE_0654,.zip,157.33,125,22,42
FILE_0655,.xlsx,774.91,140,8,36
FILE_0656,.log,379.11,141,12,41
FILE_0657,.log,456.88,155,24,42
FILE_0658,.xlsx,349.95,107,30,16
FILE_0659,.docx,444.67,65,3,9
FILE_0660,.zip,454.77,119,23,37
FILE_0661,.zip,441.05,131,19,21
FILE_0662,.xlsx,624.99,177,19,23
FILE_0663,.log,194.69,109,18,20
FILE_0664,.tmp,301.19,135,19,22
FILE_0665,.png,707.11,165,30,13
FILE_0666,.tmp,254.4,74,26,12
FILE_0667,.png,395.47,80,2,7
FILE_0668,.tmp,617.17,38,4,8
FILE_0669,.bak,194.97,109,9,34
FILE_0670,.pdf,367.66,137,4,24
FILE_0671,.zip,265.27,99,25,31
FILE_0672,.zip,400.03,40,30,37
FILE_0673,.bak,794.42,84,19,36
FILE_0674,.docx,144.56,167,0,45
FILE_0675,.zip,282.66,109,11,17
FILE_0676,.zip,771.36,26,3,11
FILE_0677,.pdf,407.54,169,13,47
FILE_0678,.png,230.08,24,4,38
FILE_0679,.log,78.51,58,1,45
FILE_0680,.xlsx,152.47,156,26,44
FILE_0681,.png,336.66,176,11,26
FILE_0682,.docx,402.91,31,19,11
FILE_0683,.pdf,542.63,19,13,38
FILE_0684,.zip,257.19,100,7,48
FILE_0685,.zip,429.82,140,15,36
FILE_0686,.png,84.32,95,12,44
FILE_0687,.xlsx,767.33,119,8,45
FILE_0688,.log,103.24,112,19,41
FILE_0689,.tmp,718.03,139,20,26
FILE_0690,.zip,80.6,68,28,44
FILE_0691,.log,795.34,55,9,35
FILE_0692,.log,567.5,43,23,19
FILE_0693,.bak,664.06,168,18,19
FILE_0694,.docx,140.94,54,26,43
FILE_0695,.pdf,550.64,63,18,40
FILE_0696,.zip,105.99,50,0,27
FILE_0697,.zip,205.79,23,7,19
FILE_0698,.log,99.17,127,30,42
FILE_0699,.pdf,547.76,77,24,31
FILE_0700,.docx,57.01,164,10,12
FILE_0701,.pdf,738.58,142,10,18
FILE_0702,.png,488.11,172,27,42
FILE_0703,.docx,637.8,52,30,37
FILE_0704,.pdf,418.22,51,14,50
FILE_0705,.log,107.64,71,18,11
FILE_0706,.pdf,509.98,106,7,42
FILE_0707,.bak,757.41,160,5,48
FILE_0708,.zip,75.07,87,18,49
FILE_0709,.bak,684.18,84,30,38
FILE_0710,.png,65.04,92,4,23
FILE_0711,.xlsx,382.85,36,1,14
FILE_0712,.pdf,108.46,47,24,34
FILE_0713,.zip,287.61,124,23,27
FILE_0714,.png,766.22,82,0,45
FILE_0715,.zip,349.75,122,29,39
FILE_0716,.pdf,662.56,87,18,10
FILE_0717,.tmp,376.83,152,7,7
FILE_0718,.tmp,284.53,42,8,47
FILE_0719,.xlsx,83.16,90,1,21
FILE_0720,.xlsx,604.25,152,25,10
FILE_0721,.xlsx,221.15,26,3,28
FILE_0722,.png,752.23,135,24,18
FILE_0723,.pdf,158.34,28,18,40
FILE_0724,.tmp,525.32,62,5,45
FILE_0725,.png,329.87,10,7,14
FILE_0726,.pdf,753.88,159,23,41
FILE_0727,.zip,742.19,155,17,41
FILE_0728,.zip,451.22,13,9,33
FILE_0729,.bak,726.88,133,19,21
FILE_0730,.bak,663.64,15,1,23
FILE_0731,.docx,402.94,18,15,48
FILE_0732,.log,469.66,60,27,33
FILE_0733,.png,254.94,133,18,8
FILE_0734,.log,654.55,119,20,26
FILE_0735,.bak,467.29,11,2,39
FILE_0736,.tmp,711.76,117,10,21
FILE_0737,.png,486.8,169,5,25
FILE_0738,.zip,623.64,165,25,40
FILE_0739,.xlsx,692.21,44,23,18
FILE_0740,.xlsx,98.42,83,5,48
FILE_0741,.zip,498.72,72,5,34
FILE_0742,.png,498.79,35,17,24
FILE_0743,.docx,133.18,118,11,11
FILE_0744,.tmp,642.42,18,0,36
FILE_0745,.pdf,284.55,112,26,35
FILE_0746,.pdf,610.36,54,28,36
FILE_0747,.log,703.89,80,24,15
FILE_0748,.log,308.49,12,10,17
FILE_0749,.png,131.08,142,3,27
FILE_0750,.docx,676.78,131,26,30
FILE_0751,.zip,231.01,126,15,48
FILE_0752,.docx,714.33,32,17,17
FILE_0753,.tmp,641.89,109,21,20
FILE_0754,.log,691.26,64,12,15
FILE_0755,.zip,749.38,154,1,34
FILE_0756,.log,134.71,78,20,19
FILE_0757,.zip,687.27,58,9,47
FILE_0758,.xlsx,703.48,158,26,23
FILE_0759,.log,424.53,83,11,14
FILE_0760,.pdf,492.4,126,8,48
FILE_0761,.xlsx,759.39,33,30,50
FILE_0762,.pdf,388.55,133,24,36
FILE_0763,.docx,188.08,18,2,19
FILE_0764,.tmp,174.23,12,9,10
FILE_0765,.tmp,317.45,90,21,41
FILE_0766,.log,377.66,44,13,13
FILE_0767,.bak,429.86,146,19,37
FILE_0768,.xlsx,425.66,127,5,14
FILE_0769,.zip,231.47,62,21,39
FILE_0770,.zip,401.74,33,21,25
FILE_0771,.pdf,251.93,104,22,40
FILE_0772,.docx,332.23,64,13,22
FILE_0773,.log,407.75,156,14,21
FILE_0774,.pdf,282.91,166,0,22
FILE_0775,.pdf,685.53,107,22,41
FILE_0776,.zip,284.6,116,16,23
FILE_0777,.docx,728.34,174,1,13
FILE_0778,.docx,612.94,92,9,15
FILE_0779,.tmp,798.36,124,17,28
FILE_0780,.png,58.74,38,14,36
FILE_0781,.pdf,536.5,159,17,47
FILE_0782,.xlsx,424.9,175,12,39
FILE_0783,.tmp,594.46,177,16,31
FILE_0784,.pdf,634.06,75,24,16
FILE_0785,.xlsx,182.04,167,27,21
FILE_0786,.bak,565.76,58,17,44
FILE_0787,.pdf,589.36,87,6,47
FILE_0788,.xlsx,445.52,108,7,45
FILE_0789,.tmp,427.12,63,27,34
FILE_0790,.docx,436.31,106,8,43
FILE_0791,.pdf,520.11,129,0,24
FILE_0792,.png,545.25,79,19,31
FILE_0793,.log,62.56,38,24,36
FILE_0794,.pdf,268.15,152,10,14
FILE_0795,.zip,141.2,132,9,10
FILE_0796,.log,459.63,156,14,38
FILE_0797,.zip,771.21,159,28,28
FILE_0798,.docx,770.16,62,5,50
FILE_0799,.png,173.91,96,30,48
FILE_0800,.png,747.72,27,27,45
FILE_0801,.png,375.64,159,21,25
FILE_0802,.pdf,790.67,166,16,43
FILE_0803,.log,501.74,159,17,18
FILE_0804,.bak,712.58,62,12,8
FILE_0805,.png,287.36,124,8,33
FILE_0806,.png,592.56,23,7,37
FILE_0807,.bak,516.48,121,14,34
FILE_0808,.pdf,69.97,141,0,32
FILE_0809,.log,110.43,112,21,33
FILE_0810,.tmp,480.05,171,24,50
FILE_0811,.xlsx,709.27,46,4,35
FILE_0812,.zip,194.76,141,0,43
FILE_0813,.xlsx,356.55,107,20,32
FILE_0814,.png,536.15,176,29,34
FILE_0815,.tmp,620.26,149,26,26
FILE_0816,.png,64.38,149,13,50
FILE_0817,.pdf,261.26,74,30,42
FILE_0818,.log,578.6,93,14,13
FILE_0819,.tmp,272.32,102,30,25
FILE_0820,.xlsx,534.29,97,0,44
FILE_0821,.zip,725.55,171,7,12
FILE_0822,.tmp,188.51,52,8,26
FILE_0823,.zip,462.54,150,29,41
FILE_0824,.pdf,446.45,161,0,47
FILE_0825,.tmp,647.5,127,9,44
FILE_0826,.docx,750.23,99,1,37
FILE_0827,.log,121.02,31,15,25
FILE_0828,.zip,349.68,80,6,46
FILE_0829,.docx,300.69,73,15,12
FILE_0830,.xlsx,496.63,151,14,50
FILE_0831,.pdf,613.03,77,29,40
FILE_0832,.zip,580.46,102,13,12
FILE_0833,.xlsx,745.49,23,13,44
FILE_0834,.log,116.58,17,8,38
FILE_0835,.log,234.35,39,16,37
FILE_0836,.docx,332.75,139,2,42
FILE_0837,.xlsx,85.88,29,15,8
FILE_0838,.pdf,622.14,72,9,32
FILE_0839,.zip,673.54,82,17,40
FILE_0840,.tmp,759.07,141,9,47
FILE_0841,.docx,559.39,175,9,28
FILE_0842,.tmp,146.32,146,14,12
FILE_0843,.pdf,786.73,36,27,41
FILE_0844,.xlsx,437.23,38,23,46
FILE_0845,.log,773.39,154,19,19
FILE_0846,.docx,400.63,117,15,38
FILE_0847,.xlsx,790.9,14,0,42
FILE_0848,.xlsx,718.21,80,6,14
FILE_0849,.bak,313.93,153,11,23
FILE_0850,.bak,788.81,154,8,29
FILE_0851,.bak,417.49,16,9,13
FILE_0852,.tmp,566.04,172,1,24
FILE_0853,.log,308.3,25,21,8
FILE_0854,.png,628.33,39,12,28
FILE_0855,.bak,756.08,14,7,27
FILE_0856,.log,575.18,11,1,9
FILE_0857,.zip,323.21,81,20,7
FILE_0858,.zip,418.78,97,16,17
FILE_0859,.zip,698.55,140,25,38
FILE_0860,.bak,781.07,127,18,32
FILE_0861,.docx,226.35,148,11,24
FILE_0862,.zip,514.57,88,9,32
FILE_0863,.zip,570.38,36,10,49
FILE_0864,.bak,694.64,165,19,33
FILE_0865,.png,201.8,48,22,40
FILE_0866,.zip,451.99,23,20,31
FILE_0867,.log,343.55,106,12,13
FILE_0868,.bak,596.42,15,13,7
FILE_0869,.tmp,231.34,123,30,47
FILE_0870,.docx,217.37,103,16,46
FILE_0871,.log,102.61,95,21,19
FILE_0872,.pdf,104.24,123,26,10
FILE_0873,.docx,454.6,106,16,10
FILE_0874,.zip,197.47,14,14,24
FILE_0875,.bak,310.37,75,3,42
FILE_0876,.zip,77.13,31,12,43
FILE_0877,.pdf,69.69,100,5,32
FILE_0878,.xlsx,434.3,107,18,45
FILE_0879,.xlsx,107.09,62,1,8
FILE_0880,.zip,159.24,65,27,38
FILE_0881,.log,310.5,122,9,17
FILE_0882,.xlsx,472.64,103,12,6
FILE_0883,.xlsx,80.48,43,7,38
FILE_0884,.xlsx,240.31,167,17,32
FILE_0885,.pdf,506.15,109,0,50
FILE_0886,.pdf,620.93,12,9,32
FILE_0887,.zip,668.24,127,15,37
FILE_0888,.pdf,628.39,115,20,44
FILE_0889,.bak,396.3,16,6,40
FILE_0890,.png,491.87,114,14,28
FILE_0891,.tmp,632.34,46,11,5
FILE_0892,.pdf,133.67,125,11,34
FILE_0893,.zip,451.65,146,25,46
FILE_0894,.log,171.91,172,6,33
FILE_0895,.log,679.01,88,6,29
FILE_0896,.log,756.94,144,24,31
FILE_0897,.tmp,208.08,108,5,43
FILE_0898,.zip,52.18,70,2,17
FILE_0899,.zip,70.55,139,8,35
FILE_0900,.docx,497.42,58,1,46
FILE_0901,.png,732.91,100,4,33
FILE_0902,.xlsx,500.06,103,28,31
FILE_0903,.log,510.85,40,13,44
FILE_0904,.pdf,664.69,62,14,31
FILE_0905,.bak,393.86,97,6,25
FILE_0906,.docx,496.76,15,15,37
FILE_0907,.png,112.05,57,1,36
FILE_0908,.pdf,711.23,81,15,5
FILE_0909,.bak,571.47,144,22,50
FILE_0910,.docx,116.79,83,11,27
FILE_0911,.xlsx,460.06,176,6,38
FILE_0912,.xlsx,734.2,152,22,20
FILE_0913,.log,484.66,179,24,44
FILE_0914,.zip,223.28,50,2,22
FILE_0915,.docx,572.97,137,0,42
FILE_0916,.log,271.0,59,10,24
FILE_0917,.tmp,652.15,21,6,28
FILE_0918,.docx,510.68,73,26,13
FILE_0919,.png,125.46,105,10,26
FILE_0920,.xlsx,468.38,26,4,20
FILE_0921,.tmp,473.69,63,30,5
FILE_0922,.xlsx,378.42,178,16,11
FILE_0923,.pdf,606.2,46,19,13
FILE_0924,.zip,307.27,82,7,35
FILE_0925,.docx,624.48,19,4,33
FILE_0926,.png,288.08,104,24,26
FILE_0927,.xlsx,666.69,63,9,50
FILE_0928,.zip,545.17,36,1,49
FILE_0929,.zip,440.03,62,27,44
FILE_0930,.bak,468.26,46,23,15
FILE_0931,.log,729.75,51,27,22
FILE_0932,.bak,323.85,135,9,50
FILE_0933,.xlsx,615.86,100,14,6
FILE_0934,.zip,431.55,128,30,38
FILE_0935,.log,74.69,78,8,16
FILE_0936,.xlsx,730.78,141,0,49
FILE_0937,.docx,356.72,142,1,32
FILE_0938,.tmp,95.48,160,19,43
FILE_0939,.bak,765.21,84,24,29
FILE_0940,.xlsx,784.68,18,13,15
FILE_0941,.bak,762.29,57,0,15
FILE_0942,.zip,215.12,79,30,18
FILE_0943,.png,475.76,172,30,33
FILE_0944,.pdf,572.94,143,18,31
FILE_0945,.pdf,777.55,173,4,40
FILE_0946,.png,778.36,22,7,46
FILE_0947,.png,146.18,62,2,38
FILE_0948,.zip,722.26,69,17,6
FILE_0949,.xlsx,455.08,62,20,21
FILE_0950,.xlsx,307.5,96,1,41
FILE_0951,.zip,408.41,46,6,16
FILE_0952,.tmp,149.75,97,26,5
FILE_0953,.docx,631.53,23,9,5
FILE_0954,.bak,103.57,30,12,37
FILE_0955,.xlsx,125.52,68,12,10
FILE_0956,.tmp,777.82,54,9,32
FILE_0957,.docx,514.06,43,15,42
FILE_0958,.pdf,613.91,18,10,16
FILE_0959,.docx,83.75,63,27,19
FILE_0960,.bak,752.3,68,16,43
FILE_0961,.png,587.33,16,3,28
FILE_0962,.pdf,498.82,20,2,12
FILE_0963,.docx,605.21,103,28,35
FILE_0964,.tmp,197.9,124,11,22
FILE_0965,.xlsx,470.01,156,0,21
FILE_0966,.pdf,195.31,110,2,32
FILE_0967,.png,799.65,81,21,7
FILE_0968,.log,354.78,109,22,20
FILE_0969,.tmp,131.68,67,20,7
FILE_0970,.log,335.31,131,18,45
FILE_0971,.tmp,711.12,110,1,5
FILE_0972,.bak,683.01,148,16,40
FILE_0973,.zip,138.33,96,15,15
FILE_0974,.png,464.99,96,18,40
FILE_0975,.log,310.76,54,0,36
FILE_0976,.zip,579.5,13,5,19
FILE_0977,.zip,647.42,18,3,26
FILE_0978,.log,737.25,127,22,13
FILE_0979,.png,793.5,159,27,35
FILE_0980,.zip,362.44,69,22,25
FILE_0981,.docx,97.2,68,12,32
FILE_0982,.png,221.84,34,20,15
FILE_0983,.png,604.55,134,4,50
FILE_0984,.png,311.5,124,7,27
FILE_0985,.log,314.84,100,1,13
FILE_0986,.zip,423.36,103,9,25
FILE_0987,.docx,514.83,54,10,26
FILE_0988,.xlsx,465.71,161,26,42
FILE_0989,.bak,701.86,153,0,15
FILE_0990,.tmp,345.92,144,28,29
FILE_0991,.pdf,95.1,39,4,42
FILE_0992,.log,257.18,145,12,20
FILE_0993,.tmp,425.28,151,1,48
FILE_0994,.tmp,657.6,81,13,39
FILE_0995,.xlsx,115.0,21,15,21
FILE_0996,.bak,244.28,61,18,10
FILE_0997,.xlsx,277.62,151,26,8
FILE_0998,.png,670.69,48,5,8
FILE_0999,.pdf,600.8,64,4,46
FILE_1000,.docx,531.37,150,21,28
FILE_1001,.docx,678.3,153,10,14
FILE_1002,.docx,258.27,68,10,7
FILE_1003,.zip,750.5,92,23,26
FILE_1004,.zip,255.97,121,6,50
FILE_1005,.xlsx,87.52,82,14,8
FILE_1006,.docx,133.07,66,12,42
FILE_1007,.png,247.79,46,16,5
FILE_1008,.tmp,747.41,40,21,36
FILE_1009,.zip,758.38,157,6,23
FILE_1010,.log,381.47,16,13,40
FILE_1011,.docx,613.65,55,29,28
FILE_1012,.tmp,499.33,177,11,40
FILE_1013,.log,313.88,103,16,12
FILE_1014,.docx,518.35,114,22,38
FILE_1015,.zip,797.44,83,24,41
FILE_1016,.docx,526.51,134,0,23
FILE_1017,.docx,482.48,81,15,25
FILE_1018,.xlsx,59.73,25,14,47
FILE_1019,.tmp,484.1,105,11,41
FILE_1020,.log,654.17,91,19,45
FILE_1021,.bak,683.66,55,30,21
FILE_1022,.png,707.21,41,21,29
FILE_1023,.bak,83.74,34,6,16
FILE_1024,.xlsx,637.57,77,10,21
FILE_1025,.xlsx,736.3,64,21,36
FILE_1026,.png,586.47,77,18,21
FILE_1027,.log,699.48,160,30,40
FILE_1028,.docx,555.59,170,29,11
FILE_1029,.docx,674.32,132,5,8
FILE_1030,.bak,138.49,81,7,37
FILE_1031,.tmp,532.21,165,16,30
FILE_1032,.xlsx,791.84,155,15,42
FILE_1033,.docx,265.44,119,1,49
FILE_1034,.docx,640.09,71,23,28
FILE_1035,.png,311.87,117,6,32
FILE_1036,.bak,594.65,41,22,21
FILE_1037,.png,562.44,119,9,34
FILE_1038,.docx,146.84,81,25,28
FILE_1039,.xlsx,777.01,91,2,15
FILE_1040,.tmp,763.44,47,9,18
FILE_1041,.zip,123.4,132,9,16
FILE_1042,.png,406.7,61,14,34
FILE_1043,.xlsx,393.32,175,13,15
FILE_1044,.zip,789.23,119,22,22
FILE_1045,.zip,689.04,18,11,28
FILE_1046,.bak,79.09,27,22,50
FILE_1047,.log,788.66,134,20,36
FILE_1048,.zip,292.8,10,7,11
FILE_1049,.zip,231.39,50,21,7
FILE_1050,.docx,675.17,42,27,6
FILE_1051,.docx,358.44,154,7,41
FILE_1052,.log,713.98,28,23,37
FILE_1053,.docx,674.45,43,22,9
FILE_1054,.xlsx,685.65,47,18,38
FILE_1055,.zip,261.35,50,23,34
FILE_1056,.log,631.67,102,4,24
FILE_1057,.xlsx,620.36,108,24,50
FILE_1058,.png,725.53,32,4,34
FILE_1059,.zip,517.73,19,3,49
FILE_1060,.bak,733.61,148,20,22
FILE_1061,.tmp,629.05,152,3,47
FILE_1062,.tmp,260.46,101,23,34
FILE_1063,.zip,155.75,149,9,36
FILE_1064,.png,253.78,68,30,30
FILE_1065,.xlsx,731.92,41,7,35
FILE_1066,.xlsx,743.37,81,0,23
FILE_1067,.zip,718.96,121,1,24
FILE_1068,.docx,263.62,117,11,50
FILE_1069,.zip,469.44,175,5,40
FILE_1070,.log,617.89,147,26,15
FILE_1071,.log,335.89,75,12,8
FILE_1072,.docx,672.96,143,26,37
FILE_1073,.log,62.21,38,13,46
FILE_1074,.zip,402.69,31,1,49
FILE_1075,.pdf,551.63,51,0,44
FILE_1076,.xlsx,788.52,77,10,42
FILE_1077,.log,284.52,158,11,24
FILE_1078,.docx,494.09,43,3,34
FILE_1079,.log,698.54,107,15,45
FILE_1080,.pdf,719.09,142,21,47
FILE_1081,.zip,430.82,123,9,18
FILE_1082,.docx,185.85,179,3,43
FILE_1083,.png,558.27,60,27,45
FILE_1084,.pdf,255.5,168,19,17
FILE_1085,.tmp,600.62,168,27,43
FILE_1086,.bak,379.4,156,16,10
FILE_1087,.pdf,631.31,144,3,20
FILE_1088,.bak,753.38,161,30,15
FILE_1089,.pdf,443.6,59,1,13
FILE_1090,.pdf,596.29,12,8,46
FILE_1091,.xlsx,535.15,116,2,8
FILE_1092,.docx,201.5,163,15,47
FILE_1093,.png,556.37,38,11,41
FILE_1094,.docx,596.63,137,25,26
FILE_1095,.docx,273.6,102,21,14
FILE_1096,.zip,662.41,121,25,21
FILE_1097,.docx,553.45,88,29,36
FILE_1098,.pdf,263.79,150,26,26
FILE_1099,.png,123.46,174,2,10
FILE_1100,.log,287.35,109,1,7
FILE_1101,.pdf,408.11,168,25,23
FILE_1102,.xlsx,368.61,83,16,36
FILE_1103,.log,761.61,13,4,39
FILE_1104,.pdf,77.59,172,29,22
FILE_1105,.png,752.26,174,16,23
FILE_1106,.xlsx,474.89,177,4,40
FILE_1107,.zip,643.65,139,0,30
FILE_1108,.bak,88.3,27,21,38
FILE_1109,.tmp,475.55,98,21,50
FILE_1110,.docx,768.45,60,28,33
FILE_1111,.log,329.44,151,30,35
FILE_1112,.zip,389.01,177,22,23
FILE_1113,.xlsx,180.02,82,7,36
FILE_1114,.docx,147.85,46,20,7
FILE_1115,.bak,91.03,41,12,30
FILE_1116,.tmp,766.53,35,19,5
FILE_1117,.bak,149.26,29,28,7
FILE_1118,.bak,195.87,70,3,37
FILE_1119,.xlsx,590.11,89,18,49
FILE_1120,.pdf,665.23,38,25,46
FILE_1121,.bak,304.86,142,19,30
FILE_1122,.zip,778.96,114,30,39
FILE_1123,.docx,236.27,104,18,28
FILE_1124,.pdf,695.31,70,15,39
FILE_1125,.bak,250.85,111,9,50
FILE_1126,.tmp,669.48,56,26,30
FILE_1127,.docx,789.96,151,30,10
FILE_1128,.tmp,220.44,44,1,8
FILE_1129,.zip,504.19,32,25,43
FILE_1130,.bak,376.08,118,10,25
FILE_1131,.png,144.16,87,23,34
FILE_1132,.xlsx,775.67,44,25,42
FILE_1133,.docx,715.15,120,18,17
FILE_1134,.xlsx,504.28,126,9,29
FILE_1135,.tmp,306.01,51,8,18
FILE_1136,.png,265.27,54,14,16
FILE_1137,.png,712.75,106,17,44
FILE_1138,.zip,550.11,125,28,24
FILE_1139,.png,116.36,11,6,49
FILE_1140,.bak,716.11,119,25,22
FILE_1141,.png,708.02,129,30,37
FILE_1142,.png,567.28,70,10,43
FILE_1143,.tmp,478.24,83,23,19
FILE_1144,.png,147.25,125,4,47
FILE_1145,.tmp,585.12,42,6,12
FILE_1146,.log,309.83,59,13,19
FILE_1147,.png,295.02,11,1,20
FILE_1148,.docx,86.36,93,29,7
FILE_1149,.tmp,84.81,111,27,12
FILE_1150,.docx,428.68,141,13,13
FILE_1151,.zip,568.05,172,25,48
FILE_1152,.tmp,711.88,33,12,31
FILE_1153,.png,305.37,141,15,20
FILE_1154,.tmp,493.43,153,26,20
FILE_1155,.pdf,137.86,180,24,40
FILE_1156,.zip,735.95,21,6,27
FILE_1157,.bak,109.03,42,27,36
FILE_1158,.png,396.01,175,8,22
FILE_1159,.png,51.77,112,3,47
FILE_1160,.pdf,762.51,69,29,46
FILE_1161,.docx,701.84,144,25,36
FILE_1162,.xlsx,632.69,133,10,16
FILE_1163,.png,151.12,104,14,42
FILE_1164,.bak,785.79,148,13,25
FILE_1165,.bak,261.64,82,17,10
FILE_1166,.pdf,506.22,66,9,41
FILE_1167,.zip,335.21,102,15,29
FILE_1168,.tmp,663.84,91,13,24
FILE_1169,.log,62.67,105,25,21
FILE_1170,.zip,299.68,82,14,30
FILE_1171,.zip,121.12,59,12,31
FILE_1172,.bak,485.46,80,21,29
FILE_1173,.png,514.29,170,8,6
FILE_1174,.xlsx,576.68,72,30,7
FILE_1175,.png,761.22,173,3,41
FILE_1176,.zip,93.7,14,10,41
FILE_1177,.zip,198.63,122,6,32
FILE_1178,.zip,704.08,10,1,36
FILE_1179,.bak,366.24,50,13,26
FILE_1180,.png,632.93,122,27,44
FILE_1181,.pdf,171.51,15,7,38
FILE_1182,.png,472.77,60,14,31
FILE_1183,.zip,119.13,86,3,48
FILE_1184,.log,588.24,57,16,28
FILE_1185,.docx,438.21,67,24,30
FILE_1186,.bak,356.05,140,20,9
FILE_1187,.tmp,292.92,165,22,47
FILE_1188,.docx,186.56,127,1,6
FILE_1189,.docx,123.43,64,19,41
FILE_1190,.zip,531.99,23,20,26
FILE_1191,.zip,234.71,152,11,29
FILE_1192,.xlsx,234.69,19,11,45
FILE_1193,.log,173.83,134,28,14
FILE_1194,.docx,518.92,37,26,9
FILE_1195,.png,490.58,177,7,27
FILE_1196,.xlsx,170.7,46,6,8
FILE_1197,.bak,487.65,180,17,29
FILE_1198,.png,113.22,25,8,36
FILE_1199,.bak,107.3,31,30,5
FILE_1200,.docx,88.82,100,13,17
FILE_1201,.docx,66.83,175,14,44
FILE_1202,.bak,484.77,107,4,23
FILE_1203,.tmp,207.63,41,10,7
FILE_1204,.tmp,461.98,62,5,46
FILE_1205,.tmp,501.53,104,18,25
FILE_1206,.docx,415.85,37,4,15
FILE_1207,.png,210.0,154,0,44
FILE_1208,.bak,305.89,59,3,19
FILE_1209,.zip,577.88,99,13,36
FILE_1210,.tmp,765.44,27,18,20
FILE_1211,.docx,348.26,130,26,45
FILE_1212,.xlsx,381.59,128,4,12
FILE_1213,.bak,441.37,118,14,27
FILE_1214,.log,414.99,161,0,22
FILE_1215,.log,195.27,68,19,21
FILE_1216,.tmp,630.05,117,20,28
FILE_1217,.xlsx,206.27,53,11,16
FILE_1218,.png,371.12,92,27,17
FILE_1219,.bak,93.26,172,22,48
FILE_1220,.docx,604.07,156,26,21
FILE_1221,.xlsx,273.01,176,28,37
FILE_1222,.zip,751.51,152,9,24
FILE_1223,.docx,645.93,36,7,21
FILE_1224,.docx,451.3,80,18,43
FILE_1225,.bak,93.93,35,5,13
FILE_1226,.bak,552.8,152,3,32
FILE_1227,.tmp,252.4,24,1,47
FILE_1228,.xlsx,575.2,74,17,9
FILE_1229,.zip,643.72,107,9,27
FILE_1230,.zip,716.1,137,0,50
FILE_1231,.xlsx,382.3,157,8,8
FILE_1232,.log,50.51,49,12,22
FILE_1233,.docx,126.11,122,17,31
FILE_1234,.pdf,764.56,174,2,20
FILE_1235,.bak,223.99,12,12,16
FILE_1236,.tmp,211.47,10,5,28
FILE_1237,.bak,247.22,135,29,49
FILE_1238,.pdf,453.93,46,19,40
FILE_1239,.xlsx,250.49,57,20,17
FILE_1240,.bak,357.22,144,15,49
FILE_1241,.tmp,649.48,150,2,5
FILE_1242,.pdf,347.66,77,9,41
FILE_1243,.docx,406.88,109,2,6
FILE_1244,.log,761.35,16,11,6
FILE_1245,.pdf,448.62,150,0,39
FILE_1246,.zip,261.96,119,19,29
FILE_1247,.bak,537.27,29,23,15
FILE_1248,.log,495.31,135,4,12
FILE_1249,.xlsx,305.05,124,11,6
FILE_1250,.docx,706.2,61,0,41
FILE_1251,.png,735.25,20,6,26
FILE_1252,.xlsx,758.85,47,30,15
FILE_1253,.zip,743.73,30,28,34
FILE_1254,.pdf,704.05,33,26,8
FILE_1255,.log,352.75,31,23,43
FILE_1256,.tmp,146.79,24,19,26
FILE_1257,.docx,371.13,77,0,31
FILE_1258,.log,418.84,37,0,49
FILE_1259,.tmp,264.14,113,15,5
FILE_1260,.bak,517.91,138,28,27
FILE_1261,.bak,66.78,103,4,28
FILE_1262,.tmp,290.34,165,5,5
FILE_1263,.docx,698.61,61,15,44
FILE_1264,.docx,402.39,101,9,27
FILE_1265,.log,451.29,91,9,49
FILE_1266,.zip,172.25,23,16,7
FILE_1267,.tmp,322.12,36,29,50
FILE_1268,.png,709.6,60,7,35
FILE_1269,.bak,282.61,29,5,25
FILE_1270,.docx,349.3,162,10,25
FILE_1271,.docx,687.4,112,3,26
FILE_1272,.zip,629.85,116,20,23
FILE_1273,.tmp,540.39,58,4,6
FILE_1274,.tmp,319.64,136,18,43
FILE_1275,.bak,278.83,76,0,14
FILE_1276,.log,556.63,87,13,16
FILE_1277,.bak,422.84,53,4,38
FILE_1278,.docx,481.47,25,7,25
FILE_1279,.png,51.99,55,13,25
FILE_1280,.pdf,502.41,148,2,37
FILE_1281,.log,450.08,12,6,48
FILE_1282,.png,724.48,20,9,10
FILE_1283,.pdf,219.27,58,29,40
FILE_1284,.log,414.11,147,27,47
FILE_1285,.bak,779.62,38,11,35
FILE_1286,.tmp,95.26,177,23,19
FILE_1287,.docx,499.66,99,15,42
FILE_1288,.xlsx,234.01,97,6,31
FILE_1289,.docx,495.95,135,23,14
FILE_1290,.zip,752.56,37,24,8
FILE_1291,.bak,591.4,97,6,29
FILE_1292,.docx,403.47,46,19,28
FILE_1293,.zip,155.23,153,24,43
FILE_1294,.bak,629.74,177,2,25
FILE_1295,.tmp,386.59,114,27,35
FILE_1296,.docx,576.25,111,29,24
FILE_1297,.bak,241.03,148,29,9
FILE_1298,.zip,185.75,48,12,19
FILE_1299,.zip,182.59,152,13,36
FILE_1300,.docx,622.77,81,1,15
FILE_1301,.log,236.18,25,4,43
FILE_1302,.xlsx,169.29,155,13,49
FILE_1303,.png,299.24,121,7,13
FILE_1304,.xlsx,581.22,80,9,39
FILE_1305,.bak,429.44,148,11,13
FILE_1306,.xlsx,239.53,140,6,7
FILE_1307,.pdf,709.23,29,28,10
FILE_1308,.zip,494.28,64,16,30
FILE_1309,.pdf,502.04,154,0,46
FILE_1310,.log,719.55,52,23,49
FILE_1311,.xlsx,126.34,85,12,45
FILE_1312,.log,721.05,31,17,34
FILE_1313,.xlsx,745.23,143,9,36
FILE_1314,.log,418.3,22,10,17
FILE_1315,.docx,746.53,109,13,20
FILE_1316,.pdf,427.68,164,25,45
FILE_1317,.png,691.35,177,1,20
FILE_1318,.xlsx,80.73,91,23,8
FILE_1319,.bak,58.66,46,18,34
FILE_1320,.png,612.65,90,1,40
FILE_1321,.pdf,493.04,60,11,38
FILE_1322,.tmp,421.24,153,25,17
FILE_1323,.bak,186.65,126,24,43
FILE_1324,.tmp,331.32,35,9,18
FILE_1325,.zip,69.0,72,27,19
FILE_1326,.png,738.04,140,24,13
FILE_1327,.log,339.53,74,8,37
FILE_1328,.bak,266.1,16,12,40
FILE_1329,.pdf,267.59,159,21,9
FILE_1330,.xlsx,570.32,152,1,31
FILE_1331,.tmp,420.04,108,24,31
FILE_1332,.docx,538.3,51,26,17
FILE_1333,.xlsx,615.42,62,12,48
FILE_1334,.pdf,303.39,14,8,13
FILE_1335,.png,484.79,114,27,5
FILE_1336,.docx,364.79,44,6,11
FILE_1337,.docx,578.4,82,9,37
FILE_1338,.docx,595.64,160,2,9
FILE_1339,.tmp,116.64,167,14,9
FILE_1340,.docx,145.57,147,15,40
FILE_1341,.log,322.65,123,14,33
FILE_1342,.pdf,413.28,100,27,12
FILE_1343,.png,337.45,155,12,28
FILE_1344,.png,370.25,159,27,11
FILE_1345,.png,228.63,162,12,46
FILE_1346,.log,208.08,156,13,37
FILE_1347,.xlsx,397.15,133,17,24
FILE_1348,.pdf,652.29,152,11,10
FILE_1349,.xlsx,769.67,165,16,30
FILE_1350,.bak,222.51,171,13,26
FILE_1351,.zip,398.04,153,19,9
FILE_1352,.log,776.38,134,15,11
FILE_1353,.log,443.55,18,3,33
FILE_1354,.bak,465.04,179,16,47
FILE_1355,.tmp,577.7,115,4,18
FILE_1356,.log,103.72,35,23,23
FILE_1357,.zip,50.28,62,20,5
FILE_1358,.xlsx,716.6,33,29,38
FILE_1359,.xlsx,229.66,29,17,7
FILE_1360,.bak,142.53,110,12,33
FILE_1361,.zip,709.12,57,22,27
FILE_1362,.zip,62.27,101,18,46
FILE_1363,.png,349.94,102,12,34
FILE_1364,.pdf,591.54,54,16,11
FILE_1365,.tmp,203.85,56,28,13
FILE_1366,.bak,408.28,73,7,28
FILE_1367,.pdf,286.92,164,17,31
FILE_1368,.log,100.83,168,13,38
FILE_1369,.png,593.19,93,23,6
FILE_1370,.png,617.27,162,27,43
FILE_1371,.pdf,626.65,64,26,22
FILE_1372,.xlsx,229.09,67,16,48
FILE_1373,.pdf,676.41,67,25,38
FILE_1374,.docx,773.82,100,1,44
FILE_1375,.png,760.34,25,22,16
FILE_1376,.tmp,273.63,50,16,5
FILE_1377,.tmp,51.61,54,3,49
FILE_1378,.png,437.81,132,0,29
FILE_1379,.png,508.09,32,24,34
FILE_1380,.tmp,578.89,126,29,47
FILE_1381,.xlsx,529.61,133,13,11
FILE_1382,.png,454.64,160,16,10
FILE_1383,.zip,388.53,180,19,18
FILE_1384,.pdf,446.29,62,28,24
FILE_1385,.bak,148.86,139,6,40
FILE_1386,.png,704.82,173,19,8
FILE_1387,.pdf,289.27,62,25,49
FILE_1388,.xlsx,745.09,150,24,47
FILE_1389,.tmp,59.37,108,13,18
FILE_1390,.xlsx,190.73,152,27,31
FILE_1391,.bak,400.93,32,12,22
FILE_1392,.zip,788.93,55,2,47
FILE_1393,.pdf,692.93,127,23,8
FILE_1394,.zip,640.76,128,17,25
FILE_1395,.docx,226.41,104,14,8
FILE_1396,.zip,590.51,160,15,31
FILE_1397,.pdf,597.4,54,11,31
FILE_1398,.docx,112.8,74,17,41
FILE_1399,.pdf,631.11,118,17,40
FILE_1400,.tmp,487.46,49,24,13
FILE_1401,.log,645.36,33,23,29
FILE_1402,.png,370.84,74,24,41
FILE_1403,.bak,292.32,120,3,24
FILE_1404,.bak,661.07,162,3,12
FILE_1405,.tmp,649.27,97,6,17
FILE_1406,.png,191.7,93,11,28
FILE_1407,.xlsx,636.31,36,9,16
FILE_1408,.xlsx,243.01,117,14,11
FILE_1409,.png,78.98,53,24,46
FILE_1410,.docx,53.64,81,2,12
FILE_1411,.xlsx,93.32,177,27,39
FILE_1412,.tmp,147.93,43,29,43
FILE_1413,.bak,272.64,119,30,8
FILE_1414,.pdf,218.06,148,23,22
FILE_1415,.xlsx,68.04,94,2,49
FILE_1416,.pdf,165.53,61,19,30
FILE_1417,.pdf,469.4,18,9,49
FILE_1418,.docx,706.0,13,0,6
FILE_1419,.zip,680.88,143,13,13
FILE_1420,.tmp,163.02,112,30,20
FILE_1421,.bak,507.49,174,11,14
FILE_1422,.tmp,684.82,36,20,17
FILE_1423,.docx,196.42,149,22,26
FILE_1424,.png,654.19,46,10,26
FILE_1425,.bak,180.27,122,25,41
FILE_1426,.bak,287.62,52,5,50
FILE_1427,.docx,306.16,159,12,23
FILE_1428,.log,563.27,118,28,9
FILE_1429,.zip,575.19,119,5,16
FILE_1430,.png,475.62,56,18,12
FILE_1431,.zip,134.34,168,26,10
FILE_1432,.pdf,207.66,27,20,46
FILE_1433,.png,792.17,91,26,21
FILE_1434,.pdf,528.64,18,11,48
FILE_1435,.bak,659.91,161,1,34
FILE_1436,.tmp,489.29,79,7,22
FILE_1437,.xlsx,327.22,82,9,30
FILE_1438,.xlsx,607.76,73,12,28
FILE_1439,.xlsx,787.82,112,15,34
FILE_1440,.png,397.55,12,6,41
FILE_1441,.docx,392.75,122,8,37
FILE_1442,.tmp,59.38,158,26,12
FILE_1443,.tmp,200.15,134,13,27
FILE_1444,.tmp,358.19,141,20,29
FILE_1445,.docx,439.9,71,22,45
FILE_1446,.bak,727.9,119,24,14
FILE_1447,.tmp,419.9,53,26,20
FILE_1448,.zip,649.12,178,12,43
FILE_1449,.xlsx,775.03,69,19,8
FILE_1450,.docx,791.34,175,11,37
FILE_1451,.tmp,579.8,13,12,27
FILE_1452,.xlsx,234.77,111,29,36
FILE_1453,.log,271.8,35,16,18
FILE_1454,.xlsx,134.92,17,10,24
FILE_1455,.tmp,375.09,63,1,10
FILE_1456,.xlsx,206.57,36,2,11
FILE_1457,.pdf,120.91,124,29,24
FILE_1458,.bak,656.63,71,15,36
FILE_1459,.log,243.19,114,16,39
FILE_1460,.tmp,179.0,45,0,13
FILE_1461,.docx,142.08,80,7,41
FILE_1462,.pdf,445.07,101,24,15
FILE_1463,.bak,232.09,57,9,26
FILE_1464,.xlsx,342.41,18,7,17
FILE_1465,.xlsx,411.34,51,15,15
FILE_1466,.xlsx,492.7,21,11,21
FILE_1467,.log,412.05,126,16,44
FILE_1468,.docx,402.5,47,29,24
FILE_1469,.pdf,183.19,20,4,32
FILE_1470,.png,162.38,54,3,32
FILE_1471,.zip,262.85,154,17,16
FILE_1472,.bak,666.71,121,30,29
FILE_1473,.zip,780.12,14,3,50
FILE_1474,.zip,455.42,104,12,40
FILE_1475,.zip,328.96,25,12,8
FILE_1476,.tmp,67.75,36,30,31
FILE_1477,.png,118.52,135,7,12
FILE_1478,.log,550.17,168,30,28
FILE_1479,.zip,79.21,40,16,7
FILE_1480,.xlsx,379.34,163,4,14
FILE_1481,.pdf,705.46,66,26,32
FILE_1482,.png,688.4,44,29,40
FILE_1483,.log,59.8,123,1,40
FILE_1484,.bak,594.04,174,16,46
FILE_1485,.tmp,284.43,64,3,44
FILE_1486,.zip,128.59,77,6,38
FILE_1487,.tmp,185.03,95,8,43
FILE_1488,.xlsx,136.44,57,26,31
FILE_1489,.log,151.88,179,18,37
FILE_1490,.zip,602.97,148,29,31
FILE_1491,.pdf,119.24,96,0,11
FILE_1492,.bak,761.39,100,9,34
FILE_1493,.pdf,74.47,30,23,37
FILE_1494,.pdf,167.22,79,30,5
FILE_1495,.bak,291.07,99,2,21
FILE_1496,.pdf,257.3,108,0,15
FILE_1497,.xlsx,258.47,72,0,43
FILE_1498,.bak,128.87,139,30,44
FILE_1499,.zip,282.46,21,18,30
FILE_1500,.zip,219.87,73,2,50
FILE_1501,.png,468.39,63,15,35
FILE_1502,.docx,403.97,19,14,34
FILE_1503,.pdf,167.49,123,17,29
FILE_1504,.png,451.28,141,13,20
FILE_1505,.bak,699.58,39,3,42
FILE_1506,.pdf,119.64,162,12,37
FILE_1507,.xlsx,80.53,152,29,27
FILE_1508,.tmp,296.38,143,3,6
FILE_1509,.bak,743.88,159,22,34
FILE_1510,.zip,152.73,127,5,31
FILE_1511,.log,563.63,42,30,36
FILE_1512,.tmp,425.85,15,11,42
FILE_1513,.pdf,595.79,43,2,39
FILE_1514,.png,228.66,45,4,32
FILE_1515,.pdf,645.13,145,11,25
FILE_1516,.log,55.04,24,23,7
FILE_1517,.tmp,570.33,154,15,31
FILE_1518,.pdf,715.87,73,11,30
FILE_1519,.zip,190.47,10,6,15
FILE_1520,.zip,186.56,158,16,19
FILE_1521,.bak,512.68,69,22,22
FILE_1522,.xlsx,590.06,174,30,10
FILE_1523,.zip,646.84,38,2,40
FILE_1524,.png,753.56,74,19,39
FILE_1525,.bak,445.03,15,0,5
FILE_1526,.zip,726.9,14,3,46
FILE_1527,.docx,778.12,179,17,35
FILE_1528,.xlsx,84.6,26,7,12
FILE_1529,.tmp,787.92,155,23,32
FILE_1530,.tmp,357.88,26,7,8
FILE_1531,.zip,234.68,76,25,41
FILE_1532,.png,554.19,15,5,30
FILE_1533,.pdf,621.22,73,19,19
FILE_1534,.zip,649.19,150,13,26
FILE_1535,.png,238.0,110,6,30
FILE_1536,.docx,692.4,51,10,48
FILE_1537,.tmp,295.56,109,4,36
FILE_1538,.bak,174.82,136,14,40
FILE_1539,.xlsx,55.32,68,10,39
FILE_1540,.png,600.5,177,25,27
FILE_1541,.png,773.79,34,6,21
FILE_1542,.log,750.48,158,13,35
FILE_1543,.xlsx,588.95,127,2,34
FILE_1544,.xlsx,212.59,56,1,29
FILE_1545,.tmp,319.31,38,9,45
FILE_1546,.png,781.65,77,13,27
FILE_1547,.tmp,398.26,149,30,48
FILE_1548,.log,121.57,54,7,42
FILE_1549,.tmp,52.79,18,6,48
FILE_1550,.zip,396.2,84,29,21
FILE_1551,.tmp,81.39,77,30,15
FILE_1552,.tmp,192.28,55,27,6
FILE_1553,.docx,264.4,143,17,19
FILE_1554,.pdf,391.48,20,18,7
FILE_1555,.log,448.17,17,7,20
FILE_1556,.png,477.64,32,17,11
FILE_1557,.zip,744.55,105,22,40
FILE_1558,.tmp,155.39,144,19,6
FILE_1559,.tmp,473.43,54,25,20
FILE_1560,.docx,563.8,62,1,43
FILE_1561,.pdf,652.83,103,0,38
FILE_1562,.xlsx,602.61,118,8,23
FILE_1563,.bak,105.9,101,6,28
FILE_1564,.pdf,657.82,69,18,34
FILE_1565,.tmp,634.15,22,1,9
FILE_1566,.docx,609.44,171,5,8
FILE_1567,.xlsx,720.09,19,17,43
FILE_1568,.docx,342.19,21,3,11
FILE_1569,.log,386.06,132,25,38
FILE_1570,.pdf,126.12,94,6,23
FILE_1571,.docx,346.08,160,21,13
FILE_1572,.zip,773.86,88,17,24
FILE_1573,.tmp,471.08,77,0,40
FILE_1574,.zip,177.72,29,12,44
FILE_1575,.xlsx,280.91,180,27,40
FILE_1576,.pdf,156.72,97,9,34
FILE_1577,.docx,487.49,160,9,5
FILE_1578,.zip,425.85,100,3,31
FILE_1579,.png,244.1,38,28,45
FILE_1580,.docx,756.24,164,12,22
FILE_1581,.zip,212.3,10,7,8
FILE_1582,.tmp,639.52,108,26,15
FILE_1583,.tmp,534.57,177,27,25
FILE_1584,.bak,225.71,34,11,5
FILE_1585,.pdf,617.69,36,21,36
FILE_1586,.tmp,561.71,175,17,31
FILE_1587,.bak,765.14,103,12,33
FILE_1588,.png,699.06,149,30,17
FILE_1589,.docx,107.88,103,6,18
FILE_1590,.zip,73.86,26,1,46
FILE_1591,.pdf,782.28,137,17,35
FILE_1592,.docx,504.49,125,30,19
FILE_1593,.bak,691.18,19,15,29
FILE_1594,.docx,285.45,141,25,14
FILE_1595,.png,77.62,15,13,39
FILE_1596,.bak,639.35,177,21,50
FILE_1597,.bak,308.28,123,4,27
FILE_1598,.pdf,623.85,60,4,26
FILE_1599,.png,275.79,77,8,48
FILE_1600,.pdf,671.36,82,26,26
FILE_1601,.pdf,205.3,138,27,13
FILE_1602,.tmp,668.34,169,17,48
FILE_1603,.bak,495.25,77,17,10
FILE_1604,.log,763.81,44,11,16
FILE_1605,.log,359.77,125,19,19
FILE_1606,.bak,740.12,77,12,22
FILE_1607,.tmp,795.71,46,19,41
FILE_1608,.png,480.23,160,15,46
FILE_1609,.docx,667.78,76,21,34
FILE_1610,.log,188.3,43,9,28
FILE_1611,.log,670.7,167,18,18
FILE_1612,.docx,779.85,130,16,35
FILE_1613,.log,697.85,145,29,27
FILE_1614,.tmp,748.84,114,18,16
FILE_1615,.tmp,530.71,166,16,27
FILE_1616,.png,111.37,87,14,18
FILE_1617,.tmp,220.83,148,29,15
FILE_1618,.bak,710.43,168,15,9
FILE_1619,.zip,241.29,118,29,35
FILE_1620,.tmp,288.14,53,15,29
FILE_1621,.xlsx,784.98,101,27,17
FILE_1622,.png,129.7,141,5,29
FILE_1623,.pdf,57.94,115,23,50
FILE_1624,.zip,164.0,129,5,17
FILE_1625,.docx,755.86,21,1,13
FILE_1626,.zip,713.19,142,10,8
FILE_1627,.xlsx,250.49,145,26,7
FILE_1628,.tmp,708.97,112,0,47
FILE_1629,.log,128.25,67,16,16
FILE_1630,.zip,613.28,59,18,21
FILE_1631,.pdf,554.51,84,23,38
FILE_1632,.tmp,379.13,121,6,6
FILE_1633,.docx,281.42,147,7,49
FILE_1634,.tmp,308.81,144,22,16
FILE_1635,.png,197.99,180,0,14
FILE_1636,.log,652.47,96,20,13
FILE_1637,.png,643.26,140,23,11
FILE_1638,.pdf,266.92,36,27,44
FILE_1639,.xlsx,345.46,51,5,42
FILE_1640,.tmp,741.57,148,8,37
FILE_1641,.docx,641.79,45,15,45
FILE_1642,.docx,480.98,118,22,19
FILE_1643,.bak,140.22,114,28,42
FILE_1644,.docx,699.07,125,30,35
FILE_1645,.bak,542.79,27,19,31
FILE_1646,.docx,773.37,77,11,25
FILE_1647,.pdf,644.6,167,22,15
FILE_1648,.log,470.21,150,14,42
FILE_1649,.zip,71.77,123,24,35
FILE_1650,.zip,773.18,113,6,5
FILE_1651,.pdf,189.02,37,30,47
FILE_1652,.docx,198.27,83,29,45
FILE_1653,.png,482.62,16,6,18
FILE_1654,.tmp,759.49,133,18,34
FILE_1655,.xlsx,377.96,109,29,41
FILE_1656,.png,535.79,129,10,39
FILE_1657,.tmp,730.5,79,19,8
FILE_1658,.tmp,510.49,25,17,18
FILE_1659,.log,724.54,39,16,46
FILE_1660,.log,547.2,116,15,15
FILE_1661,.pdf,576.22,85,5,17
FILE_1662,.docx,789.68,16,10,26
FILE_1663,.zip,657.87,87,3,17
FILE_1664,.xlsx,228.14,137,1,44
FILE_1665,.docx,753.06,104,7,29
FILE_1666,.png,753.43,100,11,9
FILE_1667,.xlsx,355.03,71,17,38
FILE_1668,.tmp,316.33,65,3,49
FILE_1669,.xlsx,577.51,179,19,7
FILE_1670,.bak,791.37,179,20,38
FILE_1671,.bak,553.24,130,14,28
FILE_1672,.zip,401.72,23,16,39
FILE_1673,.xlsx,330.97,14,5,8
FILE_1674,.zip,687.64,28,6,46
FILE_1675,.png,623.83,71,0,14
FILE_1676,.bak,568.0,26,15,7
FILE_1677,.log,705.03,163,21,5
FILE_1678,.log,349.59,177,1,8
FILE_1679,.png,261.6,134,17,12
FILE_1680,.xlsx,282.09,157,7,19
FILE_1681,.png,304.37,15,1,13
FILE_1682,.png,598.86,142,20,16
FILE_1683,.docx,300.14,56,0,20
FILE_1684,.png,312.38,180,20,12
FILE_1685,.pdf,696.8,66,21,10
FILE_1686,.tmp,294.82,96,19,10
FILE_1687,.docx,349.75,151,23,30
FILE_1688,.xlsx,604.01,140,28,20
FILE_1689,.docx,141.62,82,28,16
FILE_1690,.png,364.08,167,26,43
FILE_1691,.zip,112.84,37,6,16
FILE_1692,.xlsx,722.61,83,30,47
FILE_1693,.xlsx,685.8,14,11,14
FILE_1694,.zip,210.34,84,15,32
FILE_1695,.pdf,145.74,41,21,38
FILE_1696,.png,763.71,137,10,27
FILE_1697,.docx,236.25,54,12,12
FILE_1698,.docx,595.67,116,16,10
FILE_1699,.tmp,134.05,156,14,10
FILE_1700,.tmp,362.08,78,22,37
FILE_1701,.bak,570.27,75,24,43
FILE_1702,.bak,333.92,77,25,18
FILE_1703,.xlsx,781.08,135,8,6
FILE_1704,.zip,742.62,11,4,19
FILE_1705,.zip,540.32,12,8,33
FILE_1706,.pdf,440.21,10,0,13
FILE_1707,.docx,380.28,157,23,13
FILE_1708,.zip,491.56,115,1,27
FILE_1709,.xlsx,51.57,75,9,34
FILE_1710,.tmp,388.34,136,28,12
FILE_1711,.bak,376.76,120,2,16
FILE_1712,.tmp,730.75,161,8,25
FILE_1713,.docx,565.02,133,7,13
FILE_1714,.png,605.26,122,4,11
FILE_1715,.log,108.55,50,9,40
FILE_1716,.pdf,440.8,118,2,15
FILE_1717,.log,557.6,104,17,45
FILE_1718,.xlsx,163.4,82,29,40
FILE_1719,.zip,652.93,21,4,20
FILE_1720,.log,316.04,32,12,43
FILE_1721,.log,604.03,175,5,23
FILE_1722,.png,792.85,112,27,15
FILE_1723,.xlsx,606.36,170,26,19
FILE_1724,.zip,345.23,78,21,11
FILE_1725,.png,637.78,133,12,47
FILE_1726,.tmp,579.53,147,2,46
FILE_1727,.pdf,761.06,126,7,18
FILE_1728,.bak,127.67,141,16,20
FILE_1729,.tmp,71.86,170,8,24
FILE_1730,.docx,750.02,148,28,20
FILE_1731,.docx,213.06,134,17,6
FILE_1732,.bak,312.48,139,23,14
FILE_1733,.docx,569.36,10,7,30
FILE_1734,.png,387.3,33,28,7
FILE_1735,.tmp,611.98,91,6,23
FILE_1736,.tmp,576.45,133,21,9
FILE_1737,.zip,496.49,38,4,35
FILE_1738,.tmp,735.64,27,20,37
FILE_1739,.png,762.2,135,9,31
FILE_1740,.tmp,127.38,18,3,8
FILE_1741,.bak,193.93,68,25,33
FILE_1742,.zip,353.01,166,16,28
FILE_1743,.bak,190.32,83,8,29
FILE_1744,.tmp,396.36,127,20,9
FILE_1745,.log,548.43,121,12,37
FILE_1746,.tmp,693.26,94,25,13
FILE_1747,.bak,546.53,19,3,20
FILE_1748,.log,375.78,106,1,42
FILE_1749,.zip,252.81,20,1,30
FILE_1750,.log,592.94,39,27,15
FILE_1751,.docx,233.93,48,16,12
FILE_1752,.xlsx,685.31,31,16,14
FILE_1753,.tmp,458.65,31,14,5
FILE_1754,.tmp,510.08,147,16,38
FILE_1755,.png,672.52,104,17,42
FILE_1756,.xlsx,277.7,93,12,14
FILE_1757,.zip,92.95,71,21,32
FILE_1758,.tmp,189.47,119,25,25
FILE_1759,.tmp,753.91,73,3,45
FILE_1760,.xlsx,502.16,14,10,49
FILE_1761,.xlsx,241.4,83,0,17
FILE_1762,.tmp,340.91,25,16,44
FILE_1763,.bak,774.79,41,19,17
FILE_1764,.pdf,565.63,120,13,18
FILE_1765,.pdf,681.86,48,9,14
FILE_1766,.log,291.94,121,14,15
FILE_1767,.png,616.18,108,25,8
FILE_1768,.bak,356.52,45,18,25
FILE_1769,.pdf,408.64,90,7,43
FILE_1770,.docx,84.13,169,8,17
FILE_1771,.log,152.45,152,2,15
FILE_1772,.bak,318.06,55,14,8
FILE_1773,.tmp,116.36,43,6,44
FILE_1774,.pdf,299.87,100,8,6
FILE_1775,.log,198.13,162,14,22
FILE_1776,.pdf,311.83,45,0,40
FILE_1777,.docx,164.01,12,7,49
FILE_1778,.log,251.94,144,30,46
FILE_1779,.zip,349.23,22,11,7
FILE_1780,.xlsx,229.78,29,3,26
FILE_1781,.pdf,671.6,87,0,30
FILE_1782,.bak,294.8,130,11,19
FILE_1783,.png,79.65,171,16,15
FILE_1784,.zip,633.92,31,25,18
FILE_1785,.pdf,399.23,73,25,39
FILE_1786,.png,172.39,44,12,16
FILE_1787,.log,138.24,179,15,16
FILE_1788,.bak,709.55,138,16,33
FILE_1789,.tmp,355.41,179,7,26
FILE_1790,.tmp,317.44,177,12,6
FILE_1791,.tmp,564.92,180,30,31
FILE_1792,.log,429.91,155,5,6
FILE_1793,.zip,513.17,64,2,44
FILE_1794,.zip,733.95,24,11,35
FILE_1795,.tmp,107.73,44,29,30
FILE_1796,.xlsx,416.23,57,1,46
FILE_1797,.log,467.24,88,9,35
FILE_1798,.pdf,95.53,130,27,31
FILE_1799,.xlsx,399.22,78,0,30
FILE_1800,.bak,705.01,25,17,30
FILE_1801,.docx,479.14,162,16,9
FILE_1802,.tmp,284.61,141,22,32
FILE_1803,.xlsx,721.39,44,20,41
FILE_1804,.pdf,583.45,58,4,36
FILE_1805,.png,180.82,26,0,13
FILE_1806,.zip,163.17,59,11,29
FILE_1807,.tmp,701.65,62,17,31
FILE_1808,.png,749.28,56,0,30
FILE_1809,.xlsx,774.14,12,11,31
FILE_1810,.tmp,81.65,170,29,39
FILE_1811,.zip,371.08,179,12,24
FILE_1812,.xlsx,745.14,47,16,19
FILE_1813,.bak,711.43,70,12,46
FILE_1814,.bak,251.66,32,8,23
FILE_1815,.xlsx,595.99,18,0,33
FILE_1816,.bak,770.23,52,18,39
FILE_1817,.bak,90.4,177,9,43
FILE_1818,.tmp,123.17,116,6,42
FILE_1819,.tmp,146.53,141,6,22
FILE_1820,.bak,159.24,159,18,43
FILE_1821,.log,656.16,92,22,9
FILE_1822,.tmp,522.99,95,12,46
FILE_1823,.bak,710.76,153,24,26
FILE_1824,.png,408.8,25,11,26
FILE_1825,.png,401.55,142,20,50
FILE_1826,.png,257.1,161,24,37
FILE_1827,.xlsx,63.04,119,7,45
FILE_1828,.bak,470.67,24,16,47
FILE_1829,.bak,586.6,79,30,11
FILE_1830,.bak,126.3,15,1,23
FILE_1831,.tmp,717.31,35,20,42
FILE_1832,.zip,625.39,174,22,31
FILE_1833,.zip,295.66,43,12,17
FILE_1834,.log,773.93,36,25,10
FILE_1835,.xlsx,681.98,131,3,29
FILE_1836,.pdf,603.45,141,21,8
FILE_1837,.zip,523.91,137,4,42
FILE_1838,.png,705.96,50,10,13
FILE_1839,.log,722.15,129,10,11
FILE_1840,.docx,795.21,38,16,16
FILE_1841,.log,219.66,109,2,25
FILE_1842,.bak,752.44,69,20,50
FILE_1843,.bak,619.86,163,3,11
FILE_1844,.docx,624.26,72,19,15
FILE_1845,.bak,420.33,33,29,28
FILE_1846,.png,177.93,55,15,10
FILE_1847,.tmp,466.49,107,6,28
FILE_1848,.bak,277.26,108,14,45
FILE_1849,.log,616.58,146,1,27
FILE_1850,.zip,278.91,102,27,5
FILE_1851,.png,303.64,30,29,44
FILE_1852,.docx,59.98,128,23,40
FILE_1853,.log,759.65,20,6,16
FILE_1854,.png,739.42,135,7,21
FILE_1855,.docx,302.08,141,29,37
FILE_1856,.zip,284.87,159,26,7
FILE_1857,.bak,691.39,82,24,39
FILE_1858,.pdf,294.46,66,11,27
FILE_1859,.log,656.27,147,15,32
FILE_1860,.log,162.51,174,13,27
FILE_1861,.tmp,242.2,47,12,39
FILE_1862,.log,793.67,110,12,44
FILE_1863,.zip,473.27,177,10,40
FILE_1864,.pdf,557.2,102,12,44
FILE_1865,.log,338.61,11,11,23
FILE_1866,.docx,106.07,178,14,44
FILE_1867,.xlsx,517.79,67,28,20
FILE_1868,.pdf,663.06,114,12,21
FILE_1869,.docx,486.31,85,8,42
FILE_1870,.pdf,645.25,15,0,13
FILE_1871,.tmp,696.94,105,19,37
FILE_1872,.log,481.2,140,4,15
FILE_1873,.log,419.87,42,21,41
FILE_1874,.docx,467.89,93,13,45
FILE_1875,.tmp,137.73,58,20,23
FILE_1876,.tmp,798.37,103,29,47
FILE_1877,.docx,360.23,115,9,10
FILE_1878,.zip,253.37,73,19,9
FILE_1879,.xlsx,411.31,134,6,7
FILE_1880,.docx,780.36,168,29,40
FILE_1881,.xlsx,283.13,18,8,17
FILE_1882,.docx,749.47,122,14,19
FILE_1883,.xlsx,251.89,46,7,44
FILE_1884,.tmp,430.49,31,9,34
FILE_1885,.zip,582.56,57,30,18
FILE_1886,.zip,313.32,44,26,42
FILE_1887,.bak,297.97,109,21,9
FILE_1888,.tmp,578.95,104,5,50
FILE_1889,.log,282.26,70,18,12
FILE_1890,.bak,227.1,166,8,41
FILE_1891,.zip,214.01,73,12,20
FILE_1892,.docx,726.55,160,29,38
FILE_1893,.pdf,721.73,13,5,28
FILE_1894,.docx,278.74,149,19,29
FILE_1895,.xlsx,349.75,61,8,40
FILE_1896,.tmp,686.25,38,30,10
FILE_1897,.png,74.28,134,28,21
FILE_1898,.zip,580.49,128,16,6
FILE_1899,.xlsx,453.25,13,4,33
FILE_1900,.bak,249.58,77,3,23
FILE_1901,.tmp,317.9,104,3,29
FILE_1902,.bak,463.27,147,17,10
FILE_1903,.xlsx,141.78,112,0,49
FILE_1904,.png,244.73,101,24,12
FILE_1905,.xlsx,111.59,11,1,19
FILE_1906,.log,167.95,52,28,38
FILE_1907,.log,530.23,84,0,24
FILE_1908,.tmp,404.39,96,29,15
FILE_1909,.pdf,372.56,49,4,25
FILE_1910,.log,530.41,31,3,32
FILE_1911,.docx,582.03,94,26,23
FILE_1912,.zip,168.99,144,3,50
FILE_1913,.xlsx,87.02,56,3,36
FILE_1914,.tmp,180.17,36,16,48
FILE_1915,.docx,222.82,23,17,6
FILE_1916,.xlsx,500.68,31,3,31
FILE_1917,.png,273.68,44,3,7
FILE_1918,.xlsx,368.38,137,11,50
FILE_1919,.png,91.54,37,17,5
FILE_1920,.docx,120.0,120,23,43
FILE_1921,.bak,488.81,145,6,38
FILE_1922,.tmp,161.77,135,29,9
FILE_1923,.tmp,692.8,64,13,44
FILE_1924,.pdf,359.73,78,19,45
FILE_1925,.docx,640.38,30,11,18
FILE_1926,.zip,147.57,111,21,15
FILE_1927,.pdf,226.39,98,5,16
FILE_1928,.xlsx,577.14,12,7,9
FILE_1929,.xlsx,267.68,122,12,10
FILE_1930,.png,262.6,129,19,12
FILE_1931,.zip,235.53,166,25,36
FILE_1932,.log,314.1,124,4,24
FILE_1933,.tmp,474.78,14,6,34
FILE_1934,.xlsx,522.95,151,9,40
FILE_1935,.zip,202.2,127,10,47
FILE_1936,.zip,487.5,90,19,6
FILE_1937,.docx,570.8,168,6,39
FILE_1938,.tmp,718.06,165,19,22
FILE_1939,.zip,422.02,18,5,7
FILE_1940,.tmp,198.47,76,24,10
FILE_1941,.tmp,239.02,27,18,14
FILE_1942,.docx,707.84,178,11,34
FILE_1943,.pdf,495.82,72,10,21
FILE_1944,.tmp,605.21,136,27,16
FILE_1945,.tmp,790.36,67,7,45
FILE_1946,.png,341.94,56,8,14
FILE_1947,.bak,692.86,130,9,25
FILE_1948,.xlsx,92.12,156,5,13
FILE_1949,.xlsx,118.27,19,12,8
FILE_1950,.png,678.28,25,12,20
FILE_1951,.docx,337.39,13,6,33
FILE_1952,.tmp,204.64,117,24,37
FILE_1953,.png,397.95,27,21,20
FILE_1954,.tmp,529.47,94,11,42
FILE_1955,.png,239.13,129,17,17
FILE_1956,.zip,422.4,85,8,11
FILE_1957,.tmp,743.91,29,22,22
FILE_1958,.bak,77.88,167,17,24
FILE_1959,.xlsx,165.38,117,17,35
FILE_1960,.docx,280.21,179,9,18
FILE_1961,.docx,646.01,138,18,25
FILE_1962,.bak,770.85,148,7,24
FILE_1963,.zip,344.88,92,1,21
FILE_1964,.bak,237.87,75,3,32
FILE_1965,.pdf,560.84,29,23,21
FILE_1966,.png,322.08,56,21,13
FILE_1967,.log,104.55,12,0,44
FILE_1968,.bak,430.31,174,0,28
FILE_1969,.tmp,580.99,45,3,48
FILE_1970,.png,331.6,153,29,17
FILE_1971,.png,427.27,55,26,13
FILE_1972,.png,396.2,80,13,50
FILE_1973,.zip,89.59,14,3,44
FILE_1974,.zip,571.65,143,4,27
FILE_1975,.log,202.82,29,23,11
FILE_1976,.bak,51.44,28,7,29
FILE_1977,.pdf,474.5,30,19,24
FILE_1978,.pdf,410.48,31,20,12
FILE_1979,.bak,653.75,83,18,14
FILE_1980,.xlsx,490.47,82,11,46
FILE_1981,.bak,255.76,96,30,19
FILE_1982,.png,81.79,84,2,45
FILE_1983,.bak,399.95,34,15,7
FILE_1984,.png,285.24,144,9,43
FILE_1985,.pdf,438.64,90,18,39
FILE_1986,.bak,407.75,147,10,50
FILE_1987,.xlsx,355.89,151,9,10
FILE_1988,.png,280.58,125,10,45
FILE_1989,.xlsx,294.65,17,13,26
FILE_1990,.bak,463.61,44,17,32
FILE_1991,.zip,783.48,122,28,29
FILE_1992,.xlsx,312.44,153,6,37
FILE_1993,.tmp,754.02,144,17,23
FILE_1994,.log,689.52,109,13,17
FILE_1995,.bak,650.99,170,3,23
FILE_1996,.bak,604.32,50,7,34
FILE_1997,.zip,744.1,29,19,38
FILE_1998,.tmp,323.37,179,12,17
FILE_1999,.zip,184.93,152,30,44
FILE_2000,.pdf,291.82,116,15,9
FILE_2001,.pdf,442.17,117,18,40
FILE_2002,.pdf,278.93,76,15,17
FILE_2003,.pdf,630.39,163,29,40
FILE_2004,.docx,791.26,151,19,5
FILE_2005,.xlsx,375.13,118,24,34
FILE_2006,.xlsx,76.69,38,8,26
FILE_2007,.pdf,178.81,130,24,11
FILE_2008,.tmp,660.39,105,20,42
FILE_2009,.tmp,695.49,69,9,30
FILE_2010,.tmp,434.39,21,9,31
FILE_2011,.xlsx,147.36,169,26,46
FILE_2012,.tmp,73.05,145,22,46
FILE_2013,.xlsx,98.09,66,18,43
FILE_2014,.bak,527.51,153,14,5
FILE_2015,.pdf,750.89,89,17,39
FILE_2016,.png,612.03,27,22,12
FILE_2017,.zip,622.41,25,25,32
FILE_2018,.docx,198.21,113,23,30
FILE_2019,.pdf,725.67,81,17,40
FILE_2020,.log,95.65,178,18,34
FILE_2021,.bak,57.89,118,19,35
FILE_2022,.bak,163.34,13,10,14
FILE_2023,.tmp,487.34,134,15,11
FILE_2024,.png,608.21,55,9,27
FILE_2025,.xlsx,317.21,26,16,41
FILE_2026,.zip,140.27,104,24,15
FILE_2027,.tmp,712.72,124,19,41
FILE_2028,.docx,557.86,104,10,41
FILE_2029,.docx,371.2,124,29,45
FILE_2030,.bak,726.94,97,1,23
FILE_2031,.tmp,748.13,27,25,44
FILE_2032,.pdf,457.07,160,19,11
FILE_2033,.bak,710.05,108,16,40
FILE_2034,.log,274.87,53,22,22
FILE_2035,.log,415.02,159,15,20
FILE_2036,.tmp,334.82,148,9,48
FILE_2037,.zip,413.8,31,11,33
FILE_2038,.tmp,770.27,132,22,37
FILE_2039,.bak,684.53,74,30,25
FILE_2040,.xlsx,598.22,104,7,33
FILE_2041,.xlsx,537.09,144,11,11
FILE_2042,.xlsx,445.38,99,10,12
FILE_2043,.png,448.1,15,7,44
FILE_2044,.zip,115.46,79,8,44
FILE_2045,.bak,238.43,120,27,27
FILE_2046,.zip,164.86,40,8,50
FILE_2047,.pdf,598.48,137,2,47
FILE_2048,.log,145.06,43,29,23
FILE_2049,.xlsx,575.81,36,9,28
FILE_2050,.zip,583.45,150,5,31
FILE_2051,.xlsx,558.0,64,2,7
FILE_2052,.png,672.73,90,23,24
FILE_2053,.xlsx,506.85,41,9,27
FILE_2054,.xlsx,760.67,149,24,25
FILE_2055,.tmp,138.43,170,28,35
FILE_2056,.png,551.94,143,23,28
FILE_2057,.xlsx,265.43,18,8,42
FILE_2058,.pdf,624.18,95,21,45
FILE_2059,.zip,191.04,23,21,36
FILE_2060,.xlsx,198.49,29,2,33
FILE_2061,.xlsx,529.67,86,7,34
FILE_2062,.xlsx,70.88,118,8,23
FILE_2063,.bak,524.85,147,6,35
FILE_2064,.zip,150.72,51,14,26
FILE_2065,.zip,166.52,113,16,43
FILE_2066,.tmp,354.27,111,15,25
FILE_2067,.xlsx,760.25,123,6,23
FILE_2068,.bak,657.39,57,19,18
FILE_2069,.tmp,448.96,61,9,32
FILE_2070,.log,98.75,106,0,45
FILE_2071,.bak,182.02,11,10,18
FILE_2072,.docx,114.55,118,8,27
FILE_2073,.pdf,222.52,83,13,27
FILE_2074,.zip,460.55,25,16,49
FILE_2075,.pdf,328.3,68,18,24
FILE_2076,.pdf,718.75,168,8,18
FILE_2077,.tmp,515.19,57,13,45
FILE_2078,.png,296.93,82,20,17
FILE_2079,.docx,311.41,54,5,22
FILE_2080,.tmp,675.99,54,28,27
FILE_2081,.png,559.06,65,5,33
FILE_2082,.pdf,167.54,22,12,21
FILE_2083,.png,115.55,159,14,15
FILE_2084,.tmp,486.01,41,18,19
FILE_2085,.xlsx,296.73,31,1,46
FILE_2086,.pdf,106.42,70,4,21
FILE_2087,.zip,309.95,120,21,28
FILE_2088,.pdf,720.63,11,2,22
FILE_2089,.zip,704.75,97,16,9
FILE_2090,.bak,712.17,125,2,18
FILE_2091,.log,520.1,154,16,29
FILE_2092,.bak,106.92,16,2,36
FILE_2093,.zip,436.04,91,2,40
FILE_2094,.tmp,132.11,43,3,17
FILE_2095,.docx,358.96,134,27,27
FILE_2096,.zip,781.56,20,14,6
FILE_2097,.zip,552.22,15,9,30
FILE_2098,.docx,275.35,92,12,28
FILE_2099,.xlsx,436.13,170,5,40
FILE_2100,.docx,748.07,151,2,44
FILE_2101,.bak,732.82,22,15,26
FILE_2102,.png,309.83,129,10,49
FILE_2103,.png,498.68,35,26,24
FILE_2104,.png,238.37,84,30,26
FILE_2105,.xlsx,64.97,48,5,39
FILE_2106,.pdf,612.59,124,23,32
FILE_2107,.bak,403.28,25,8,22
FILE_2108,.docx,616.4,89,21,31
FILE_2109,.png,429.7,131,9,48
FILE_2110,.zip,237.78,71,11,39
FILE_2111,.docx,416.46,83,23,35
FILE_2112,.zip,554.38,86,6,26
FILE_2113,.png,337.08,85,27,26
FILE_2114,.log,405.7,154,20,6
FILE_2115,.bak,370.8,169,13,42
FILE_2116,.log,204.37,157,7,31
FILE_2117,.docx,306.37,138,2,33
FILE_2118,.log,480.9,66,30,7
FILE_2119,.log,498.71,79,13,44
FILE_2120,.png,298.17,48,9,30
FILE_2121,.docx,538.71,147,17,28
FILE_2122,.docx,491.93,21,17,25
FILE_2123,.docx,505.05,10,2,21
FILE_2124,.zip,532.7,42,9,8
FILE_2125,.pdf,212.37,58,6,17
FILE_2126,.docx,167.5,103,30,37
FILE_2127,.pdf,287.59,96,15,19
FILE_2128,.pdf,169.89,156,28,41
FILE_2129,.docx,182.64,16,13,37
FILE_2130,.zip,393.14,37,14,48
FILE_2131,.tmp,299.06,39,17,12
FILE_2132,.docx,430.63,105,12,38
FILE_2133,.zip,245.3,143,15,20
FILE_2134,.png,750.33,34,4,13
FILE_2135,.bak,297.33,153,13,48
FILE_2136,.xlsx,268.0,29,18,38
FILE_2137,.zip,546.42,76,4,31
FILE_2138,.pdf,89.53,109,6,16
FILE_2139,.xlsx,556.96,155,13,5
FILE_2140,.bak,256.13,134,16,46
FILE_2141,.pdf,439.73,155,14,38
FILE_2142,.tmp,474.31,143,12,22
FILE_2143,.png,432.7,105,3,38
FILE_2144,.xlsx,261.57,35,28,37
FILE_2145,.png,439.03,83,22,36
FILE_2146,.bak,662.17,153,26,28
FILE_2147,.pdf,796.96,107,13,32
FILE_2148,.bak,590.36,58,29,35
FILE_2149,.pdf,86.17,35,5,36
FILE_2150,.bak,64.65,160,7,9
FILE_2151,.pdf,124.19,142,8,15
FILE_2152,.log,762.47,127,19,12
FILE_2153,.xlsx,239.14,113,1,10
FILE_2154,.bak,108.36,24,4,39
FILE_2155,.png,574.83,98,1,42
FILE_2156,.docx,462.92,173,15,34
FILE_2157,.bak,435.75,169,13,25
FILE_2158,.bak,306.04,23,23,11
FILE_2159,.bak,128.49,37,13,28
FILE_2160,.xlsx,637.04,62,29,33
FILE_2161,.tmp,746.52,16,3,25
FILE_2162,.pdf,646.7,91,29,10
FILE_2163,.bak,324.29,70,12,32
FILE_2164,.tmp,772.08,58,28,6
FILE_2165,.zip,487.87,137,19,39
FILE_2166,.bak,750.48,107,15,18
FILE_2167,.zip,362.65,144,0,9
FILE_2168,.docx,623.99,27,18,25
FILE_2169,.log,569.48,23,6,13
FILE_2170,.pdf,262.44,162,21,39
FILE_2171,.docx,693.57,74,28,50
FILE_2172,.log,383.56,179,15,7
FILE_2173,.tmp,794.62,137,8,47
FILE_2174,.docx,785.62,83,21,38
FILE_2175,.pdf,447.89,86,25,41
FILE_2176,.docx,428.2,143,15,37
FILE_2177,.pdf,660.42,158,20,18
FILE_2178,.xlsx,181.59,123,19,46
FILE_2179,.bak,552.87,105,27,18
FILE_2180,.pdf,401.59,95,1,28
FILE_2181,.png,544.77,124,0,19
FILE_2182,.zip,671.94,101,28,20
FILE_2183,.zip,613.3,143,24,6
FILE_2184,.docx,572.2,133,20,47
FILE_2185,.tmp,751.15,21,16,15
FILE_2186,.xlsx,681.44,172,0,28
FILE_2187,.docx,545.33,11,7,15
FILE_2188,.tmp,226.7,61,19,44
FILE_2189,.bak,342.45,30,30,14
FILE_2190,.log,775.74,84,0,50
FILE_2191,.bak,571.99,164,16,23
FILE_2192,.pdf,599.3,135,29,21
FILE_2193,.docx,670.72,151,7,37
FILE_2194,.zip,796.25,105,22,28
FILE_2195,.xlsx,766.53,91,14,13
FILE_2196,.tmp,585.62,105,17,25
FILE_2197,.log,504.9,103,27,21
FILE_2198,.png,795.76,90,13,28
FILE_2199,.xlsx,596.49,150,21,15
FILE_2200,.bak,149.67,55,26,42
FILE_2201,.xlsx,264.06,65,12,39
FILE_2202,.tmp,249.12,14,2,27
FILE_2203,.xlsx,274.01,52,19,40
FILE_2204,.xlsx,759.69,55,11,48
FILE_2205,.zip,53.39,76,23,15
FILE_2206,.xlsx,633.66,132,2,9
FILE_2207,.pdf,564.85,20,20,45
FILE_2208,.tmp,438.47,157,2,11
FILE_2209,.pdf,423.67,151,5,5
FILE_2210,.docx,131.47,58,9,50
FILE_2211,.pdf,576.17,88,13,15
FILE_2212,.log,599.98,52,21,44
FILE_2213,.log,797.16,167,19,36
FILE_2214,.docx,285.23,156,15,45
FILE_2215,.log,740.76,124,20,29
FILE_2216,.zip,181.89,139,27,12
FILE_2217,.xlsx,354.83,47,25,11
FILE_2218,.tmp,108.77,37,21,40
FILE_2219,.zip,775.3,178,30,28
FILE_2220,.zip,466.24,84,23,49
FILE_2221,.png,143.39,132,25,43
FILE_2222,.pdf,424.35,177,6,26
FILE_2223,.zip,300.13,162,17,33
FILE_2224,.log,125.27,125,10,10
FILE_2225,.docx,133.36,85,26,20
FILE_2226,.log,675.99,149,5,29
FILE_2227,.docx,241.62,131,19,21
FILE_2228,.tmp,199.87,122,7,34
FILE_2229,.tmp,738.73,108,0,9
FILE_2230,.zip,168.26,30,12,30
FILE_2231,.xlsx,446.46,136,15,46
FILE_2232,.pdf,617.2,62,9,19
FILE_2233,.pdf,588.53,118,11,41
FILE_2234,.docx,82.89,110,0,11
FILE_2235,.png,494.0,60,0,49
FILE_2236,.xlsx,737.85,157,4,13
FILE_2237,.png,473.35,60,30,38
FILE_2238,.png,197.57,24,2,41
FILE_2239,.pdf,451.35,48,25,8
FILE_2240,.pdf,419.6,79,16,22
FILE_2241,.docx,621.95,74,12,35
FILE_2242,.xlsx,284.87,164,4,10
FILE_2243,.zip,670.75,124,1,21
FILE_2244,.log,406.51,107,18,27
FILE_2245,.pdf,147.21,162,28,16
FILE_2246,.xlsx,633.39,20,8,5
FILE_2247,.bak,126.17,120,29,12
FILE_2248,.bak,380.59,117,3,33
FILE_2249,.zip,617.65,96,15,25
FILE_2250,.docx,756.42,22,0,23
FILE_2251,.log,660.84,148,27,25
FILE_2252,.xlsx,732.36,13,7,14
FILE_2253,.png,591.43,20,12,42
FILE_2254,.xlsx,139.94,78,3,16
FILE_2255,.log,628.35,43,15,49
FILE_2256,.bak,165.53,88,22,42
FILE_2257,.docx,330.31,45,3,5
FILE_2258,.xlsx,698.85,23,14,29
FILE_2259,.tmp,466.7,89,29,38
FILE_2260,.docx,83.62,102,6,22
FILE_2261,.pdf,595.21,114,14,8
FILE_2262,.bak,508.01,176,12,18
FILE_2263,.zip,325.54,88,26,44
FILE_2264,.png,471.93,51,4,16
FILE_2265,.zip,301.92,120,29,46
FILE_2266,.png,481.8,155,1,6
FILE_2267,.bak,638.12,158,8,34
FILE_2268,.tmp,780.16,154,29,14
FILE_2269,.log,165.02,28,15,41
FILE_2270,.tmp,415.5,158,30,26
FILE_2271,.png,215.76,18,10,50
FILE_2272,.zip,174.4,21,0,22
FILE_2273,.xlsx,190.81,175,17,29
FILE_2274,.bak,375.66,96,8,46
FILE_2275,.pdf,778.69,38,28,29
FILE_2276,.bak,749.52,132,15,14
FILE_2277,.tmp,244.52,46,9,33
FILE_2278,.tmp,378.12,21,2,44
FILE_2279,.xlsx,308.23,128,20,46
FILE_2280,.log,273.07,17,6,9
FILE_2281,.zip,570.5,114,20,5
FILE_2282,.png,650.06,178,5,49
FILE_2283,.pdf,59.09,44,3,17
FILE_2284,.bak,314.88,67,11,29
FILE_2285,.zip,713.75,145,4,8
FILE_2286,.png,669.23,131,14,48
FILE_2287,.pdf,183.47,55,22,12
FILE_2288,.xlsx,362.61,143,27,14
FILE_2289,.docx,523.74,20,7,9
FILE_2290,.pdf,150.17,77,27,30
FILE_2291,.png,473.09,101,5,17
FILE_2292,.xlsx,244.25,98,18,47
FILE_2293,.xlsx,132.23,84,23,10
FILE_2294,.zip,59.58,109,29,15
FILE_2295,.xlsx,642.94,133,11,15
FILE_2296,.bak,776.14,172,17,20
FILE_2297,.docx,693.92,83,27,29
FILE_2298,.xlsx,268.48,101,20,5
FILE_2299,.pdf,729.14,154,9,42
FILE_2300,.tmp,786.4,122,3,11
FILE_2301,.docx,739.92,105,22,7
FILE_2302,.bak,387.07,164,19,33
FILE_2303,.pdf,168.13,90,9,35
FILE_2304,.pdf,266.99,24,9,14
FILE_2305,.log,161.04,95,8,22
FILE_2306,.pdf,712.92,19,12,40
FILE_2307,.png,580.41,46,20,10
FILE_2308,.xlsx,793.16,33,28,30
FILE_2309,.zip,684.54,161,2,41
FILE_2310,.png,744.89,39,14,8
FILE_2311,.bak,287.89,174,5,18
FILE_2312,.docx,109.59,58,28,49
FILE_2313,.pdf,397.73,113,0,15
FILE_2314,.docx,488.78,152,21,42
FILE_2315,.zip,283.59,134,1,24
FILE_2316,.log,660.17,55,14,9
FILE_2317,.bak,632.32,63,0,50
FILE_2318,.xlsx,671.77,15,3,46
FILE_2319,.docx,282.1,127,17,32
FILE_2320,.docx,228.86,144,27,27
FILE_2321,.tmp,225.34,25,5,33
FILE_2322,.bak,762.32,159,1,35
FILE_2323,.bak,671.94,20,13,39
FILE_2324,.xlsx,213.12,58,0,12
FILE_2325,.png,774.39,108,9,27
FILE_2326,.xlsx,111.63,53,14,28
FILE_2327,.xlsx,363.74,28,1,12
FILE_2328,.docx,146.45,37,23,19
FILE_2329,.zip,457.13,116,20,38
FILE_2330,.bak,230.7,102,24,12
FILE_2331,.docx,489.39,100,21,19
FILE_2332,.tmp,370.77,139,24,17
FILE_2333,.pdf,312.24,169,1,26
FILE_2334,.pdf,533.27,120,21,9
FILE_2335,.png,182.86,75,21,14
FILE_2336,.bak,282.43,103,12,29
FILE_2337,.bak,135.39,41,13,28
FILE_2338,.tmp,287.9,117,1,21
FILE_2339,.docx,598.63,146,19,21
FILE_2340,.pdf,669.71,120,16,23
FILE_2341,.png,381.71,64,17,31
FILE_2342,.pdf,487.92,82,11,25
FILE_2343,.xlsx,712.55,74,5,21
FILE_2344,.log,545.56,26,3,19
FILE_2345,.docx,484.51,30,25,14
FILE_2346,.bak,172.82,140,27,32
FILE_2347,.zip,224.54,111,1,35
FILE_2348,.pdf,116.18,162,0,11
FILE_2349,.zip,283.13,97,13,21
FILE_2350,.docx,671.93,87,18,39
FILE_2351,.log,755.12,125,1,31
FILE_2352,.tmp,321.33,20,18,38
FILE_2353,.png,514.2,130,29,19
FILE_2354,.log,425.76,54,3,31
FILE_2355,.tmp,130.75,13,2,11
FILE_2356,.tmp,347.46,163,14,30
FILE_2357,.xlsx,666.46,68,10,16
FILE_2358,.log,610.05,156,15,39
FILE_2359,.png,108.41,56,23,14
FILE_2360,.docx,753.77,177,2,31
FILE_2361,.bak,388.77,44,27,50
FILE_2362,.png,171.9,113,29,16
FILE_2363,.pdf,282.07,72,8,22
FILE_2364,.tmp,486.09,16,13,15
FILE_2365,.docx,375.22,148,20,24
FILE_2366,.tmp,681.34,161,17,5
FILE_2367,.bak,386.08,60,9,12
FILE_2368,.docx,222.96,41,25,15
FILE_2369,.zip,449.64,108,3,38
FILE_2370,.xlsx,486.79,87,0,46
FILE_2371,.log,797.63,139,23,26
FILE_2372,.pdf,193.64,126,4,5
FILE_2373,.docx,500.13,137,2,19
FILE_2374,.docx,690.81,38,15,17
FILE_2375,.pdf,760.6,49,27,34
FILE_2376,.docx,110.52,70,30,44
FILE_2377,.png,374.48,156,12,11
FILE_2378,.docx,129.89,45,10,14
FILE_2379,.zip,206.38,27,20,37
FILE_2380,.png,766.01,123,12,33
FILE_2381,.log,356.52,132,16,28
FILE_2382,.pdf,457.88,127,21,11
FILE_2383,.bak,461.44,118,23,41
FILE_2384,.docx,781.84,178,3,41
FILE_2385,.bak,333.81,70,27,32
FILE_2386,.zip,541.78,179,19,22
FILE_2387,.xlsx,499.56,64,24,26
FILE_2388,.tmp,196.84,86,12,39
FILE_2389,.bak,589.61,145,18,40
FILE_2390,.zip,156.16,57,18,15
FILE_2391,.png,298.11,76,29,27
FILE_2392,.bak,697.51,150,24,25
FILE_2393,.zip,443.38,72,26,33
FILE_2394,.bak,260.25,30,8,23
FILE_2395,.png,754.81,95,24,30
FILE_2396,.docx,647.2,159,18,19
FILE_2397,.zip,407.79,50,4,41
FILE_2398,.png,97.96,17,2,41
FILE_2399,.tmp,585.83,118,10,46
FILE_2400,.pdf,156.51,83,24,50
FILE_2401,.xlsx,616.65,47,11,47
FILE_2402,.xlsx,303.33,114,25,8
FILE_2403,.xlsx,365.45,108,17,18
FILE_2404,.xlsx,638.6,46,22,49
FILE_2405,.bak,286.05,121,24,49
FILE_2406,.bak,642.62,169,7,32
FILE_2407,.docx,311.14,113,9,35
FILE_2408,.tmp,780.78,145,21,30
FILE_2409,.png,178.52,21,12,34
FILE_2410,.docx,749.36,72,3,31
FILE_2411,.tmp,365.7,76,18,7
FILE_2412,.log,179.07,78,4,45
FILE_2413,.bak,546.44,140,9,11
FILE_2414,.tmp,177.47,135,30,29
FILE_2415,.png,142.13,33,7,27
FILE_2416,.png,82.07,76,29,41
FILE_2417,.docx,598.99,70,6,13
FILE_2418,.zip,424.86,140,10,27
FILE_2419,.bak,430.33,13,5,41
FILE_2420,.tmp,552.02,126,18,29
FILE_2421,.tmp,507.23,101,22,46
FILE_2422,.png,312.68,152,3,5
FILE_2423,.xlsx,406.86,166,21,31
FILE_2424,.pdf,726.74,130,19,42
FILE_2425,.tmp,60.79,11,9,50
FILE_2426,.log,702.79,123,26,7
FILE_2427,.log,167.28,164,15,15
FILE_2428,.bak,63.88,14,12,34
FILE_2429,.png,730.26,36,1,29
FILE_2430,.zip,498.33,120,9,35
FILE_2431,.pdf,453.73,54,0,32
FILE_2432,.xlsx,650.67,78,22,18
FILE_2433,.png,70.0,107,6,15
FILE_2434,.pdf,523.97,119,10,48
FILE_2435,.png,358.24,28,8,18
FILE_2436,.xlsx,482.75,106,26,40
FILE_2437,.tmp,684.06,152,25,38
FILE_2438,.pdf,515.91,61,1,48
FILE_2439,.zip,228.2,41,25,8
FILE_2440,.png,469.3,95,27,47
FILE_2441,.bak,678.63,51,27,27
FILE_2442,.png,430.33,16,7,50
FILE_2443,.docx,423.33,91,15,36
FILE_2444,.png,685.48,67,19,10
FILE_2445,.zip,499.77,54,19,46
FILE_2446,.zip,669.4,133,25,12
FILE_2447,.zip,682.28,96,2,7
FILE_2448,.xlsx,108.36,165,12,5
FILE_2449,.log,632.18,62,30,25
FILE_2450,.pdf,300.87,70,2,10
FILE_2451,.docx,333.44,105,24,44
FILE_2452,.log,289.31,115,17,17
FILE_2453,.pdf,687.85,175,30,9
FILE_2454,.tmp,537.87,98,29,13
FILE_2455,.log,221.5,164,30,23
FILE_2456,.png,334.81,26,22,24
FILE_2457,.log,595.51,23,22,23
FILE_2458,.bak,596.27,164,3,28
FILE_2459,.zip,560.62,109,27,6
FILE_2460,.zip,678.91,165,24,31
FILE_2461,.tmp,142.1,74,15,33
FILE_2462,.pdf,356.03,54,12,19
FILE_2463,.xlsx,84.77,100,12,12
FILE_2464,.png,138.77,63,29,16
FILE_2465,.docx,171.01,40,11,23
FILE_2466,.zip,350.07,19,10,29
FILE_2467,.bak,609.36,149,4,41
FILE_2468,.xlsx,736.83,59,22,35
FILE_2469,.tmp,248.38,116,27,7
FILE_2470,.xlsx,293.86,68,3,14
FILE_2471,.zip,159.48,24,5,23
FILE_2472,.log,261.5,174,11,34
FILE_2473,.pdf,471.27,92,4,34
FILE_2474,.png,735.24,43,20,22
FILE_2475,.log,98.98,126,11,31
FILE_2476,.tmp,105.32,62,8,6
FILE_2477,.zip,90.1,153,23,31
FILE_2478,.docx,385.46,127,23,50
FILE_2479,.xlsx,393.17,88,24,37
FILE_2480,.docx,126.82,58,7,7
FILE_2481,.zip,134.07,160,10,33
FILE_2482,.pdf,198.87,142,3,39
FILE_2483,.png,148.4,46,6,41
FILE_2484,.png,772.59,46,12,42
FILE_2485,.zip,391.15,95,16,47
FILE_2486,.bak,716.12,39,2,7
FILE_2487,.pdf,385.67,40,15,43
FILE_2488,.log,795.95,35,12,32
FILE_2489,.tmp,406.46,131,7,17
FILE_2490,.zip,480.53,30,30,47
FILE_2491,.tmp,683.41,156,3,43
FILE_2492,.png,314.88,28,22,36
FILE_2493,.zip,388.66,84,11,28
FILE_2494,.docx,235.66,77,7,16
FILE_2495,.tmp,549.4,38,29,35
FILE_2496,.bak,50.7,51,2,30
FILE_2497,.pdf,588.32,40,1,16
FILE_2498,.docx,315.34,11,4,24
FILE_2499,.bak,339.1,48,20,35
FILE_2500,.tmp,617.88,112,1,10
FILE_2501,.bak,464.19,134,26,22
FILE_2502,.tmp,353.66,20,15,28
FILE_2503,.log,129.68,37,30,12
FILE_2504,.docx,660.32,127,30,5
FILE_2505,.zip,673.97,37,13,18
FILE_2506,.zip,194.19,97,10,34
FILE_2507,.log,348.74,12,7,27
FILE_2508,.log,547.14,118,9,49
FILE_2509,.bak,291.55,75,25,39
FILE_2510,.log,388.93,39,27,44
FILE_2511,.log,540.96,102,28,43
FILE_2512,.docx,146.97,76,25,14
FILE_2513,.log,545.1,126,12,15
FILE_2514,.png,468.37,82,27,25
FILE_2515,.xlsx,692.09,77,6,12
FILE_2516,.xlsx,231.76,176,5,23
FILE_2517,.bak,164.77,72,23,43
FILE_2518,.xlsx,143.98,159,2,41
FILE_2519,.bak,273.76,150,10,37
FILE_2520,.zip,320.2,62,28,22
FILE_2521,.zip,546.1,167,23,26
FILE_2522,.png,787.19,159,22,26
FILE_2523,.zip,594.08,87,11,31
FILE_2524,.pdf,223.73,134,26,7
FILE_2525,.png,526.76,72,8,41
FILE_2526,.docx,661.44,129,22,32
FILE_2527,.log,242.75,87,27,29
FILE_2528,.log,494.89,126,13,42
FILE_2529,.pdf,206.09,70,27,43
FILE_2530,.xlsx,353.53,109,29,21
FILE_2531,.bak,752.45,29,11,28
FILE_2532,.tmp,774.05,104,28,16
FILE_2533,.docx,646.66,71,14,23
FILE_2534,.zip,283.3,96,11,18
FILE_2535,.docx,100.97,11,11,39
FILE_2536,.pdf,118.86,73,22,45
FILE_2537,.log,789.19,140,7,18
FILE_2538,.zip,549.36,59,17,49
FILE_2539,.docx,317.34,93,8,25
FILE_2540,.log,380.61,96,21,17
FILE_2541,.log,647.96,80,16,50
FILE_2542,.png,789.94,73,28,36
FILE_2543,.tmp,62.29,93,26,19
FILE_2544,.bak,199.41,180,12,18
FILE_2545,.xlsx,717.54,153,18,11
FILE_2546,.tmp,311.47,120,7,7
FILE_2547,.docx,175.09,149,14,23
FILE_2548,.docx,312.73,22,0,11
FILE_2549,.xlsx,149.5,119,2,5
FILE_2550,.bak,763.96,58,18,26
FILE_2551,.zip,371.43,96,10,32
FILE_2552,.pdf,258.11,115,23,50
FILE_2553,.png,387.69,171,2,17
FILE_2554,.png,210.54,136,30,45
FILE_2555,.png,459.13,89,24,20
FILE_2556,.docx,587.31,170,3,27
FILE_2557,.bak,108.33,80,1,46
FILE_2558,.log,793.03,61,1,9
FILE_2559,.bak,445.91,58,21,37
FILE_2560,.png,395.5,69,15,48
FILE_2561,.png,120.3,136,4,8
FILE_2562,.docx,396.48,167,27,32
FILE_2563,.png,214.56,85,24,45
FILE_2564,.png,214.9,76,27,9
FILE_2565,.log,770.7,26,14,33
FILE_2566,.log,684.03,47,25,42
FILE_2567,.png,172.4,63,19,7
FILE_2568,.bak,101.72,123,4,8
FILE_2569,.xlsx,100.89,161,12,30
FILE_2570,.zip,486.88,136,12,41
FILE_2571,.log,422.21,56,24,36
FILE_2572,.pdf,383.85,88,28,10
FILE_2573,.docx,651.96,104,25,17
FILE_2574,.log,411.89,80,20,43
FILE_2575,.bak,579.6,79,15,25
FILE_2576,.pdf,389.43,69,0,34
FILE_2577,.docx,279.35,136,7,28
FILE_2578,.png,723.82,68,19,25
FILE_2579,.xlsx,219.84,179,5,36
FILE_2580,.pdf,754.82,62,16,15
FILE_2581,.zip,701.41,31,0,10
FILE_2582,.zip,558.48,118,3,29
FILE_2583,.zip,631.03,89,14,43
FILE_2584,.log,570.96,177,25,48
FILE_2585,.bak,349.07,178,24,17
FILE_2586,.tmp,588.69,76,29,41
FILE_2587,.docx,693.24,122,5,35
FILE_2588,.docx,243.98,126,14,21
FILE_2589,.tmp,569.65,177,4,10
FILE_2590,.xlsx,741.51,173,12,6
FILE_2591,.log,764.38,139,10,13
FILE_2592,.docx,501.87,121,17,43
FILE_2593,.xlsx,241.75,17,3,49
FILE_2594,.zip,699.41,77,22,6
FILE_2595,.pdf,511.01,84,2,13
FILE_2596,.bak,718.96,10,10,48
FILE_2597,.pdf,543.43,114,11,8
FILE_2598,.xlsx,227.04,89,24,8
FILE_2599,.zip,250.13,57,5,16
FILE_2600,.log,512.71,156,8,41
FILE_2601,.pdf,714.41,15,8,25
FILE_2602,.xlsx,165.4,57,8,38
FILE_2603,.docx,51.6,131,16,20
FILE_2604,.log,189.97,160,7,21
FILE_2605,.bak,395.44,149,1,7
FILE_2606,.zip,348.63,126,24,40
FILE_2607,.zip,745.52,125,26,50
FILE_2608,.log,389.55,62,22,23
FILE_2609,.xlsx,114.25,59,12,31
FILE_2610,.xlsx,301.98,23,14,7
FILE_2611,.log,294.97,48,10,12
FILE_2612,.pdf,399.88,71,17,42
FILE_2613,.docx,686.88,108,12,33
FILE_2614,.zip,429.9,96,23,38
FILE_2615,.xlsx,684.35,31,8,43
FILE_2616,.tmp,754.52,138,28,24
FILE_2617,.log,703.67,145,8,21
FILE_2618,.bak,288.78,127,1,22
FILE_2619,.docx,254.74,163,13,9
FILE_2620,.log,537.56,29,23,18
FILE_2621,.zip,726.06,176,2,17
FILE_2622,.docx,193.44,15,8,18
FILE_2623,.docx,407.67,143,9,38
FILE_2624,.zip,308.8,53,6,20
FILE_2625,.xlsx,326.38,121,21,19
FILE_2626,.docx,361.12,81,4,31
FILE_2627,.tmp,685.33,174,0,33
FILE_2628,.log,792.57,25,6,32
FILE_2629,.tmp,598.1,137,1,25
FILE_2630,.png,542.62,35,16,25
FILE_2631,.docx,277.54,48,14,39
FILE_2632,.log,171.14,76,6,43
FILE_2633,.bak,286.65,71,17,50
FILE_2634,.bak,695.31,78,25,33
FILE_2635,.log,113.7,14,11,14
FILE_2636,.xlsx,263.74,144,13,28
FILE_2637,.tmp,217.1,131,21,45
FILE_2638,.tmp,251.29,97,22,23
FILE_2639,.pdf,376.14,36,26,28
FILE_2640,.pdf,237.53,132,5,26
FILE_2641,.docx,634.22,44,8,46
FILE_2642,.xlsx,109.06,14,5,19
FILE_2643,.png,715.34,125,4,10
FILE_2644,.tmp,713.34,164,21,42
FILE_2645,.zip,450.53,145,13,16
FILE_2646,.log,169.5,48,26,6
FILE_2647,.xlsx,626.15,179,28,32
FILE_2648,.bak,90.47,145,28,31
FILE_2649,.log,776.03,92,15,27
FILE_2650,.zip,56.2,155,29,31
FILE_2651,.zip,104.42,27,11,37
FILE_2652,.zip,569.59,41,22,33
FILE_2653,.zip,331.69,36,8,9
FILE_2654,.log,293.91,153,5,19
FILE_2655,.bak,366.38,33,6,46
FILE_2656,.bak,136.01,75,11,11
FILE_2657,.tmp,693.79,170,20,34
FILE_2658,.tmp,737.9,98,27,5
FILE_2659,.zip,283.66,33,17,11
FILE_2660,.docx,650.91,138,9,43
FILE_2661,.pdf,240.19,85,16,50
FILE_2662,.zip,764.27,75,28,15
FILE_2663,.png,288.4,72,27,7
FILE_2664,.bak,253.82,153,26,28
FILE_2665,.pdf,257.54,47,2,33
FILE_2666,.tmp,254.38,28,6,47
FILE_2667,.log,323.24,127,18,29
FILE_2668,.zip,489.95,31,11,26
FILE_2669,.zip,79.49,175,2,6
FILE_2670,.tmp,101.79,84,20,35
FILE_2671,.bak,555.11,80,18,5
FILE_2672,.log,274.28,152,22,7
FILE_2673,.log,753.63,66,20,26
FILE_2674,.log,645.83,150,5,17
FILE_2675,.tmp,735.81,136,27,14
FILE_2676,.xlsx,452.9,117,5,23
FILE_2677,.png,371.87,137,27,7
FILE_2678,.png,510.44,71,1,45
FILE_2679,.tmp,739.78,94,0,16
FILE_2680,.bak,536.38,63,8,41
FILE_2681,.zip,205.75,104,6,35
FILE_2682,.xlsx,526.09,145,6,36
FILE_2683,.bak,153.08,95,18,29
FILE_2684,.zip,438.67,93,25,8
FILE_2685,.zip,176.39,52,18,36
FILE_2686,.xlsx,257.25,77,20,40
FILE_2687,.bak,567.8,19,19,34
FILE_2688,.zip,98.35,115,15,30
FILE_2689,.tmp,290.2,125,30,23
FILE_2690,.log,562.18,33,19,9
FILE_2691,.pdf,539.49,140,7,40
FILE_2692,.png,428.48,80,3,12
FILE_2693,.png,709.07,157,25,16
FILE_2694,.bak,613.68,91,0,13
FILE_2695,.tmp,498.63,136,16,49
FILE_2696,.xlsx,555.63,55,20,48
FILE_2697,.docx,297.95,72,5,39
FILE_2698,.xlsx,760.68,37,4,27
FILE_2699,.bak,679.86,76,10,21
FILE_2700,.zip,511.42,56,3,19
FILE_2701,.zip,511.95,19,1,32
FILE_2702,.docx,67.5,101,25,5
FILE_2703,.xlsx,630.7,143,15,48
FILE_2704,.docx,621.29,116,1,37
FILE_2705,.xlsx,169.03,146,20,40
FILE_2706,.docx,244.03,72,28,32
FILE_2707,.tmp,403.95,147,25,8
FILE_2708,.log,441.42,25,6,23
FILE_2709,.pdf,175.24,99,28,43
FILE_2710,.tmp,665.78,111,12,46
FILE_2711,.zip,287.36,149,25,9
FILE_2712,.bak,237.23,82,8,23
FILE_2713,.zip,120.37,172,17,37
FILE_2714,.tmp,143.24,24,7,17
FILE_2715,.zip,417.49,66,23,21
FILE_2716,.png,107.18,144,4,47
FILE_2717,.zip,708.32,71,9,8
FILE_2718,.bak,413.06,49,29,20
FILE_2719,.png,223.05,171,30,15
FILE_2720,.pdf,274.69,55,11,18
FILE_2721,.zip,748.31,85,12,36
FILE_2722,.xlsx,765.81,163,12,23
FILE_2723,.docx,678.63,18,14,7
FILE_2724,.docx,604.28,53,5,35
FILE_2725,.xlsx,600.55,149,11,19
FILE_2726,.zip,720.69,161,6,17
FILE_2727,.log,479.92,71,4,13
FILE_2728,.log,519.73,22,14,36
FILE_2729,.zip,97.18,155,16,23
FILE_2730,.png,196.67,85,23,27
FILE_2731,.tmp,327.11,22,21,27
FILE_2732,.pdf,731.19,127,4,49
FILE_2733,.log,539.82,61,20,45
FILE_2734,.tmp,763.15,138,3,32
FILE_2735,.zip,492.25,158,13,29
FILE_2736,.tmp,90.44,111,22,8
FILE_2737,.zip,322.69,163,3,32
FILE_2738,.zip,687.22,169,3,28
FILE_2739,.png,400.26,103,10,21
FILE_2740,.pdf,241.82,72,25,41
FILE_2741,.bak,486.55,158,10,35
FILE_2742,.pdf,672.44,39,5,32
FILE_2743,.png,387.0,96,4,19
FILE_2744,.xlsx,93.43,26,0,6
FILE_2745,.xlsx,681.12,29,20,37
FILE_2746,.png,674.41,153,13,15
FILE_2747,.pdf,399.37,151,14,17
FILE_2748,.log,139.54,160,30,13
FILE_2749,.pdf,776.01,63,3,45
FILE_2750,.log,558.05,92,4,41
FILE_2751,.bak,517.14,16,5,12
FILE_2752,.png,422.84,172,21,16
FILE_2753,.zip,563.01,153,17,47
FILE_2754,.docx,328.44,145,16,27
FILE_2755,.log,224.89,65,30,16
FILE_2756,.log,795.62,97,23,25
FILE_2757,.pdf,502.76,78,15,9
FILE_2758,.xlsx,724.26,54,25,38
FILE_2759,.bak,700.85,50,27,44
FILE_2760,.bak,420.41,170,22,27
FILE_2761,.bak,397.74,172,29,5
FILE_2762,.pdf,693.87,130,5,47
FILE_2763,.docx,105.79,172,11,34
FILE_2764,.docx,436.08,171,29,37
FILE_2765,.xlsx,715.11,165,3,44
FILE_2766,.pdf,196.36,151,16,19
FILE_2767,.zip,459.86,100,17,9
FILE_2768,.pdf,551.39,116,15,27
FILE_2769,.xlsx,147.63,161,20,9
FILE_2770,.bak,421.77,180,24,43
FILE_2771,.tmp,60.5,126,10,9
FILE_2772,.bak,224.68,86,3,18
FILE_2773,.bak,565.9,174,22,20
FILE_2774,.bak,95.44,112,11,17
FILE_2775,.zip,521.85,55,15,24
FILE_2776,.log,765.7,160,3,11
FILE_2777,.docx,631.02,154,25,50
FILE_2778,.tmp,531.82,158,10,23
FILE_2779,.bak,190.31,29,24,6
FILE_2780,.zip,358.14,169,29,43
FILE_2781,.xlsx,505.65,62,28,21
FILE_2782,.bak,266.39,83,12,43
FILE_2783,.tmp,309.41,151,16,50
FILE_2784,.docx,130.15,133,20,25
FILE_2785,.bak,224.46,99,25,42
FILE_2786,.log,62.2,161,6,31
FILE_2787,.pdf,738.67,97,27,25
FILE_2788,.pdf,689.32,27,12,32
FILE_2789,.docx,538.42,122,4,5
FILE_2790,.pdf,356.34,14,4,49
FILE_2791,.pdf,106.04,146,22,5
FILE_2792,.log,445.28,13,13,18
FILE_2793,.tmp,644.78,131,3,45
FILE_2794,.xlsx,594.2,55,1,6
FILE_2795,.tmp,117.46,119,12,16
FILE_2796,.bak,649.91,108,18,38
FILE_2797,.docx,75.7,116,21,16
FILE_2798,.zip,782.81,125,24,29
FILE_2799,.tmp,388.77,55,1,31
FILE_2800,.log,543.95,88,0,10
FILE_2801,.log,229.72,179,19,47
FILE_2802,.zip,733.02,68,16,25
FILE_2803,.pdf,108.68,130,1,13
FILE_2804,.png,267.47,25,25,6
FILE_2805,.xlsx,204.9,155,3,13
FILE_2806,.log,682.27,27,26,48
FILE_2807,.tmp,266.3,32,30,45
FILE_2808,.pdf,267.68,158,2,23
FILE_2809,.log,201.25,60,1,40
FILE_2810,.tmp,225.69,33,16,40
FILE_2811,.tmp,206.82,140,13,16
FILE_2812,.png,359.6,50,4,47
FILE_2813,.bak,368.39,102,23,37
FILE_2814,.docx,593.66,78,25,47
FILE_2815,.pdf,291.26,159,19,19
FILE_2816,.xlsx,116.5,84,13,23
FILE_2817,.tmp,754.52,124,14,26
FILE_2818,.log,62.23,102,29,19
FILE_2819,.tmp,760.3,55,4,24
FILE_2820,.pdf,633.48,114,21,13
FILE_2821,.pdf,562.13,134,19,9
FILE_2822,.tmp,798.76,170,19,42
FILE_2823,.tmp,427.84,83,15,23
FILE_2824,.bak,88.88,79,25,13
FILE_2825,.tmp,755.76,26,3,46
FILE_2826,.pdf,795.05,11,0,45
FILE_2827,.docx,453.15,30,2,50
FILE_2828,.docx,579.32,134,14,38
FILE_2829,.zip,304.45,102,17,40
FILE_2830,.bak,414.3,114,9,9
FILE_2831,.log,494.44,148,19,10
FILE_2832,.zip,624.12,174,23,14
FILE_2833,.log,694.64,125,30,35
FILE_2834,.png,202.46,163,29,28
FILE_2835,.xlsx,430.53,160,3,31
FILE_2836,.docx,666.31,41,28,30
FILE_2837,.pdf,639.27,127,20,17
FILE_2838,.pdf,712.17,28,11,13
FILE_2839,.bak,415.76,119,29,48
FILE_2840,.pdf,432.47,74,4,46
FILE_2841,.log,678.79,23,11,29
FILE_2842,.docx,163.5,80,7,40
FILE_2843,.xlsx,323.71,91,5,41
FILE_2844,.xlsx,279.9,112,5,41
FILE_2845,.bak,275.31,147,17,23
FILE_2846,.xlsx,434.25,134,30,45
FILE_2847,.zip,600.91,117,30,48
FILE_2848,.log,681.65,30,7,40
FILE_2849,.tmp,545.62,155,24,18
FILE_2850,.log,394.31,174,28,18
FILE_2851,.png,98.79,65,25,38
FILE_2852,.zip,234.89,45,11,14
FILE_2853,.bak,177.74,63,14,45
FILE_2854,.bak,538.33,101,17,15
FILE_2855,.png,610.28,168,28,38
FILE_2856,.pdf,316.87,115,21,42
FILE_2857,.zip,83.93,25,5,10
FILE_2858,.pdf,389.21,16,15,10
FILE_2859,.tmp,155.64,112,29,10
FILE_2860,.log,591.44,83,1,35
FILE_2861,.zip,780.39,20,17,47
FILE_2862,.xlsx,495.88,163,23,7
FILE_2863,.zip,536.48,54,11,18
FILE_2864,.bak,525.52,22,14,38
FILE_2865,.docx,492.97,99,1,33
FILE_2866,.xlsx,465.33,38,25,45
FILE_2867,.tmp,675.92,138,16,36
FILE_2868,.log,143.6,131,25,11
FILE_2869,.zip,409.25,63,24,42
FILE_2870,.log,552.23,122,10,23
FILE_2871,.pdf,673.02,82,11,30
FILE_2872,.xlsx,593.27,86,20,43
FILE_2873,.xlsx,433.85,101,4,40
FILE_2874,.xlsx,441.72,145,22,25
FILE_2875,.pdf,740.12,152,19,36
FILE_2876,.log,277.73,120,1,45
FILE_2877,.xlsx,275.27,33,30,11
FILE_2878,.png,204.12,114,20,15
FILE_2879,.bak,532.89,67,15,15
FILE_2880,.png,323.48,40,0,11
FILE_2881,.pdf,363.71,54,9,35
FILE_2882,.xlsx,78.15,29,1,33
FILE_2883,.log,173.21,97,22,38
FILE_2884,.png,530.16,149,17,24
FILE_2885,.docx,758.79,121,18,47
FILE_2886,.zip,135.42,62,5,5
FILE_2887,.tmp,90.03,15,13,18
FILE_2888,.png,776.83,132,10,25
FILE_2889,.png,135.97,43,0,50
FILE_2890,.docx,91.65,42,17,40
FILE_2891,.docx,399.67,84,17,18
FILE_2892,.pdf,413.4,39,24,9
FILE_2893,.bak,677.08,125,22,8
FILE_2894,.zip,538.64,33,27,38
FILE_2895,.bak,461.07,146,7,39
FILE_2896,.png,570.71,50,30,14
FILE_2897,.tmp,302.16,92,3,30
FILE_2898,.bak,244.65,138,12,47
FILE_2899,.xlsx,199.5,36,22,26
FILE_2900,.docx,482.2,102,22,5
FILE_2901,.tmp,244.05,175,19,46
FILE_2902,.pdf,712.7,97,11,6
FILE_2903,.png,631.49,147,4,32
FILE_2904,.bak,477.48,40,0,20
FILE_2905,.docx,647.92,19,0,18
FILE_2906,.tmp,491.99,77,0,13
FILE_2907,.png,469.01,145,30,19
FILE_2908,.pdf,319.28,24,4,15
FILE_2909,.docx,594.75,121,29,13
FILE_2910,.pdf,495.98,91,24,26
FILE_2911,.xlsx,435.06,47,20,28
FILE_2912,.tmp,687.49,176,5,50
FILE_2913,.pdf,357.66,11,8,12
FILE_2914,.zip,702.02,83,19,13
FILE_2915,.log,778.92,38,5,36
FILE_2916,.xlsx,748.04,174,11,28
FILE_2917,.png,696.83,89,14,8
FILE_2918,.bak,476.23,66,30,40
FILE_2919,.xlsx,224.87,143,16,6
FILE_2920,.xlsx,681.94,53,25,38
FILE_2921,.png,465.14,96,14,43
FILE_2922,.zip,187.76,145,6,27
FILE_2923,.pdf,138.86,147,18,31
FILE_2924,.png,178.21,90,12,42
FILE_2925,.pdf,474.27,119,30,13
FILE_2926,.pdf,416.1,81,11,36
FILE_2927,.docx,264.32,122,28,7
FILE_2928,.pdf,710.46,98,5,15
FILE_2929,.pdf,733.33,175,5,17
FILE_2930,.png,609.18,28,28,16
FILE_2931,.log,412.17,49,1,47
FILE_2932,.bak,540.51,39,27,26
FILE_2933,.zip,308.85,167,24,43
FILE_2934,.xlsx,594.52,53,6,33
FILE_2935,.tmp,90.38,130,3,29
FILE_2936,.xlsx,543.33,166,23,14
FILE_2937,.log,335.71,101,15,21
FILE_2938,.zip,149.56,168,28,48
FILE_2939,.pdf,310.95,25,14,33
FILE_2940,.xlsx,639.07,179,15,19
FILE_2941,.log,88.11,106,3,31
FILE_2942,.pdf,666.79,70,19,41
FILE_2943,.png,397.97,80,2,32
FILE_2944,.bak,705.89,50,29,41
FILE_2945,.pdf,472.88,65,8,18
FILE_2946,.xlsx,782.29,121,6,47
FILE_2947,.pdf,570.27,147,22,13
FILE_2948,.xlsx,425.96,55,22,30
FILE_2949,.tmp,706.18,79,14,20
FILE_2950,.tmp,506.38,90,3,27
FILE_2951,.pdf,250.17,61,17,47
FILE_2952,.docx,496.37,90,15,13
FILE_2953,.docx,706.33,137,16,16
FILE_2954,.bak,784.77,17,12,36
FILE_2955,.png,361.02,22,1,14
FILE_2956,.pdf,518.97,19,8,26
FILE_2957,.docx,329.42,160,13,22
FILE_2958,.zip,51.31,59,4,36
FILE_2959,.log,435.06,134,22,19
FILE_2960,.docx,189.19,87,23,18
FILE_2961,.bak,86.86,59,4,29
FILE_2962,.pdf,759.29,143,25,40
FILE_2963,.xlsx,423.4,111,20,40
FILE_2964,.zip,663.01,18,8,29
FILE_2965,.png,317.18,32,13,33
FILE_2966,.pdf,226.01,49,5,28
FILE_2967,.docx,345.53,18,18,36
FILE_2968,.log,715.09,107,21,22
FILE_2969,.docx,397.1,93,2,6
FILE_2970,.png,544.05,121,7,27
FILE_2971,.xlsx,759.7,25,11,35
FILE_2972,.pdf,527.0,150,21,35
FILE_2973,.zip,625.91,93,22,10
FILE_2974,.log,463.37,39,8,14
FILE_2975,.xlsx,290.04,102,19,35
FILE_2976,.docx,277.85,129,15,48
FILE_2977,.tmp,440.4,91,17,20
FILE_2978,.png,525.22,132,16,23
FILE_2979,.log,694.92,109,2,32
FILE_2980,.pdf,633.53,73,1,26
FILE_2981,.png,572.55,22,18,50
FILE_2982,.pdf,299.99,99,24,14
FILE_2983,.log,369.49,153,8,16
FILE_2984,.bak,692.04,68,13,29
FILE_2985,.png,609.71,58,27,31
FILE_2986,.png,624.34,63,23,18
FILE_2987,.tmp,232.86,17,6,42
FILE_2988,.png,494.34,33,19,49
FILE_2989,.xlsx,266.21,146,13,50
FILE_2990,.png,99.81,57,17,49
FILE_2991,.xlsx,440.76,113,16,43
FILE_2992,.tmp,225.11,80,25,10
FILE_2993,.xlsx,111.75,163,8,41
FILE_2994,.tmp,508.8,65,14,5
FILE_2995,.png,651.39,79,19,37
FILE_2996,.png,652.85,105,30,12
FILE_2997,.bak,684.35,79,17,34
FILE_2998,.png,307.29,119,28,20
FILE_2999,.xlsx,421.51,20,1,13
FILE_3000,.zip,656.4,30,21,11
FILE_3001,.png,251.01,103,11,36
FILE_3002,.xlsx,179.41,146,30,27
FILE_3003,.tmp,647.93,68,2,21
FILE_3004,.docx,721.56,173,22,19
FILE_3005,.bak,647.83,34,30,38
FILE_3006,.zip,397.8,79,18,20
FILE_3007,.zip,51.48,116,15,24
FILE_3008,.xlsx,511.11,66,13,24
FILE_3009,.pdf,587.69,102,0,26
FILE_3010,.docx,641.78,23,9,14
FILE_3011,.docx,673.48,81,24,10
FILE_3012,.png,333.64,74,2,19
FILE_3013,.log,754.49,138,29,24
FILE_3014,.log,167.37,85,30,32
FILE_3015,.bak,522.52,19,3,13
FILE_3016,.bak,553.08,50,0,34
FILE_3017,.zip,212.73,162,19,44
FILE_3018,.tmp,555.15,68,21,18
FILE_3019,.tmp,596.53,56,21,44
FILE_3020,.bak,228.18,157,8,13
FILE_3021,.docx,253.96,33,24,8
FILE_3022,.zip,263.3,139,7,43
FILE_3023,.pdf,621.17,82,29,50
FILE_3024,.log,538.37,147,22,39
FILE_3025,.tmp,191.46,125,6,17
FILE_3026,.log,236.74,42,8,25
FILE_3027,.docx,254.6,154,10,26
FILE_3028,.log,212.46,138,27,41
FILE_3029,.tmp,354.56,96,18,12
FILE_3030,.tmp,306.08,97,24,30
FILE_3031,.bak,687.99,131,22,33
FILE_3032,.pdf,417.25,28,15,10
FILE_3033,.bak,703.08,109,6,36
FILE_3034,.docx,319.28,161,1,49
FILE_3035,.docx,680.51,96,1,6
FILE_3036,.docx,125.07,141,8,47
FILE_3037,.docx,450.45,61,14,17
FILE_3038,.png,574.11,21,20,32
FILE_3039,.zip,492.15,106,1,50
FILE_3040,.docx,757.72,10,1,47
FILE_3041,.log,292.97,72,1,46
FILE_3042,.pdf,101.81,160,0,7
FILE_3043,.pdf,356.12,82,3,40
FILE_3044,.pdf,620.42,84,11,22
FILE_3045,.xlsx,126.02,34,4,49
FILE_3046,.pdf,455.81,129,1,30
FILE_3047,.tmp,547.07,88,13,26
FILE_3048,.zip,699.49,99,27,5
FILE_3049,.docx,182.73,178,26,25
FILE_3050,.zip,466.09,80,28,40
FILE_3051,.xlsx,788.4,89,17,49
FILE_3052,.tmp,204.3,154,15,9
FILE_3053,.png,461.49,160,5,22
FILE_3054,.xlsx,506.07,166,0,15
FILE_3055,.tmp,315.39,103,17,36
FILE_3056,.xlsx,262.92,116,24,27
FILE_3057,.zip,342.94,177,27,25
FILE_3058,.pdf,286.3,106,26,50
FILE_3059,.tmp,682.76,24,12,13
FILE_3060,.log,137.31,130,29,30
FILE_3061,.zip,530.94,18,10,21
FILE_3062,.xlsx,658.19,94,13,22
FILE_3063,.bak,79.7,131,14,28
FILE_3064,.docx,252.7,174,30,30
FILE_3065,.bak,405.43,142,7,30
FILE_3066,.zip,325.68,40,4,43
FILE_3067,.png,594.75,128,16,47
FILE_3068,.log,292.59,17,3,23
FILE_3069,.zip,209.53,165,7,12
FILE_3070,.xlsx,74.99,110,1,23
FILE_3071,.xlsx,265.32,89,6,11
FILE_3072,.zip,398.65,58,6,11
FILE_3073,.png,677.99,94,23,17
FILE_3074,.log,196.69,32,10,8
FILE_3075,.log,538.77,132,29,24
FILE_3076,.png,747.35,143,13,31
FILE_3077,.tmp,322.83,34,14,30
FILE_3078,.docx,79.4,107,11,45
FILE_3079,.docx,219.78,166,0,8
FILE_3080,.pdf,584.2,141,15,27
FILE_3081,.docx,337.06,126,19,13
FILE_3082,.bak,762.25,136,3,38
FILE_3083,.xlsx,663.04,49,30,50
FILE_3084,.xlsx,109.01,158,5,28
FILE_3085,.xlsx,749.68,83,24,6
FILE_3086,.pdf,469.26,51,1,18
FILE_3087,.xlsx,662.6,173,0,21
FILE_3088,.png,253.15,60,22,36
FILE_3089,.zip,453.33,45,16,15
FILE_3090,.bak,645.22,66,13,50
FILE_3091,.tmp,658.28,34,5,19
FILE_3092,.docx,444.75,162,11,48
FILE_3093,.log,139.39,81,29,10
FILE_3094,.log,614.87,144,5,39
FILE_3095,.pdf,792.65,97,11,41
FILE_3096,.xlsx,775.42,112,0,27
FILE_3097,.zip,134.46,162,23,34
FILE_3098,.tmp,567.75,113,6,39
FILE_3099,.xlsx,88.19,84,12,48
FILE_3100,.tmp,488.94,96,1,10
FILE_3101,.docx,607.04,97,16,28
FILE_3102,.pdf,585.08,95,6,19
FILE_3103,.tmp,412.9,158,19,27
FILE_3104,.docx,630.43,134,5,22
FILE_3105,.bak,307.07,30,18,33
FILE_3106,.log,756.26,165,9,35
FILE_3107,.tmp,570.52,116,12,12
FILE_3108,.tmp,612.93,143,27,17
FILE_3109,.png,484.55,148,29,23
FILE_3110,.xlsx,434.1,122,2,17
FILE_3111,.png,793.05,128,9,28
FILE_3112,.zip,795.88,78,0,8
FILE_3113,.pdf,594.73,67,2,16
FILE_3114,.pdf,107.39,136,22,12
FILE_3115,.png,606.81,80,3,36
FILE_3116,.pdf,316.75,32,2,41
FILE_3117,.docx,400.57,170,6,47
FILE_3118,.tmp,142.26,123,24,34
FILE_3119,.png,372.71,28,16,35
FILE_3120,.tmp,315.53,124,7,44
FILE_3121,.tmp,757.97,146,21,25
FILE_3122,.docx,88.02,45,27,37
FILE_3123,.xlsx,638.61,70,5,46
FILE_3124,.log,610.61,81,13,37
FILE_3125,.docx,176.83,121,15,6
FILE_3126,.zip,246.03,178,18,9
FILE_3127,.log,210.79,78,11,47
FILE_3128,.log,668.65,133,15,50
FILE_3129,.docx,76.55,70,25,24
FILE_3130,.log,353.82,100,20,11
FILE_3131,.xlsx,361.67,159,7,33
FILE_3132,.docx,572.8,22,11,35
FILE_3133,.zip,424.53,92,1,9
FILE_3134,.xlsx,346.75,15,12,21
FILE_3135,.docx,429.97,105,10,27
FILE_3136,.xlsx,404.65,153,2,7
FILE_3137,.pdf,79.43,108,10,28
FILE_3138,.png,166.41,11,10,34
FILE_3139,.docx,538.86,154,16,35
FILE_3140,.log,731.32,106,7,13
FILE_3141,.pdf,663.18,132,18,11
FILE_3142,.log,237.2,50,8,24
FILE_3143,.xlsx,161.66,118,7,34
FILE_3144,.xlsx,145.55,13,0,50
FILE_3145,.zip,626.79,20,15,50
FILE_3146,.png,227.66,109,2,32
FILE_3147,.png,752.37,105,1,36
FILE_3148,.bak,644.9,16,8,25
FILE_3149,.xlsx,609.77,67,10,49
FILE_3150,.log,778.38,167,29,30
FILE_3151,.log,682.82,159,23,13
FILE_3152,.log,347.23,28,22,34
FILE_3153,.pdf,227.51,22,16,37
FILE_3154,.docx,233.47,100,15,11
FILE_3155,.xlsx,296.47,15,14,39
FILE_3156,.zip,421.95,178,26,12
FILE_3157,.log,697.48,151,27,44
FILE_3158,.xlsx,185.24,48,25,36
FILE_3159,.pdf,451.55,31,3,16
FILE_3160,.log,749.19,60,4,33
FILE_3161,.log,594.99,49,10,47
FILE_3162,.log,187.34,86,4,14
FILE_3163,.tmp,604.24,120,11,40
FILE_3164,.bak,766.82,129,13,38
FILE_3165,.png,754.25,109,9,26
FILE_3166,.pdf,172.75,153,17,40
FILE_3167,.pdf,325.46,142,2,50
FILE_3168,.log,500.36,22,22,7
FILE_3169,.zip,252.37,111,20,25
FILE_3170,.docx,481.61,53,21,13
FILE_3171,.zip,521.66,169,1,33
FILE_3172,.pdf,183.04,39,30,36
FILE_3173,.xlsx,67.63,23,23,34
FILE_3174,.bak,82.15,66,6,7
FILE_3175,.png,228.48,110,19,20
FILE_3176,.png,384.4,123,20,50
FILE_3177,.zip,148.71,87,2,9
FILE_3178,.pdf,749.8,94,22,17
FILE_3179,.zip,108.93,177,27,31
FILE_3180,.pdf,604.6,38,17,21
FILE_3181,.zip,266.23,123,27,32
FILE_3182,.png,739.72,73,8,6
FILE_3183,.docx,102.3,76,1,35
FILE_3184,.png,266.77,34,22,27
FILE_3185,.log,113.96,50,4,43
FILE_3186,.docx,695.02,108,23,46
FILE_3187,.tmp,722.44,19,18,24
FILE_3188,.png,472.78,47,29,33
FILE_3189,.zip,65.27,154,18,47
FILE_3190,.log,137.34,77,14,46
FILE_3191,.zip,443.49,175,14,29
FILE_3192,.zip,200.41,72,12,26
FILE_3193,.xlsx,744.9,27,24,7
FILE_3194,.xlsx,173.1,87,4,13
FILE_3195,.zip,711.48,112,20,7
FILE_3196,.zip,257.92,27,18,46
FILE_3197,.xlsx,187.41,21,6,34
FILE_3198,.bak,547.09,43,2,14
FILE_3199,.png,485.99,26,26,41
FILE_3200,.docx,600.61,18,18,42
FILE_3201,.log,200.79,42,14,32
FILE_3202,.pdf,435.02,21,9,7
FILE_3203,.log,376.45,168,5,21
FILE_3204,.tmp,453.1,132,9,30
FILE_3205,.zip,485.29,102,2,12
FILE_3206,.docx,579.04,74,22,42
FILE_3207,.xlsx,547.64,44,15,27
FILE_3208,.tmp,277.86,22,8,8
FILE_3209,.log,390.75,152,16,32
FILE_3210,.png,704.28,76,24,10
FILE_3211,.png,531.63,89,29,44
FILE_3212,.bak,718.83,152,6,19
FILE_3213,.docx,393.48,84,22,34
FILE_3214,.xlsx,607.7,25,9,28
FILE_3215,.docx,756.93,72,23,45
FILE_3216,.log,786.38,87,9,9
FILE_3217,.bak,525.21,66,28,26
FILE_3218,.xlsx,154.45,28,20,13
FILE_3219,.bak,473.04,128,16,40
FILE_3220,.bak,456.7,133,3,10
FILE_3221,.log,541.94,104,0,19
FILE_3222,.pdf,297.83,61,5,38
FILE_3223,.bak,453.41,60,23,17
FILE_3224,.zip,613.4,52,18,38
FILE_3225,.tmp,474.12,49,26,48
FILE_3226,.bak,263.43,169,27,17
FILE_3227,.pdf,189.22,118,7,40
FILE_3228,.tmp,157.48,57,6,34
FILE_3229,.docx,705.76,89,16,38
FILE_3230,.docx,338.1,39,28,23
FILE_3231,.tmp,443.94,135,1,15
FILE_3232,.bak,546.72,13,8,41
FILE_3233,.pdf,440.9,102,12,30
FILE_3234,.png,526.94,14,1,12
FILE_3235,.docx,308.49,94,10,5
FILE_3236,.log,240.94,20,17,45
FILE_3237,.tmp,459.28,112,24,15
FILE_3238,.docx,697.64,21,1,50
FILE_3239,.pdf,750.96,86,12,36
FILE_3240,.docx,394.37,105,15,25
FILE_3241,.tmp,496.04,144,13,14
FILE_3242,.docx,359.42,114,6,27
FILE_3243,.log,464.38,92,30,33
FILE_3244,.pdf,303.77,166,23,20
FILE_3245,.zip,773.59,170,29,13
FILE_3246,.tmp,629.77,165,23,28
FILE_3247,.pdf,372.64,179,27,6
FILE_3248,.docx,623.83,166,0,46
FILE_3249,.docx,108.48,36,10,28
FILE_3250,.xlsx,73.3,69,5,8
FILE_3251,.tmp,342.66,97,9,11
FILE_3252,.zip,165.02,146,12,20
FILE_3253,.pdf,220.22,145,9,41
FILE_3254,.log,57.44,156,26,39
FILE_3255,.docx,296.65,87,18,29
FILE_3256,.xlsx,327.9,118,22,6
FILE_3257,.zip,688.31,125,20,31
FILE_3258,.docx,439.95,16,6,23
FILE_3259,.bak,627.41,143,6,42
FILE_3260,.png,776.0,166,20,31
FILE_3261,.pdf,672.91,11,5,26
FILE_3262,.bak,643.57,106,8,44
FILE_3263,.tmp,216.46,27,5,40
FILE_3264,.pdf,670.65,133,28,27
FILE_3265,.zip,602.51,115,27,25
FILE_3266,.docx,265.06,141,16,48
FILE_3267,.zip,496.7,28,15,9
FILE_3268,.png,379.28,57,28,20
FILE_3269,.xlsx,767.85,83,5,17
FILE_3270,.log,175.6,68,18,10
FILE_3271,.tmp,117.16,61,25,27
FILE_3272,.png,655.05,76,21,20
FILE_3273,.png,180.23,71,3,29
FILE_3274,.log,52.82,45,21,21
FILE_3275,.pdf,303.61,120,26,41
FILE_3276,.docx,347.62,177,5,31
FILE_3277,.zip,243.37,75,9,23
FILE_3278,.tmp,693.99,11,2,46
FILE_3279,.log,571.71,86,5,10
FILE_3280,.pdf,391.49,83,21,20
FILE_3281,.png,544.67,142,30,10
FILE_3282,.png,738.27,112,26,38
FILE_3283,.pdf,656.5,24,16,39
FILE_3284,.bak,707.77,65,29,49
FILE_3285,.bak,84.33,148,26,9
FILE_3286,.pdf,673.98,77,6,39
FILE_3287,.tmp,533.41,178,26,10
FILE_3288,.zip,324.24,28,5,27
FILE_3289,.docx,171.68,133,10,30
FILE_3290,.pdf,674.2,25,4,9
FILE_3291,.pdf,341.31,87,7,34
FILE_3292,.zip,284.05,111,1,14
FILE_3293,.tmp,304.58,107,26,18
FILE_3294,.pdf,201.35,168,1,31
FILE_3295,.log,304.56,142,20,8
FILE_3296,.pdf,580.81,32,1,22
FILE_3297,.tmp,323.37,25,17,39
FILE_3298,.zip,50.48,119,29,24
FILE_3299,.png,663.21,110,1,35
FILE_3300,.png,274.07,110,0,26
FILE_3301,.log,758.77,96,8,10
FILE_3302,.bak,308.17,179,4,14
FILE_3303,.docx,618.04,167,4,27
FILE_3304,.png,646.14,155,14,29
FILE_3305,.xlsx,387.67,69,18,41
FILE_3306,.log,729.13,15,3,22
FILE_3307,.log,418.33,79,2,12
FILE_3308,.bak,594.48,67,7,44
FILE_3309,.xlsx,435.87,169,6,8
FILE_3310,.bak,512.51,68,15,26
FILE_3311,.png,50.66,48,19,45
FILE_3312,.bak,552.36,17,16,35
FILE_3313,.png,619.8,26,19,17
FILE_3314,.xlsx,129.56,72,24,22
FILE_3315,.tmp,524.7,143,29,15
FILE_3316,.tmp,265.94,29,21,11
FILE_3317,.tmp,681.77,113,9,41
FILE_3318,.bak,352.69,10,6,10
FILE_3319,.pdf,221.41,130,8,25
FILE_3320,.xlsx,477.66,60,3,29
FILE_3321,.png,75.35,21,11,33
FILE_3322,.docx,317.3,57,13,48
FILE_3323,.zip,321.19,41,28,33
FILE_3324,.docx,282.03,30,1,30
FILE_3325,.log,598.69,161,9,12
FILE_3326,.log,310.54,126,16,23
FILE_3327,.xlsx,741.87,102,19,36
FILE_3328,.tmp,227.81,51,18,48
FILE_3329,.bak,609.5,60,10,20
FILE_3330,.pdf,727.99,140,24,31
FILE_3331,.bak,319.33,18,12,23
FILE_3332,.bak,684.45,133,7,9
FILE_3333,.pdf,470.11,84,13,14
FILE_3334,.xlsx,258.75,57,8,6
FILE_3335,.docx,790.52,80,18,45
FILE_3336,.docx,409.15,61,12,34
FILE_3337,.pdf,275.61,70,24,16
FILE_3338,.png,440.66,116,8,21
FILE_3339,.log,178.18,121,18,49
FILE_3340,.png,423.55,89,25,38
FILE_3341,.docx,336.56,52,4,25
FILE_3342,.pdf,701.68,169,17,17
FILE_3343,.png,234.73,168,24,16
FILE_3344,.xlsx,159.41,86,3,28
FILE_3345,.png,739.66,52,8,40
FILE_3346,.pdf,644.11,102,6,9
FILE_3347,.tmp,246.92,15,1,43
FILE_3348,.log,443.02,31,20,32
FILE_3349,.log,485.84,153,29,33
FILE_3350,.tmp,364.91,60,2,47
FILE_3351,.pdf,211.43,86,27,35
FILE_3352,.xlsx,333.58,129,12,26
FILE_3353,.tmp,641.29,110,27,22
FILE_3354,.pdf,716.2,33,13,36
FILE_3355,.bak,201.69,95,15,27
FILE_3356,.tmp,264.22,113,18,20
FILE_3357,.zip,596.13,115,11,37
FILE_3358,.xlsx,315.51,174,26,48
FILE_3359,.xlsx,527.87,44,26,39
FILE_3360,.zip,665.7,102,3,16
FILE_3361,.log,579.57,42,24,44
FILE_3362,.xlsx,354.37,76,0,21
FILE_3363,.docx,383.88,48,14,28
FILE_3364,.xlsx,292.38,153,1,18
FILE_3365,.tmp,523.0,128,9,24
FILE_3366,.zip,338.32,76,8,43
FILE_3367,.bak,515.35,84,27,40
FILE_3368,.log,126.76,41,19,5
FILE_3369,.xlsx,600.96,113,5,5
FILE_3370,.pdf,629.36,58,18,37
FILE_3371,.pdf,295.88,48,27,15
FILE_3372,.bak,579.7,149,29,9
FILE_3373,.log,316.79,78,3,17
FILE_3374,.xlsx,354.5,28,19,32
FILE_3375,.bak,146.69,47,12,18
FILE_3376,.pdf,432.28,159,18,9
FILE_3377,.png,730.01,116,0,7
FILE_3378,.zip,381.29,12,6,25
FILE_3379,.tmp,756.45,149,18,7
FILE_3380,.log,513.7,155,22,8
FILE_3381,.log,694.17,153,7,6
FILE_3382,.docx,122.84,79,19,37
FILE_3383,.xlsx,679.65,55,5,46
FILE_3384,.tmp,439.51,86,24,33
FILE_3385,.tmp,212.01,84,0,22
FILE_3386,.pdf,567.65,42,17,25
FILE_3387,.tmp,59.27,139,22,19
FILE_3388,.png,151.55,23,6,27
FILE_3389,.pdf,420.55,69,29,37
FILE_3390,.tmp,716.27,75,7,31
FILE_3391,.tmp,438.92,52,8,8
FILE_3392,.docx,429.53,75,9,15
FILE_3393,.zip,365.59,152,2,6
FILE_3394,.log,676.07,152,20,6
FILE_3395,.tmp,613.98,143,20,19
FILE_3396,.bak,590.89,154,6,7
FILE_3397,.log,174.45,128,30,41
FILE_3398,.bak,523.68,27,7,18
FILE_3399,.png,637.59,121,12,31
FILE_3400,.docx,365.13,15,8,47
FILE_3401,.tmp,701.21,28,23,12
FILE_3402,.log,538.36,143,23,45
FILE_3403,.log,456.77,111,3,21
FILE_3404,.bak,460.92,111,15,36
FILE_3405,.xlsx,554.61,41,1,32
FILE_3406,.tmp,720.44,114,10,36
FILE_3407,.docx,353.08,119,2,20
FILE_3408,.bak,618.4,93,15,44
FILE_3409,.docx,440.4,144,17,24
FILE_3410,.png,59.75,70,22,28
FILE_3411,.docx,597.26,38,18,45
FILE_3412,.bak,357.37,113,2,44
FILE_3413,.png,427.28,33,17,12
FILE_3414,.png,79.44,58,10,24
FILE_3415,.zip,652.93,163,29,38
FILE_3416,.pdf,754.65,51,18,34
FILE_3417,.log,584.31,10,0,47
FILE_3418,.log,168.54,121,17,37
FILE_3419,.log,606.8,104,7,33
FILE_3420,.bak,485.59,180,7,8
FILE_3421,.docx,785.81,71,2,13
FILE_3422,.pdf,521.63,130,1,16
FILE_3423,.tmp,340.08,22,2,11
FILE_3424,.docx,401.29,112,21,28
FILE_3425,.pdf,117.96,132,13,27
FILE_3426,.zip,298.09,114,27,23
FILE_3427,.log,453.78,158,19,5
FILE_3428,.png,216.87,43,11,7
FILE_3429,.pdf,570.14,21,8,11
FILE_3430,.bak,312.87,85,23,38
FILE_3431,.docx,73.81,151,13,25
FILE_3432,.docx,426.26,10,3,47
FILE_3433,.log,485.47,132,25,38
FILE_3434,.pdf,695.1,158,7,33
FILE_3435,.tmp,482.76,111,30,18
FILE_3436,.zip,364.96,130,12,21
FILE_3437,.tmp,410.29,179,3,41
FILE_3438,.docx,390.87,133,12,20
FILE_3439,.bak,314.01,17,15,11
FILE_3440,.docx,75.91,140,10,28
FILE_3441,.docx,510.11,136,18,40
FILE_3442,.pdf,623.99,36,16,35
FILE_3443,.zip,141.82,56,23,6
FILE_3444,.docx,395.65,27,17,25
FILE_3445,.log,399.54,58,30,37
FILE_3446,.zip,682.01,180,24,14
FILE_3447,.bak,534.47,152,16,26
FILE_3448,.xlsx,430.28,74,14,50
FILE_3449,.zip,750.3,12,0,34
FILE_3450,.png,594.26,126,21,20
FILE_3451,.png,670.38,98,4,30
FILE_3452,.docx,469.51,19,15,25
FILE_3453,.bak,464.9,45,11,5
FILE_3454,.zip,357.18,143,14,23
FILE_3455,.pdf,366.79,67,2,39
FILE_3456,.png,731.66,156,19,27
FILE_3457,.docx,225.07,89,22,50
FILE_3458,.zip,483.79,71,4,15
FILE_3459,.xlsx,760.21,170,1,37
FILE_3460,.tmp,571.84,111,26,42
FILE_3461,.log,210.6,51,3,12
FILE_3462,.png,118.82,131,29,33
FILE_3463,.xlsx,235.31,78,27,12
FILE_3464,.log,83.68,88,7,28
FILE_3465,.log,689.62,97,18,23
FILE_3466,.zip,721.49,62,11,29
FILE_3467,.pdf,435.03,22,7,42
FILE_3468,.docx,758.34,139,17,32
FILE_3469,.zip,460.12,16,16,31
FILE_3470,.bak,509.42,113,5,7
FILE_3471,.bak,791.32,38,4,17
FILE_3472,.xlsx,85.96,141,23,19
FILE_3473,.log,400.59,38,4,7
FILE_3474,.log,530.57,84,24,40
FILE_3475,.log,164.05,34,20,30
FILE_3476,.pdf,301.15,142,1,44
FILE_3477,.zip,656.31,62,27,45
FILE_3478,.tmp,316.44,117,12,41
FILE_3479,.log,274.06,37,19,31
FILE_3480,.png,242.47,161,18,16
FILE_3481,.pdf,243.13,162,1,49
FILE_3482,.zip,136.2,89,1,49
FILE_3483,.bak,666.68,53,14,22
FILE_3484,.png,600.01,145,27,13
FILE_3485,.xlsx,98.76,100,19,36
FILE_3486,.docx,481.28,59,22,31
FILE_3487,.png,506.41,135,8,31
FILE_3488,.png,721.77,60,29,11
FILE_3489,.bak,570.33,37,23,47
FILE_3490,.zip,648.22,34,19,9
FILE_3491,.docx,174.13,151,12,17
FILE_3492,.tmp,363.42,116,23,48
FILE_3493,.bak,348.7,104,0,11
FILE_3494,.xlsx,227.99,141,8,37
FILE_3495,.bak,667.49,114,27,6
FILE_3496,.tmp,210.91,135,9,30
FILE_3497,.png,394.7,35,4,10
FILE_3498,.log,770.37,135,27,25
FILE_3499,.docx,111.58,70,20,37
FILE_3500,.zip,715.15,110,9,39
FILE_3501,.zip,720.03,170,25,50
FILE_3502,.bak,753.54,110,13,34
FILE_3503,.docx,474.56,60,14,36
FILE_3504,.zip,243.55,31,29,25
FILE_3505,.bak,210.63,168,9,11
FILE_3506,.tmp,512.26,101,8,41
FILE_3507,.pdf,797.07,61,17,5
FILE_3508,.pdf,281.59,170,16,21
FILE_3509,.bak,331.69,52,21,27
FILE_3510,.xlsx,122.49,101,5,10
FILE_3511,.docx,363.81,155,19,20
FILE_3512,.log,744.29,84,7,26
FILE_3513,.log,657.33,136,8,46
FILE_3514,.xlsx,369.68,161,18,12
FILE_3515,.png,784.34,80,28,13
FILE_3516,.docx,760.62,143,3,27
FILE_3517,.bak,654.08,38,14,35
FILE_3518,.log,582.87,23,0,10
FILE_3519,.xlsx,62.53,176,1,34
FILE_3520,.log,431.57,121,4,34
FILE_3521,.xlsx,559.61,51,16,33
FILE_3522,.log,185.38,157,13,27
FILE_3523,.pdf,57.61,18,14,41
FILE_3524,.tmp,270.77,175,7,41
FILE_3525,.zip,692.48,157,7,22
FILE_3526,.png,688.25,171,27,17
FILE_3527,.pdf,141.44,25,9,49
FILE_3528,.log,468.12,128,26,27
FILE_3529,.pdf,442.28,82,24,9
FILE_3530,.bak,58.01,104,22,10
FILE_3531,.tmp,405.96,174,26,48
FILE_3532,.bak,538.71,145,16,29
FILE_3533,.xlsx,352.26,110,10,28
FILE_3534,.log,438.97,134,7,34
FILE_3535,.bak,701.72,69,10,11
FILE_3536,.bak,184.65,10,5,13
FILE_3537,.tmp,346.69,27,26,35
FILE_3538,.zip,600.13,162,4,21
FILE_3539,.pdf,593.63,105,20,45
FILE_3540,.log,237.72,152,24,12
FILE_3541,.zip,278.27,107,28,21
FILE_3542,.png,759.71,115,24,37
FILE_3543,.xlsx,84.29,60,6,8
FILE_3544,.pdf,350.85,174,18,8
FILE_3545,.log,745.92,83,5,50
FILE_3546,.bak,199.35,134,14,8
FILE_3547,.png,664.17,155,6,43
FILE_3548,.tmp,638.82,10,8,35
FILE_3549,.log,73.95,12,4,31
FILE_3550,.tmp,668.17,82,8,14
FILE_3551,.xlsx,143.75,79,17,40
FILE_3552,.tmp,251.86,158,20,35
FILE_3553,.log,81.25,141,13,25
FILE_3554,.pdf,295.7,84,7,5
FILE_3555,.zip,539.98,51,28,35
FILE_3556,.zip,726.56,117,24,50
FILE_3557,.tmp,305.56,72,0,49
FILE_3558,.zip,600.09,110,20,10
FILE_3559,.zip,154.52,115,9,15
FILE_3560,.log,103.56,161,9,47
FILE_3561,.tmp,127.52,116,6,29
FILE_3562,.png,341.91,18,16,45
FILE_3563,.log,348.59,112,26,20
FILE_3564,.pdf,63.01,63,15,49
FILE_3565,.bak,738.04,65,22,11
FILE_3566,.pdf,426.94,131,4,42
FILE_3567,.tmp,493.64,14,5,25
FILE_3568,.xlsx,609.15,119,17,24
FILE_3569,.tmp,65.63,119,1,19
FILE_3570,.bak,609.38,14,7,35
FILE_3571,.png,620.29,144,0,20
FILE_3572,.pdf,714.44,76,12,41
FILE_3573,.tmp,765.67,54,9,42
FILE_3574,.xlsx,541.81,136,29,29
FILE_3575,.png,514.83,101,28,31
FILE_3576,.tmp,325.67,64,28,35
FILE_3577,.log,86.33,66,1,5
FILE_3578,.docx,398.71,118,11,42
FILE_3579,.docx,708.77,139,12,26
FILE_3580,.bak,159.62,124,15,39
FILE_3581,.log,296.8,42,24,46
FILE_3582,.docx,304.2,12,3,27
FILE_3583,.bak,563.08,108,29,30
FILE_3584,.log,674.2,79,8,7
FILE_3585,.xlsx,663.98,86,30,30
FILE_3586,.bak,180.6,92,26,40
FILE_3587,.xlsx,636.11,137,29,8
FILE_3588,.pdf,492.29,62,28,47
FILE_3589,.xlsx,769.49,177,4,11
FILE_3590,.png,437.42,82,6,13
FILE_3591,.xlsx,164.43,141,11,40
FILE_3592,.docx,692.47,150,11,28
FILE_3593,.pdf,768.0,26,2,50
FILE_3594,.pdf,410.46,69,28,14
FILE_3595,.xlsx,359.04,154,15,19
FILE_3596,.zip,293.79,147,24,9
FILE_3597,.xlsx,481.44,17,15,12
FILE_3598,.xlsx,636.96,136,25,46
FILE_3599,.log,281.42,121,28,13
FILE_3600,.tmp,84.16,171,7,7
FILE_3601,.png,535.58,40,9,6
FILE_3602,.zip,768.61,16,5,50
FILE_3603,.bak,632.37,178,12,25
FILE_3604,.png,721.45,69,8,26
FILE_3605,.docx,464.93,153,26,45
FILE_3606,.log,256.56,78,2,38
FILE_3607,.bak,587.29,10,10,9
FILE_3608,.zip,466.38,21,13,12
FILE_3609,.docx,249.2,25,15,6
FILE_3610,.pdf,418.13,180,30,48
FILE_3611,.bak,791.02,115,25,11
FILE_3612,.xlsx,192.47,93,7,30
FILE_3613,.pdf,421.73,21,18,8
FILE_3614,.docx,724.85,95,27,41
FILE_3615,.tmp,106.94,54,23,28
FILE_3616,.tmp,770.06,106,20,5
FILE_3617,.zip,756.0,19,12,10
FILE_3618,.pdf,394.87,113,4,29
FILE_3619,.zip,137.2,65,30,11
FILE_3620,.png,758.68,82,2,19
FILE_3621,.log,651.24,38,11,9
FILE_3622,.bak,465.29,137,8,39
FILE_3623,.pdf,219.42,93,15,8
FILE_3624,.xlsx,617.76,16,4,21
FILE_3625,.xlsx,192.55,64,16,7
FILE_3626,.xlsx,242.39,145,4,36
FILE_3627,.pdf,335.9,43,16,6
FILE_3628,.docx,436.6,55,15,24
FILE_3629,.pdf,148.42,11,6,12
FILE_3630,.png,564.98,100,6,30
FILE_3631,.png,324.95,92,25,28
FILE_3632,.bak,713.46,39,24,22
FILE_3633,.docx,508.51,87,2,15
FILE_3634,.zip,476.11,179,8,45
FILE_3635,.xlsx,771.21,28,28,33
FILE_3636,.log,189.55,34,21,20
FILE_3637,.log,95.49,154,18,47
FILE_3638,.tmp,667.13,105,13,39
FILE_3639,.png,581.34,90,16,42
FILE_3640,.png,193.34,140,4,7
FILE_3641,.xlsx,295.36,89,9,19
FILE_3642,.log,72.8,21,11,36
FILE_3643,.pdf,698.3,111,28,17
FILE_3644,.tmp,357.94,71,27,43
FILE_3645,.bak,699.95,132,10,30
FILE_3646,.docx,512.89,41,23,43
FILE_3647,.png,95.83,89,20,26
FILE_3648,.pdf,233.09,82,21,6
FILE_3649,.png,491.0,14,8,42
FILE_3650,.log,358.42,126,25,5
FILE_3651,.xlsx,245.75,101,20,38
FILE_3652,.log,410.23,91,11,5
FILE_3653,.zip,134.54,131,29,26
FILE_3654,.zip,342.1,83,7,37
FILE_3655,.log,423.67,118,28,41
FILE_3656,.bak,258.55,95,26,20
FILE_3657,.log,557.26,167,11,19
FILE_3658,.png,371.41,180,4,29
FILE_3659,.bak,295.9,79,29,18
FILE_3660,.bak,511.88,54,4,26
FILE_3661,.bak,676.28,159,19,24
FILE_3662,.bak,389.57,11,0,43
FILE_3663,.tmp,774.36,48,1,30
FILE_3664,.log,710.4,54,3,10
FILE_3665,.bak,138.7,66,25,41
FILE_3666,.pdf,595.56,26,8,49
FILE_3667,.log,372.42,167,4,48
FILE_3668,.xlsx,234.11,131,16,32
FILE_3669,.png,455.7,71,25,34
FILE_3670,.log,412.76,150,7,37
FILE_3671,.xlsx,372.7,41,16,39
FILE_3672,.pdf,798.23,128,21,17
FILE_3673,.zip,443.54,29,28,10
FILE_3674,.png,193.07,109,18,29
FILE_3675,.zip,609.9,82,22,46
FILE_3676,.bak,601.28,41,22,6
FILE_3677,.png,482.01,128,20,46
FILE_3678,.bak,382.21,130,0,20
FILE_3679,.zip,176.86,71,1,45
FILE_3680,.zip,743.14,111,15,37
FILE_3681,.bak,87.41,56,6,23
FILE_3682,.log,59.55,45,18,42
FILE_3683,.bak,598.91,33,2,35
FILE_3684,.zip,390.74,37,18,8
FILE_3685,.tmp,62.9,124,30,33
FILE_3686,.tmp,347.54,124,21,23
FILE_3687,.tmp,784.78,142,9,7
FILE_3688,.pdf,529.82,102,25,12
FILE_3689,.pdf,745.45,99,11,16
FILE_3690,.zip,159.71,59,6,49
FILE_3691,.png,182.94,145,27,49
FILE_3692,.docx,395.9,51,22,47
FILE_3693,.tmp,679.43,81,14,27
FILE_3694,.bak,120.57,89,25,31
FILE_3695,.pdf,151.86,37,6,24
FILE_3696,.log,52.15,38,3,33
FILE_3697,.tmp,285.07,113,16,30
FILE_3698,.tmp,282.93,58,23,13
FILE_3699,.zip,225.89,118,23,11
FILE_3700,.xlsx,546.61,102,29,39
FILE_3701,.zip,138.37,12,6,48
FILE_3702,.pdf,716.39,83,2,5
FILE_3703,.bak,752.83,122,17,24
FILE_3704,.tmp,370.3,159,11,17
FILE_3705,.pdf,450.53,126,28,47
FILE_3706,.bak,347.18,82,2,50
FILE_3707,.tmp,617.94,81,4,34
FILE_3708,.pdf,494.71,56,30,42
FILE_3709,.bak,534.56,94,3,37
FILE_3710,.pdf,344.59,44,3,10
FILE_3711,.bak,775.53,159,28,7
FILE_3712,.log,458.88,42,23,35
FILE_3713,.log,470.67,105,29,46
FILE_3714,.pdf,466.57,89,14,41
FILE_3715,.pdf,454.2,88,20,50
FILE_3716,.log,713.51,149,0,42
FILE_3717,.docx,330.5,154,9,18
FILE_3718,.bak,439.82,64,21,11
FILE_3719,.bak,553.08,14,5,42
FILE_3720,.tmp,165.37,112,5,18
FILE_3721,.log,356.73,76,11,33
FILE_3722,.xlsx,399.41,57,29,11
FILE_3723,.xlsx,543.99,159,17,49
FILE_3724,.bak,387.06,155,6,32
FILE_3725,.bak,540.95,147,15,27
FILE_3726,.docx,755.84,160,30,18
FILE_3727,.bak,242.38,177,23,46
FILE_3728,.pdf,393.05,96,22,47
FILE_3729,.bak,584.98,100,18,48
FILE_3730,.zip,360.68,127,13,11
FILE_3731,.zip,483.46,164,21,31
FILE_3732,.bak,171.29,178,13,13
FILE_3733,.xlsx,57.2,85,28,26
FILE_3734,.docx,420.85,45,0,26
FILE_3735,.zip,135.64,96,25,39
FILE_3736,.zip,190.57,24,15,37
FILE_3737,.log,549.4,15,3,29
FILE_3738,.png,239.06,152,6,8
FILE_3739,.tmp,710.54,63,8,22
FILE_3740,.pdf,389.46,47,29,23
FILE_3741,.tmp,545.63,57,13,44
FILE_3742,.pdf,344.95,90,19,8
FILE_3743,.bak,91.52,17,17,11
FILE_3744,.docx,767.77,35,30,5
FILE_3745,.tmp,721.27,28,9,36
FILE_3746,.xlsx,50.51,146,28,43
FILE_3747,.png,673.85,119,17,25
FILE_3748,.docx,518.22,49,19,37
FILE_3749,.pdf,519.95,12,0,18
FILE_3750,.png,126.54,77,1,49
FILE_3751,.log,633.67,171,12,10
FILE_3752,.pdf,117.72,124,22,34
FILE_3753,.log,281.06,18,2,33
FILE_3754,.png,492.91,63,21,7
FILE_3755,.zip,252.28,19,4,30
FILE_3756,.docx,777.73,85,28,27
FILE_3757,.xlsx,470.17,130,9,36
FILE_3758,.tmp,681.86,108,28,36
FILE_3759,.docx,441.07,56,13,29
FILE_3760,.log,435.54,140,2,37
FILE_3761,.xlsx,54.42,115,6,46
FILE_3762,.zip,751.74,151,7,22
FILE_3763,.png,725.72,53,12,35
FILE_3764,.bak,598.15,128,21,48
FILE_3765,.pdf,789.65,61,17,6
FILE_3766,.tmp,180.67,66,22,45
FILE_3767,.docx,583.2,43,19,31
FILE_3768,.log,746.36,16,13,38
FILE_3769,.xlsx,408.18,84,7,17
FILE_3770,.xlsx,267.93,90,5,44
FILE_3771,.xlsx,121.49,79,11,22
FILE_3772,.zip,521.61,107,24,37
FILE_3773,.zip,305.57,145,28,32
FILE_3774,.tmp,761.88,13,2,34
FILE_3775,.zip,468.35,19,2,23
FILE_3776,.zip,741.45,50,0,46
FILE_3777,.pdf,502.78,49,0,40
FILE_3778,.xlsx,385.78,166,4,47
FILE_3779,.xlsx,631.89,142,16,9
FILE_3780,.png,753.19,55,16,13
FILE_3781,.docx,72.64,48,10,5
FILE_3782,.xlsx,451.15,167,10,45
FILE_3783,.log,537.64,11,3,37
FILE_3784,.png,559.35,13,13,39
FILE_3785,.docx,785.25,99,29,8
FILE_3786,.tmp,488.21,47,9,27
FILE_3787,.zip,90.64,170,11,12
FILE_3788,.xlsx,390.06,75,0,17
FILE_3789,.pdf,90.42,153,11,10
FILE_3790,.pdf,141.49,30,26,29
FILE_3791,.bak,148.26,64,20,18
FILE_3792,.zip,199.2,93,0,46
FILE_3793,.xlsx,357.18,180,30,13
FILE_3794,.png,754.42,32,11,36
FILE_3795,.zip,396.55,155,30,50
FILE_3796,.docx,680.69,158,8,25
FILE_3797,.pdf,74.42,160,14,12
FILE_3798,.log,395.67,102,9,46
FILE_3799,.docx,492.81,83,24,19
FILE_3800,.log,363.26,120,13,38
FILE_3801,.docx,527.32,83,5,35
FILE_3802,.xlsx,488.11,101,8,40
FILE_3803,.xlsx,619.41,65,25,44
FILE_3804,.docx,752.81,174,7,23
FILE_3805,.tmp,484.25,179,30,27
FILE_3806,.log,257.2,163,27,25
FILE_3807,.xlsx,508.39,176,2,50
FILE_3808,.docx,110.99,153,21,32
FILE_3809,.docx,196.07,118,0,25
FILE_3810,.bak,766.52,35,19,30
FILE_3811,.docx,752.44,116,30,32
FILE_3812,.xlsx,443.93,76,14,35
FILE_3813,.zip,507.59,36,27,31
FILE_3814,.log,514.67,42,17,20
FILE_3815,.pdf,773.2,117,19,9
FILE_3816,.pdf,461.56,71,20,49
FILE_3817,.pdf,735.51,136,29,15
FILE_3818,.xlsx,60.94,173,14,14
FILE_3819,.docx,777.02,82,8,5
FILE_3820,.zip,352.06,172,27,11
FILE_3821,.log,689.03,136,6,25
FILE_3822,.log,375.65,79,2,37
FILE_3823,.log,525.51,46,16,32
FILE_3824,.png,245.05,19,18,14
FILE_3825,.bak,760.13,106,20,6
FILE_3826,.zip,228.0,140,1,28
FILE_3827,.xlsx,67.41,79,18,31
FILE_3828,.bak,264.09,11,4,43
FILE_3829,.pdf,142.19,62,15,39
FILE_3830,.zip,438.79,135,7,36
FILE_3831,.docx,782.29,76,16,49
FILE_3832,.log,224.88,136,9,33
FILE_3833,.docx,359.39,75,3,38
FILE_3834,.bak,389.6,48,2,17
FILE_3835,.bak,785.39,109,17,10
FILE_3836,.zip,173.64,40,4,39
FILE_3837,.log,599.32,26,23,16
FILE_3838,.log,74.01,73,12,16
FILE_3839,.log,482.05,52,16,14
FILE_3840,.tmp,721.73,47,27,48
FILE_3841,.pdf,71.23,175,9,22
FILE_3842,.log,179.77,18,9,29
FILE_3843,.tmp,517.24,79,19,34
FILE_3844,.xlsx,391.16,106,5,37
FILE_3845,.png,326.48,39,5,12
FILE_3846,.pdf,111.57,154,18,27
FILE_3847,.tmp,591.23,169,21,29
FILE_3848,.pdf,522.33,81,11,46
FILE_3849,.bak,753.47,134,0,46
FILE_3850,.tmp,751.74,117,8,26
FILE_3851,.zip,630.61,120,1,43
FILE_3852,.log,239.65,108,15,31
FILE_3853,.pdf,116.77,127,14,36
FILE_3854,.tmp,98.72,49,6,34
FILE_3855,.xlsx,370.26,149,18,33
FILE_3856,.png,219.5,114,8,23
FILE_3857,.tmp,378.28,15,2,37
FILE_3858,.xlsx,195.81,110,13,47
FILE_3859,.tmp,292.04,124,10,6
FILE_3860,.bak,759.79,144,25,33
FILE_3861,.docx,665.98,56,25,12
FILE_3862,.bak,147.91,51,14,12
FILE_3863,.docx,112.16,29,14,13
FILE_3864,.bak,327.52,129,2,35
FILE_3865,.docx,598.87,145,27,39
FILE_3866,.pdf,166.89,154,27,37
FILE_3867,.tmp,513.75,56,11,34
FILE_3868,.xlsx,742.08,172,10,10
FILE_3869,.bak,794.0,51,26,20
FILE_3870,.log,461.8,50,20,11
FILE_3871,.log,393.43,137,6,39
FILE_3872,.bak,194.17,97,29,43
FILE_3873,.log,770.36,105,1,50
FILE_3874,.xlsx,463.85,159,4,30
FILE_3875,.docx,261.44,176,7,20
FILE_3876,.xlsx,421.28,102,8,21
FILE_3877,.zip,204.62,68,21,23
FILE_3878,.log,157.52,40,27,32
FILE_3879,.pdf,533.83,92,16,15
FILE_3880,.bak,184.98,178,19,44
FILE_3881,.zip,114.96,43,13,13
FILE_3882,.log,180.24,180,13,48
FILE_3883,.pdf,286.21,106,12,23
FILE_3884,.zip,600.94,143,13,37
FILE_3885,.png,168.69,28,23,43
FILE_3886,.docx,173.96,70,16,31
FILE_3887,.zip,487.16,47,1,10
FILE_3888,.pdf,197.82,80,7,49
FILE_3889,.bak,305.26,43,18,8
FILE_3890,.bak,507.37,19,7,38
FILE_3891,.png,230.88,139,24,19
FILE_3892,.bak,613.15,121,17,8
FILE_3893,.log,526.01,93,10,36
FILE_3894,.xlsx,288.59,87,24,29
FILE_3895,.png,411.59,23,8,41
FILE_3896,.bak,161.71,148,20,6
FILE_3897,.tmp,663.44,119,13,41
FILE_3898,.bak,109.92,175,30,18
FILE_3899,.zip,479.46,71,8,19
FILE_3900,.png,319.28,97,27,22
FILE_3901,.xlsx,595.69,20,1,45
FILE_3902,.docx,629.92,50,12,44
FILE_3903,.docx,368.3,47,18,23
FILE_3904,.xlsx,236.66,88,17,17
FILE_3905,.log,659.58,155,6,36
FILE_3906,.pdf,780.85,11,10,34
FILE_3907,.log,530.58,106,17,24
FILE_3908,.log,717.19,16,7,46
FILE_3909,.xlsx,799.08,64,14,32
FILE_3910,.bak,358.1,67,8,28
FILE_3911,.xlsx,772.66,171,16,21
FILE_3912,.xlsx,558.03,127,9,22
FILE_3913,.log,317.02,41,25,7
FILE_3914,.bak,474.0,81,0,25
FILE_3915,.pdf,204.7,178,6,24
FILE_3916,.xlsx,247.5,149,3,10
FILE_3917,.png,242.01,54,30,49
FILE_3918,.bak,754.89,56,7,33
FILE_3919,.log,615.96,166,11,48
FILE_3920,.xlsx,797.18,179,20,40
FILE_3921,.tmp,294.25,37,26,44
FILE_3922,.log,436.45,175,15,31
FILE_3923,.docx,169.8,111,7,42
FILE_3924,.docx,355.02,108,7,41
FILE_3925,.bak,617.17,62,23,50
FILE_3926,.log,292.74,73,7,25
FILE_3927,.docx,572.31,154,14,11
FILE_3928,.pdf,707.53,124,18,45
FILE_3929,.tmp,638.63,25,14,6
FILE_3930,.docx,129.23,96,22,21
FILE_3931,.png,457.55,51,14,31
FILE_3932,.tmp,665.12,99,28,8
FILE_3933,.xlsx,448.61,42,19,30
FILE_3934,.xlsx,673.12,90,21,43
FILE_3935,.docx,533.38,77,8,29
FILE_3936,.docx,610.12,142,3,35
FILE_3937,.bak,772.26,12,12,24
FILE_3938,.log,766.94,51,24,38
FILE_3939,.pdf,303.97,115,23,38
FILE_3940,.xlsx,146.2,80,3,45
FILE_3941,.zip,448.94,73,20,15
FILE_3942,.png,371.35,39,25,13
FILE_3943,.pdf,294.98,144,0,19
FILE_3944,.xlsx,544.54,176,9,8
FILE_3945,.bak,711.85,25,20,24
FILE_3946,.docx,315.55,107,30,6
FILE_3947,.zip,709.58,159,5,22
FILE_3948,.tmp,682.13,38,30,43
FILE_3949,.bak,599.22,60,23,24
FILE_3950,.pdf,704.55,48,2,24
FILE_3951,.docx,102.22,158,25,16
FILE_3952,.tmp,311.23,170,2,29
FILE_3953,.docx,667.11,27,13,43
FILE_3954,.log,74.37,94,14,22
FILE_3955,.xlsx,772.33,117,22,5
FILE_3956,.zip,729.41,161,6,12
FILE_3957,.log,601.83,75,5,20
FILE_3958,.xlsx,554.92,93,1,21
FILE_3959,.xlsx,666.07,45,21,10
FILE_3960,.tmp,650.11,91,0,5
FILE_3961,.docx,78.41,87,5,42
FILE_3962,.pdf,203.47,139,7,49
FILE_3963,.log,242.98,87,27,14
FILE_3964,.png,351.57,111,20,13
FILE_3965,.tmp,581.08,90,9,17
FILE_3966,.bak,681.06,180,7,45
FILE_3967,.zip,659.08,168,30,9
FILE_3968,.zip,585.37,40,30,12
FILE_3969,.log,195.44,25,10,34
FILE_3970,.docx,308.99,171,29,10
FILE_3971,.zip,403.14,124,13,26
FILE_3972,.zip,186.15,51,6,44
FILE_3973,.bak,623.09,82,5,36
FILE_3974,.docx,517.44,35,25,40
FILE_3975,.pdf,189.55,103,29,21
FILE_3976,.log,747.1,53,6,29
FILE_3977,.docx,328.15,44,14,5
FILE_3978,.zip,671.24,143,5,31
FILE_3979,.log,557.14,53,30,20
FILE_3980,.docx,424.6,10,6,44
FILE_3981,.docx,726.5,155,3,18
FILE_3982,.bak,790.23,179,16,47
FILE_3983,.png,788.37,146,28,12
FILE_3984,.docx,256.75,90,19,9
FILE_3985,.bak,546.63,79,30,22
FILE_3986,.log,74.31,168,0,12
FILE_3987,.bak,561.39,130,30,21
FILE_3988,.xlsx,783.21,46,13,6
FILE_3989,.png,610.41,88,7,38
FILE_3990,.zip,234.43,106,14,17
FILE_3991,.log,555.2,165,23,16
FILE_3992,.bak,357.34,80,26,18
FILE_3993,.log,499.02,179,9,46
FILE_3994,.tmp,489.05,177,16,31
FILE_3995,.docx,196.71,67,19,45
FILE_3996,.xlsx,717.71,124,15,12
FILE_3997,.png,311.36,111,21,22
FILE_3998,.png,313.33,33,4,7
FILE_3999,.xlsx,199.48,73,3,21
FILE_4000,.docx,657.25,75,8,44
DARK_SYS_BAK_4001,.bak,3719.85,472,411,0
DARK_SYS_BAK_4002,.log,1409.35,377,202,0
DARK_SYS_BAK_4003,.bak,2283.35,186,148,0
DARK_SYS_BAK_4004,.log,2612.79,267,188,0
DARK_SYS_BAK_4005,.bak,3770.81,231,186,0
DARK_SYS_BAK_4006,.bak,1868.52,507,241,0
DARK_SYS_BAK_4007,.zip,1266.43,527,280,0
DARK_SYS_BAK_4008,.zip,4470.32,530,173,0
DARK_SYS_BAK_4009,.zip,1376.59,167,162,0
DARK_SYS_BAK_4010,.zip,3870.7,300,247,0
DARK_SYS_BAK_4011,.log,1858.72,348,261,0
DARK_SYS_BAK_4012,.log,3497.19,266,174,0
DARK_SYS_BAK_4013,.zip,1886.53,358,191,0
DARK_SYS_BAK_4014,.bak,2540.95,170,150,0
DARK_SYS_BAK_4015,.bak,1866.13,505,194,0
DARK_SYS_BAK_4016,.log,2689.22,242,195,0
DARK_SYS_BAK_4017,.bak,2959.99,226,203,0
DARK_SYS_BAK_4018,.log,3300.35,484,375,0
DARK_SYS_BAK_4019,.bak,3796.55,469,433,0
DARK_SYS_BAK_4020,.bak,2766.84,241,163,0
DARK_SYS_BAK_4021,.log,4247.79,230,188,0
DARK_SYS_BAK_4022,.log,790.21,231,167,0
DARK_SYS_BAK_4023,.zip,1532.65,436,290,0
DARK_SYS_BAK_4024,.zip,2407.87,561,400,0
DARK_SYS_BAK_4025,.bak,3687.85,189,156,0
DARK_SYS_BAK_4026,.log,1422.16,570,506,0
DARK_SYS_BAK_4027,.bak,4365.14,483,431,0
DARK_SYS_BAK_4028,.zip,2703.62,401,341,0
DARK_SYS_BAK_4029,.bak,3060.42,338,181,0
DARK_SYS_BAK_4030,.log,2101.24,452,121,0
DARK_SYS_BAK_4031,.bak,1898.28,585,175,0
DARK_SYS_BAK_4032,.log,2551.19,333,296,0
DARK_SYS_BAK_4033,.log,2491.8,276,195,0
DARK_SYS_BAK_4034,.log,2981.26,385,261,0
DARK_SYS_BAK_4035,.log,2860.73,491,401,0
DARK_SYS_BAK_4036,.zip,2663.71,425,153,0
DARK_SYS_BAK_4037,.log,2987.83,174,162,0
DARK_SYS_BAK_4038,.log,1974.92,215,199,0
DARK_SYS_BAK_4039,.bak,1888.55,493,350,0
DARK_SYS_BAK_4040,.zip,1888.13,576,533,0
DARK_SYS_BAK_4041,.zip,1274.32,180,172,0
DARK_SYS_BAK_4042,.log,4295.74,198,191,0
DARK_SYS_BAK_4043,.zip,1676.09,565,529,0
DARK_SYS_BAK_4044,.bak,3138.88,262,174,0
DARK_SYS_BAK_4045,.zip,1131.44,307,234,0
DARK_SYS_BAK_4046,.zip,2496.8,283,238,0
DARK_SYS_BAK_4047,.zip,3226.89,568,534,0
DARK_SYS_BAK_4048,.zip,3528.51,243,201,0
DARK_SYS_BAK_4049,.zip,750.11,256,181,0
DARK_SYS_BAK_4050,.bak,4189.01,274,272,0
DARK_SYS_BAK_4051,.zip,3364.63,237,136,0
DARK_SYS_BAK_4052,.log,3224.95,215,143,0
DARK_SYS_BAK_4053,.zip,2613.16,461,384,0
DARK_SYS_BAK_4054,.bak,3691.61,292,258,0
DARK_SYS_BAK_4055,.zip,3493.14,188,136,0
DARK_SYS_BAK_4056,.zip,1344.02,252,224,0
DARK_SYS_BAK_4057,.bak,3206.79,595,322,0
DARK_SYS_BAK_4058,.bak,2613.23,170,128,0
DARK_SYS_BAK_4059,.log,3676.71,286,167,0
DARK_SYS_BAK_4060,.zip,2807.34,464,317,0
DARK_SYS_BAK_4061,.log,916.0,190,143,0
DARK_SYS_BAK_4062,.bak,2812.95,541,312,0
DARK_SYS_BAK_4063,.zip,3957.46,502,336,0
DARK_SYS_BAK_4064,.log,4283.3,293,131,0
DARK_SYS_BAK_4065,.log,2329.41,420,365,0
DARK_SYS_BAK_4066,.log,1072.2,496,379,0
DARK_SYS_BAK_4067,.log,2202.76,489,163,0
DARK_SYS_BAK_4068,.bak,1369.62,286,256,0
DARK_SYS_BAK_4069,.zip,966.33,506,413,0
DARK_SYS_BAK_4070,.zip,3585.86,417,370,0
DARK_SYS_BAK_4071,.zip,983.97,563,366,0
DARK_SYS_BAK_4072,.zip,542.26,404,221,0
DARK_SYS_BAK_4073,.log,2279.32,522,350,0
DARK_SYS_BAK_4074,.zip,3968.57,299,208,0
DARK_SYS_BAK_4075,.bak,2895.02,460,167,0
DARK_SYS_BAK_4076,.bak,4235.41,577,357,0
DARK_SYS_BAK_4077,.bak,3241.96,463,453,0
DARK_SYS_BAK_4078,.bak,1283.88,321,304,0
DARK_SYS_BAK_4079,.zip,2508.65,188,150,0
DARK_SYS_BAK_4080,.zip,4120.96,566,268,0
DARK_SYS_BAK_4081,.log,4228.91,355,354,0
DARK_SYS_BAK_4082,.bak,3867.67,279,198,0
DARK_SYS_BAK_4083,.zip,770.39,234,168,0
DARK_SYS_BAK_4084,.zip,688.78,485,476,0
DARK_SYS_BAK_4085,.bak,1764.55,592,184,0
DARK_SYS_BAK_4086,.zip,2058.33,152,145,0
DARK_SYS_BAK_4087,.zip,4180.17,409,290,0
DARK_SYS_BAK_4088,.log,1460.57,239,151,0
DARK_SYS_BAK_4089,.log,1928.05,360,239,0
DARK_SYS_BAK_4090,.log,3927.34,393,353,0
DARK_SYS_BAK_4091,.zip,3007.98,252,183,0
DARK_SYS_BAK_4092,.bak,3115.09,598,260,0
DARK_SYS_BAK_4093,.zip,578.39,433,202,0
DARK_SYS_BAK_4094,.zip,4085.8,204,199,0
DARK_SYS_BAK_4095,.bak,4165.74,164,121,0
DARK_SYS_BAK_4096,.bak,1292.92,153,123,0
DARK_SYS_BAK_4097,.bak,1467.68,185,128,0
DARK_SYS_BAK_4098,.bak,3855.69,417,129,0
DARK_SYS_BAK_4099,.log,2306.75,393,306,0
DARK_SYS_BAK_4100,.log,2344.96,395,372,0
DARK_SYS_BAK_4101,.log,4216.43,424,307,0
DARK_SYS_BAK_4102,.log,1172.64,181,176,0
DARK_SYS_BAK_4103,.log,4396.7,586,437,0
DARK_SYS_BAK_4104,.log,1504.44,469,349,0
DARK_SYS_BAK_4105,.bak,3567.1,299,245,0
DARK_SYS_BAK_4106,.bak,707.92,292,228,0
DARK_SYS_BAK_4107,.bak,1043.15,286,164,0
DARK_SYS_BAK_4108,.zip,1332.66,206,130,0
DARK_SYS_BAK_4109,.log,2060.3,230,154,0
DARK_SYS_BAK_4110,.zip,4159.88,418,371,0
DARK_SYS_BAK_4111,.bak,4430.75,383,163,0
DARK_SYS_BAK_4112,.zip,4460.75,498,439,0
DARK_SYS_BAK_4113,.bak,4263.68,411,235,0
DARK_SYS_BAK_4114,.log,1930.3,374,314,0
DARK_SYS_BAK_4115,.zip,983.04,352,183,0
DARK_SYS_BAK_4116,.log,3265.75,278,226,0
DARK_SYS_BAK_4117,.log,3054.51,509,371,0
DARK_SYS_BAK_4118,.log,725.91,550,254,0
DARK_SYS_BAK_4119,.bak,1414.61,341,121,0
DARK_SYS_BAK_4120,.zip,3596.0,165,128,0
DARK_SYS_BAK_4121,.bak,2918.07,409,261,0
DARK_SYS_BAK_4122,.bak,1520.61,202,187,0
DARK_SYS_BAK_4123,.bak,4332.52,557,292,0
DARK_SYS_BAK_4124,.bak,1996.58,468,394,0
DARK_SYS_BAK_4125,.zip,3341.33,566,301,0
DARK_SYS_BAK_4126,.zip,3284.04,417,193,0
DARK_SYS_BAK_4127,.bak,3201.51,175,174,0
DARK_SYS_BAK_4128,.bak,985.29,190,172,0
DARK_SYS_BAK_4129,.log,768.48,239,145,0
DARK_SYS_BAK_4130,.bak,3801.65,182,128,0
DARK_SYS_BAK_4131,.log,2357.36,477,174,0
DARK_SYS_BAK_4132,.log,827.15,532,209,0
DARK_SYS_BAK_4133,.log,968.82,393,274,0
DARK_SYS_BAK_4134,.bak,3439.61,374,158,0
DARK_SYS_BAK_4135,.zip,2200.93,303,258,0
DARK_SYS_BAK_4136,.log,2130.25,349,297,0
DARK_SYS_BAK_4137,.bak,3180.26,340,336,0
DARK_SYS_BAK_4138,.zip,1728.68,356,220,0
DARK_SYS_BAK_4139,.bak,2543.34,210,141,0
DARK_SYS_BAK_4140,.bak,3400.83,394,335,0
DARK_SYS_BAK_4141,.bak,2649.49,454,374,0
DARK_SYS_BAK_4142,.log,2313.32,309,205,0
DARK_SYS_BAK_4143,.bak,3318.25,278,209,0
DARK_SYS_BAK_4144,.bak,787.47,374,272,0
DARK_SYS_BAK_4145,.bak,3625.14,526,418,0
DARK_SYS_BAK_4146,.log,2403.62,376,254,0
DARK_SYS_BAK_4147,.bak,4407.92,552,308,0
DARK_SYS_BAK_4148,.zip,4048.78,562,329,0
DARK_SYS_BAK_4149,.log,1989.52,302,290,0
DARK_SYS_BAK_4150,.bak,1657.65,495,192,0
DARK_SYS_BAK_4151,.zip,3037.36,321,248,0
DARK_SYS_BAK_4152,.log,3339.69,448,139,0
DARK_SYS_BAK_4153,.bak,3763.65,480,435,0
DARK_SYS_BAK_4154,.log,1965.5,322,222,0
DARK_SYS_BAK_4155,.zip,1831.88,293,271,0
DARK_SYS_BAK_4156,.bak,1120.53,270,191,0
DARK_SYS_BAK_4157,.log,3327.16,581,367,0
DARK_SYS_BAK_4158,.zip,3226.8,228,185,0
DARK_SYS_BAK_4159,.zip,4236.1,246,154,0
DARK_SYS_BAK_4160,.log,1386.53,225,178,0
DARK_SYS_BAK_4161,.zip,4149.18,291,141,0
DARK_SYS_BAK_4162,.log,3611.34,369,263,0
DARK_SYS_BAK_4163,.bak,3839.94,536,460,0
DARK_SYS_BAK_4164,.zip,3473.79,206,180,0
DARK_SYS_BAK_4165,.zip,2522.19,422,306,0
DARK_SYS_BAK_4166,.zip,3789.26,527,513,0
DARK_SYS_BAK_4167,.log,4075.41,287,205,0
DARK_SYS_BAK_4168,.zip,4157.47,400,241,0
DARK_SYS_BAK_4169,.zip,3412.98,332,292,0
DARK_SYS_BAK_4170,.bak,1242.0,466,354,0
DARK_SYS_BAK_4171,.log,3555.99,275,164,0
DARK_SYS_BAK_4172,.bak,4029.15,206,127,0
DARK_SYS_BAK_4173,.bak,3462.85,415,386,0
DARK_SYS_BAK_4174,.zip,1125.15,526,136,0
DARK_SYS_BAK_4175,.log,2553.05,250,182,0
DARK_SYS_BAK_4176,.log,3964.43,430,131,0
DARK_SYS_BAK_4177,.zip,3918.19,476,269,0
DARK_SYS_BAK_4178,.bak,2556.17,169,150,0
DARK_SYS_BAK_4179,.bak,1111.61,519,122,0
DARK_SYS_BAK_4180,.zip,4137.18,409,394,0
DARK_SYS_BAK_4181,.bak,3852.09,401,298,0
DARK_SYS_BAK_4182,.bak,2866.21,463,240,0
DARK_SYS_BAK_4183,.log,612.19,517,361,0
DARK_SYS_BAK_4184,.bak,2039.3,458,121,0
DARK_SYS_BAK_4185,.log,3093.25,181,161,0
DARK_SYS_BAK_4186,.bak,1997.14,561,357,0
DARK_SYS_BAK_4187,.log,4206.33,188,170,0
DARK_SYS_BAK_4188,.log,2188.78,496,125,0
DARK_SYS_BAK_4189,.log,2699.52,450,248,0
DARK_SYS_BAK_4190,.zip,4194.36,287,190,0
DARK_SYS_BAK_4191,.bak,1414.13,331,128,0
DARK_SYS_BAK_4192,.zip,1285.05,290,288,0
DARK_SYS_BAK_4193,.log,3197.27,344,199,0
DARK_SYS_BAK_4194,.log,584.83,535,499,0
DARK_SYS_BAK_4195,.bak,3840.86,368,160,0
DARK_SYS_BAK_4196,.bak,2761.76,514,327,0
DARK_SYS_BAK_4197,.log,1975.32,322,192,0
DARK_SYS_BAK_4198,.log,2949.63,262,234,0
DARK_SYS_BAK_4199,.log,3942.77,517,178,0
DARK_SYS_BAK_4200,.log,3144.59,393,271,0
DARK_SYS_BAK_4201,.bak,1788.41,177,151,0
DARK_SYS_BAK_4202,.bak,4152.25,247,158,0
DARK_SYS_BAK_4203,.bak,4349.16,573,490,0
DARK_SYS_BAK_4204,.bak,3854.57,465,396,0
DARK_SYS_BAK_4205,.bak,4244.25,155,152,0
DARK_SYS_BAK_4206,.bak,1027.79,352,242,0
DARK_SYS_BAK_4207,.bak,3821.59,521,125,0
DARK_SYS_BAK_4208,.log,2552.28,583,563,0
DARK_SYS_BAK_4209,.bak,2404.7,175,140,0
DARK_SYS_BAK_4210,.bak,1013.46,551,384,0
DARK_SYS_BAK_4211,.bak,1043.43,196,161,0
DARK_SYS_BAK_4212,.zip,3843.99,322,229,0
DARK_SYS_BAK_4213,.bak,3565.35,483,248,0
DARK_SYS_BAK_4214,.bak,917.9,223,159,0
DARK_SYS_BAK_4215,.zip,1526.27,317,143,0
DARK_SYS_BAK_4216,.log,3382.47,319,271,0
DARK_SYS_BAK_4217,.log,2652.63,456,130,0
DARK_SYS_BAK_4218,.bak,1000.48,363,241,0
DARK_SYS_BAK_4219,.log,2865.07,398,120,0
DARK_SYS_BAK_4220,.log,1896.32,402,189,0
DARK_SYS_BAK_4221,.bak,3756.87,316,237,0
DARK_SYS_BAK_4222,.zip,572.13,222,195,0
DARK_SYS_BAK_4223,.bak,740.96,247,216,0
DARK_SYS_BAK_4224,.zip,915.94,514,431,0
DARK_SYS_BAK_4225,.log,1964.66,538,242,0
DARK_SYS_BAK_4226,.zip,2328.86,348,188,0
DARK_SYS_BAK_4227,.bak,2864.71,527,416,0
DARK_SYS_BAK_4228,.log,1929.16,318,263,0
DARK_SYS_BAK_4229,.bak,2795.25,292,259,0
DARK_SYS_BAK_4230,.zip,4145.56,154,147,0
DARK_SYS_BAK_4231,.bak,4083.98,523,497,0
DARK_SYS_BAK_4232,.zip,2308.87,363,303,0
DARK_SYS_BAK_4233,.log,3624.21,355,225,0
DARK_SYS_BAK_4234,.bak,3170.98,452,403,0
DARK_SYS_BAK_4235,.zip,3658.71,523,383,0
DARK_SYS_BAK_4236,.zip,1253.76,599,121,0
DARK_SYS_BAK_4237,.zip,1220.62,400,189,0
DARK_SYS_BAK_4238,.zip,1209.93,456,398,0
DARK_SYS_BAK_4239,.bak,4429.93,418,133,0
DARK_SYS_BAK_4240,.zip,3940.85,207,151,0
DARK_SYS_BAK_4241,.bak,4396.0,564,270,0
DARK_SYS_BAK_4242,.zip,2706.68,173,155,0
DARK_SYS_BAK_4243,.log,2002.0,491,371,0
DARK_SYS_BAK_4244,.zip,1520.9,505,399,0
DARK_SYS_BAK_4245,.zip,4426.27,212,129,0
DARK_SYS_BAK_4246,.zip,3469.31,598,417,0
DARK_SYS_BAK_4247,.log,2427.55,152,127,0
DARK_SYS_BAK_4248,.bak,4232.87,376,254,0
DARK_SYS_BAK_4249,.log,824.84,511,310,0
DARK_SYS_BAK_4250,.zip,3780.62,528,201,0
DARK_SYS_BAK_4251,.zip,1533.17,375,282,0
DARK_SYS_BAK_4252,.bak,1631.36,550,190,0
DARK_SYS_BAK_4253,.log,2566.86,451,450,0
DARK_SYS_BAK_4254,.zip,872.09,433,341,0
DARK_SYS_BAK_4255,.zip,2615.86,233,122,0
DARK_SYS_BAK_4256,.bak,3617.82,544,149,0
DARK_SYS_BAK_4257,.log,2444.23,377,120,0
DARK_SYS_BAK_4258,.log,3386.52,256,161,0
DARK_SYS_BAK_4259,.log,2912.26,550,243,0
DARK_SYS_BAK_4260,.log,1886.38,308,181,0
DARK_SYS_BAK_4261,.zip,704.9,594,172,0
DARK_SYS_BAK_4262,.bak,941.99,579,155,0
DARK_SYS_BAK_4263,.zip,1591.63,496,338,0
DARK_SYS_BAK_4264,.log,2357.6,218,199,0
DARK_SYS_BAK_4265,.bak,3636.88,588,371,0
DARK_SYS_BAK_4266,.bak,3226.45,372,199,0
DARK_SYS_BAK_4267,.zip,4143.72,597,395,0
DARK_SYS_BAK_4268,.bak,4159.7,331,182,0
DARK_SYS_BAK_4269,.zip,3323.52,371,313,0
DARK_SYS_BAK_4270,.zip,3549.54,589,152,0
DARK_SYS_BAK_4271,.bak,919.08,409,138,0
DARK_SYS_BAK_4272,.zip,571.82,475,387,0
DARK_SYS_BAK_4273,.bak,1867.11,418,360,0
DARK_SYS_BAK_4274,.zip,748.64,461,450,0
DARK_SYS_BAK_4275,.log,3823.54,356,356,0
DARK_SYS_BAK_4276,.zip,996.26,552,448,0
DARK_SYS_BAK_4277,.log,841.01,475,269,0
DARK_SYS_BAK_4278,.log,2797.51,569,373,0
DARK_SYS_BAK_4279,.zip,1124.82,371,204,0
DARK_SYS_BAK_4280,.zip,1690.66,476,454,0
DARK_SYS_BAK_4281,.bak,2254.89,181,125,0
DARK_SYS_BAK_4282,.bak,4346.53,305,298,0
DARK_SYS_BAK_4283,.zip,2209.66,235,139,0
DARK_SYS_BAK_4284,.zip,873.71,521,478,0
DARK_SYS_BAK_4285,.bak,2086.47,376,243,0
DARK_SYS_BAK_4286,.log,4088.43,197,144,0
DARK_SYS_BAK_4287,.log,2268.68,212,155,0
DARK_SYS_BAK_4288,.zip,3147.93,235,168,0
DARK_SYS_BAK_4289,.bak,3263.38,467,271,0
DARK_SYS_BAK_4290,.bak,2420.94,549,452,0
DARK_SYS_BAK_4291,.bak,4309.48,381,317,0
DARK_SYS_BAK_4292,.zip,2337.87,501,158,0
DARK_SYS_BAK_4293,.bak,4449.65,285,164,0
DARK_SYS_BAK_4294,.bak,3068.94,548,486,0
DARK_SYS_BAK_4295,.log,3419.39,226,169,0
DARK_SYS_BAK_4296,.log,1536.09,245,124,0
DARK_SYS_BAK_4297,.log,1179.78,341,335,0
DARK_SYS_BAK_4298,.log,769.72,517,182,0
DARK_SYS_BAK_4299,.log,2114.11,505,414,0
DARK_SYS_BAK_4300,.bak,867.84,368,326,0
DARK_SYS_BAK_4301,.log,1174.21,212,129,0
DARK_SYS_BAK_4302,.log,1784.01,257,199,0
DARK_SYS_BAK_4303,.bak,1411.68,221,155,0
DARK_SYS_BAK_4304,.bak,1553.83,221,179,0
DARK_SYS_BAK_4305,.log,1257.73,476,132,0
DARK_SYS_BAK_4306,.log,885.88,523,183,0
DARK_SYS_BAK_4307,.log,1544.44,580,434,0
DARK_SYS_BAK_4308,.zip,3568.03,335,276,0
DARK_SYS_BAK_4309,.log,979.6,250,163,0
DARK_SYS_BAK_4310,.zip,1941.34,197,181,0
DARK_SYS_BAK_4311,.log,2642.98,592,566,0
DARK_SYS_BAK_4312,.bak,3856.52,560,484,0
DARK_SYS_BAK_4313,.bak,2034.39,299,277,0
DARK_SYS_BAK_4314,.bak,853.42,575,120,0
DARK_SYS_BAK_4315,.log,3130.75,489,278,0
DARK_SYS_BAK_4316,.bak,4117.76,422,178,0
DARK_SYS_BAK_4317,.zip,2103.16,573,167,0
DARK_SYS_BAK_4318,.log,2773.08,327,129,0
DARK_SYS_BAK_4319,.log,3008.47,419,356,0
DARK_SYS_BAK_4320,.zip,2012.55,219,143,0
DARK_SYS_BAK_4321,.zip,1005.01,569,173,0
DARK_SYS_BAK_4322,.zip,1468.82,292,251,0
DARK_SYS_BAK_4323,.log,4013.02,263,233,0
DARK_SYS_BAK_4324,.log,2075.05,360,263,0
DARK_SYS_BAK_4325,.log,3627.76,158,132,0
DARK_SYS_BAK_4326,.log,643.57,457,250,0
DARK_SYS_BAK_4327,.bak,3520.92,226,202,0
DARK_SYS_BAK_4328,.log,1795.96,522,309,0
DARK_SYS_BAK_4329,.zip,1205.08,184,135,0
DARK_SYS_BAK_4330,.zip,908.63,418,152,0
DARK_SYS_BAK_4331,.bak,3845.53,485,205,0
DARK_SYS_BAK_4332,.zip,3638.54,587,149,0
DARK_SYS_BAK_4333,.zip,1135.0,594,219,0
DARK_SYS_BAK_4334,.bak,3342.68,327,244,0
DARK_SYS_BAK_4335,.bak,4036.28,580,529,0
DARK_SYS_BAK_4336,.zip,2740.02,534,379,0
DARK_SYS_BAK_4337,.bak,1081.68,597,128,0
DARK_SYS_BAK_4338,.bak,2070.11,592,568,0
DARK_SYS_BAK_4339,.zip,972.3,523,222,0
DARK_SYS_BAK_4340,.bak,3129.27,573,561,0
DARK_SYS_BAK_4341,.bak,3647.28,408,126,0
DARK_SYS_BAK_4342,.bak,4149.9,292,142,0
DARK_SYS_BAK_4343,.bak,1829.76,350,173,0
DARK_SYS_BAK_4344,.bak,4284.27,550,432,0
DARK_SYS_BAK_4345,.log,3340.79,570,376,0
DARK_SYS_BAK_4346,.bak,1485.66,402,384,0
DARK_SYS_BAK_4347,.zip,4150.04,446,379,0
DARK_SYS_BAK_4348,.log,2108.25,346,229,0
DARK_SYS_BAK_4349,.bak,1077.98,440,338,0
DARK_SYS_BAK_4350,.log,3428.72,463,311,0
DARK_SYS_BAK_4351,.zip,2226.6,167,128,0
DARK_SYS_BAK_4352,.log,2728.47,354,279,0
DARK_SYS_BAK_4353,.log,749.82,541,387,0
DARK_SYS_BAK_4354,.zip,1830.15,595,255,0
DARK_SYS_BAK_4355,.bak,1381.37,483,441,0
DARK_SYS_BAK_4356,.zip,3427.14,511,183,0
DARK_SYS_BAK_4357,.zip,725.34,291,208,0
DARK_SYS_BAK_4358,.log,884.21,450,443,0
DARK_SYS_BAK_4359,.bak,4076.39,503,497,0
DARK_SYS_BAK_4360,.bak,2495.49,468,285,0
DARK_SYS_BAK_4361,.bak,2928.09,576,278,0
DARK_SYS_BAK_4362,.zip,3152.99,253,217,0
DARK_SYS_BAK_4363,.log,4387.24,432,329,0
DARK_SYS_BAK_4364,.log,1637.06,555,325,0
DARK_SYS_BAK_4365,.log,2672.82,291,246,0
DARK_SYS_BAK_4366,.zip,3476.0,487,137,0
DARK_SYS_BAK_4367,.zip,635.12,587,530,0
DARK_SYS_BAK_4368,.bak,1266.78,313,202,0
DARK_SYS_BAK_4369,.bak,3988.63,415,202,0
DARK_SYS_BAK_4370,.zip,2005.75,165,160,0
DARK_SYS_BAK_4371,.zip,1507.31,151,150,0
DARK_SYS_BAK_4372,.log,708.55,211,172,0
DARK_SYS_BAK_4373,.log,4155.07,550,342,0
DARK_SYS_BAK_4374,.zip,3554.62,412,412,0
DARK_SYS_BAK_4375,.zip,3638.3,386,153,0
DARK_SYS_BAK_4376,.zip,4400.16,340,207,0
DARK_SYS_BAK_4377,.log,4384.82,574,367,0
DARK_SYS_BAK_4378,.zip,929.02,285,247,0
DARK_SYS_BAK_4379,.zip,2333.06,172,164,0
DARK_SYS_BAK_4380,.log,1635.32,485,291,0
DARK_SYS_BAK_4381,.bak,3185.7,348,265,0
DARK_SYS_BAK_4382,.zip,634.42,326,243,0
DARK_SYS_BAK_4383,.zip,3816.27,372,225,0
DARK_SYS_BAK_4384,.log,3228.42,183,153,0
DARK_SYS_BAK_4385,.log,4451.08,346,290,0
DARK_SYS_BAK_4386,.log,2693.46,542,328,0
DARK_SYS_BAK_4387,.log,3028.55,464,410,0
DARK_SYS_BAK_4388,.log,3545.35,432,205,0
DARK_SYS_BAK_4389,.bak,2795.07,472,319,0
DARK_SYS_BAK_4390,.zip,2516.66,245,231,0
DARK_SYS_BAK_4391,.zip,3993.63,535,227,0
DARK_SYS_BAK_4392,.log,2530.21,352,284,0
DARK_SYS_BAK_4393,.bak,4496.67,188,163,0
DARK_SYS_BAK_4394,.zip,1230.92,569,212,0
DARK_SYS_BAK_4395,.bak,2171.42,217,192,0
DARK_SYS_BAK_4396,.zip,3325.82,365,188,0
DARK_SYS_BAK_4397,.bak,2614.23,244,151,0
DARK_SYS_BAK_4398,.log,3215.07,378,158,0
DARK_SYS_BAK_4399,.zip,1717.0,184,179,0
DARK_SYS_BAK_4400,.zip,2477.35,243,203,0
DARK_SYS_BAK_4401,.log,3488.45,352,130,0
DARK_SYS_BAK_4402,.log,695.04,475,322,0
DARK_SYS_BAK_4403,.zip,4215.36,536,528,0
DARK_SYS_BAK_4404,.zip,1510.74,349,308,0
DARK_SYS_BAK_4405,.log,1538.35,431,385,0
DARK_SYS_BAK_4406,.bak,868.02,530,278,0
DARK_SYS_BAK_4407,.bak,579.38,296,170,0
DARK_SYS_BAK_4408,.log,2024.28,305,185,0
DARK_SYS_BAK_4409,.zip,604.02,484,281,0
DARK_SYS_BAK_4410,.bak,1009.26,361,121,0
DARK_SYS_BAK_4411,.log,3706.3,416,329,0
DARK_SYS_BAK_4412,.bak,3669.43,438,276,0
DARK_SYS_BAK_4413,.zip,4347.87,199,187,0
DARK_SYS_BAK_4414,.log,905.59,191,167,0
DARK_SYS_BAK_4415,.bak,2927.23,178,123,0
DARK_SYS_BAK_4416,.bak,862.03,437,409,0
DARK_SYS_BAK_4417,.bak,4173.32,423,268,0
DARK_SYS_BAK_4418,.log,1672.85,530,412,0
DARK_SYS_BAK_4419,.zip,1078.13,495,257,0
DARK_SYS_BAK_4420,.zip,2010.3,438,221,0
DARK_SYS_BAK_4421,.zip,2427.48,542,535,0
DARK_SYS_BAK_4422,.bak,2863.6,342,203,0
DARK_SYS_BAK_4423,.bak,2172.5,455,446,0
DARK_SYS_BAK_4424,.bak,3215.33,192,158,0
DARK_SYS_BAK_4425,.bak,2324.43,509,247,0
DARK_SYS_BAK_4426,.bak,2320.4,304,204,0
DARK_SYS_BAK_4427,.log,4047.61,174,120,0
DARK_SYS_BAK_4428,.zip,3793.97,276,244,0
DARK_SYS_BAK_4429,.log,1420.82,560,417,0
DARK_SYS_BAK_4430,.zip,1003.61,515,455,0
DARK_SYS_BAK_4431,.log,674.08,451,209,0
DARK_SYS_BAK_4432,.zip,3861.59,591,211,0
DARK_SYS_BAK_4433,.zip,1655.25,198,133,0
DARK_SYS_BAK_4434,.zip,3566.43,188,162,0
DARK_SYS_BAK_4435,.bak,3093.27,211,184,0
DARK_SYS_BAK_4436,.log,1435.01,465,217,0
DARK_SYS_BAK_4437,.bak,851.93,197,172,0
DARK_SYS_BAK_4438,.log,3180.92,472,383,0
DARK_SYS_BAK_4439,.log,1348.21,260,142,0
DARK_SYS_BAK_4440,.bak,2685.51,363,174,0
DARK_SYS_BAK_4441,.zip,2311.92,597,596,0
DARK_SYS_BAK_4442,.zip,3528.6,598,360,0
DARK_SYS_BAK_4443,.zip,3247.12,483,441,0
DARK_SYS_BAK_4444,.log,4266.85,257,181,0
DARK_SYS_BAK_4445,.zip,4077.75,244,218,0
DARK_SYS_BAK_4446,.log,548.15,286,235,0
DARK_SYS_BAK_4447,.bak,1226.47,565,524,0
DARK_SYS_BAK_4448,.log,2928.28,581,234,0
DARK_SYS_BAK_4449,.bak,4145.19,510,311,0
DARK_SYS_BAK_4450,.log,3481.7,205,203,0
DARK_SYS_BAK_4451,.log,1860.61,395,134,0
DARK_SYS_BAK_4452,.zip,3976.33,537,402,0
DARK_SYS_BAK_4453,.bak,3283.21,317,241,0
DARK_SYS_BAK_4454,.bak,3371.25,482,441,0
DARK_SYS_BAK_4455,.bak,2199.03,582,161,0
DARK_SYS_BAK_4456,.zip,2910.51,245,199,0
DARK_SYS_BAK_4457,.zip,2717.05,234,179,0
DARK_SYS_BAK_4458,.zip,2165.08,528,261,0
DARK_SYS_BAK_4459,.bak,2540.85,210,168,0
DARK_SYS_BAK_4460,.zip,3130.19,176,147,0
DARK_SYS_BAK_4461,.zip,4063.28,283,166,0
DARK_SYS_BAK_4462,.zip,729.52,590,322,0
DARK_SYS_BAK_4463,.zip,1073.8,309,195,0
DARK_SYS_BAK_4464,.log,2437.86,187,166,0
DARK_SYS_BAK_4465,.log,1794.02,428,323,0
DARK_SYS_BAK_4466,.zip,1456.3,414,381,0
DARK_SYS_BAK_4467,.bak,4315.35,489,387,0
DARK_SYS_BAK_4468,.log,3587.14,576,293,0
DARK_SYS_BAK_4469,.bak,1352.1,590,479,0
DARK_SYS_BAK_4470,.log,1209.65,521,446,0
DARK_SYS_BAK_4471,.bak,4060.32,237,163,0
DARK_SYS_BAK_4472,.log,616.23,372,221,0
DARK_SYS_BAK_4473,.log,3857.65,491,483,0
DARK_SYS_BAK_4474,.bak,2089.82,430,220,0
DARK_SYS_BAK_4475,.log,3489.06,310,231,0
DARK_SYS_BAK_4476,.log,2949.82,446,168,0
DARK_SYS_BAK_4477,.zip,584.63,421,262,0
DARK_SYS_BAK_4478,.zip,3829.7,547,132,0
DARK_SYS_BAK_4479,.bak,4141.77,426,304,0
DARK_SYS_BAK_4480,.zip,1446.65,258,197,0
DARK_SYS_BAK_4481,.bak,3451.79,344,205,0
DARK_SYS_BAK_4482,.bak,3535.59,323,251,0
DARK_SYS_BAK_4483,.zip,1010.49,153,144,0
DARK_SYS_BAK_4484,.bak,2946.84,260,168,0
DARK_SYS_BAK_4485,.zip,1081.5,519,231,0
DARK_SYS_BAK_4486,.log,3764.67,423,181,0
DARK_SYS_BAK_4487,.log,3843.44,351,299,0
DARK_SYS_BAK_4488,.zip,3951.03,575,330,0
DARK_SYS_BAK_4489,.bak,4255.1,524,345,0
DARK_SYS_BAK_4490,.zip,2010.04,529,459,0
DARK_SYS_BAK_4491,.zip,2218.88,308,253,0
DARK_SYS_BAK_4492,.bak,1405.71,337,297,0
DARK_SYS_BAK_4493,.zip,2639.17,556,240,0
DARK_SYS_BAK_4494,.log,4231.52,571,156,0
DARK_SYS_BAK_4495,.log,4352.08,212,143,0
DARK_SYS_BAK_4496,.zip,4129.76,516,430,0
DARK_SYS_BAK_4497,.log,3774.76,365,181,0
DARK_SYS_BAK_4498,.log,2606.89,490,484,0
DARK_SYS_BAK_4499,.zip,4208.84,305,288,0
DARK_SYS_BAK_4500,.zip,2983.06,335,286,0
DARK_SYS_BAK_4501,.zip,3109.64,443,277,0
DARK_SYS_BAK_4502,.log,1704.24,572,208,0
DARK_SYS_BAK_4503,.zip,4440.28,398,316,0
DARK_SYS_BAK_4504,.zip,3880.42,195,157,0
DARK_SYS_BAK_4505,.zip,3403.92,513,322,0
DARK_SYS_BAK_4506,.zip,1077.38,432,129,0
DARK_SYS_BAK_4507,.log,3038.66,518,270,0
DARK_SYS_BAK_4508,.log,1314.61,241,231,0
DARK_SYS_BAK_4509,.bak,652.56,221,192,0
DARK_SYS_BAK_4510,.log,1872.2,286,255,0
DARK_SYS_BAK_4511,.zip,3762.23,462,236,0
DARK_SYS_BAK_4512,.log,3651.19,382,139,0
DARK_SYS_BAK_4513,.bak,2396.18,329,279,0
DARK_SYS_BAK_4514,.log,2950.76,497,345,0
DARK_SYS_BAK_4515,.bak,3900.13,208,153,0
DARK_SYS_BAK_4516,.log,582.29,483,439,0
DARK_SYS_BAK_4517,.bak,4364.24,220,158,0
DARK_SYS_BAK_4518,.zip,1403.85,549,537,0
DARK_SYS_BAK_4519,.zip,4215.67,456,456,0
DARK_SYS_BAK_4520,.log,3105.32,555,140,0
DARK_SYS_BAK_4521,.bak,811.29,279,246,0
DARK_SYS_BAK_4522,.zip,1862.36,255,235,0
DARK_SYS_BAK_4523,.bak,3775.08,361,195,0
DARK_SYS_BAK_4524,.log,2857.57,502,323,0
DARK_SYS_BAK_4525,.log,983.78,485,256,0
DARK_SYS_BAK_4526,.zip,1592.58,203,186,0
DARK_SYS_BAK_4527,.zip,1963.74,258,181,0
DARK_SYS_BAK_4528,.zip,1784.29,538,535,0
DARK_SYS_BAK_4529,.log,1657.06,326,196,0
DARK_SYS_BAK_4530,.bak,2703.66,230,206,0
DARK_SYS_BAK_4531,.zip,1381.53,170,123,0
DARK_SYS_BAK_4532,.zip,2589.28,315,217,0
DARK_SYS_BAK_4533,.zip,3315.52,217,141,0
DARK_SYS_BAK_4534,.bak,4343.23,164,138,0
DARK_SYS_BAK_4535,.bak,3249.66,475,345,0
DARK_SYS_BAK_4536,.zip,2309.13,165,157,0
DARK_SYS_BAK_4537,.bak,1425.28,224,175,0
DARK_SYS_BAK_4538,.log,3117.53,199,121,0
DARK_SYS_BAK_4539,.zip,3188.8,182,126,0
DARK_SYS_BAK_4540,.bak,1183.76,269,213,0
DARK_SYS_BAK_4541,.log,3413.85,242,140,0
DARK_SYS_BAK_4542,.bak,2998.11,202,131,0
DARK_SYS_BAK_4543,.bak,2325.54,330,227,0
DARK_SYS_BAK_4544,.bak,762.66,169,120,0
DARK_SYS_BAK_4545,.bak,1785.09,321,227,0
DARK_SYS_BAK_4546,.log,1955.05,475,457,0
DARK_SYS_BAK_4547,.bak,3509.6,496,384,0
DARK_SYS_BAK_4548,.log,2991.19,513,380,0
DARK_SYS_BAK_4549,.bak,3479.27,289,157,0
DARK_SYS_BAK_4550,.bak,3654.43,415,199,0
DARK_SYS_BAK_4551,.log,3834.52,222,218,0
DARK_SYS_BAK_4552,.bak,3046.38,598,260,0
DARK_SYS_BAK_4553,.log,2802.49,595,379,0
DARK_SYS_BAK_4554,.bak,3512.59,594,349,0
DARK_SYS_BAK_4555,.zip,2046.92,157,125,0
DARK_SYS_BAK_4556,.log,3615.68,528,348,0
DARK_SYS_BAK_4557,.bak,2535.39,536,120,0
DARK_SYS_BAK_4558,.zip,3646.05,418,139,0
DARK_SYS_BAK_4559,.log,2300.14,280,173,0
DARK_SYS_BAK_4560,.bak,792.03,203,193,0
DARK_SYS_BAK_4561,.log,837.58,184,123,0
DARK_SYS_BAK_4562,.zip,1369.17,427,349,0
DARK_SYS_BAK_4563,.log,4100.37,241,215,0
DARK_SYS_BAK_4564,.bak,2828.12,169,161,0
DARK_SYS_BAK_4565,.bak,2120.38,487,459,0
DARK_SYS_BAK_4566,.log,4372.5,250,202,0
DARK_SYS_BAK_4567,.bak,714.39,386,196,0
DARK_SYS_BAK_4568,.zip,860.35,286,187,0
DARK_SYS_BAK_4569,.bak,2235.19,210,202,0
DARK_SYS_BAK_4570,.bak,2858.4,476,218,0
DARK_SYS_BAK_4571,.zip,1247.6,312,303,0
DARK_SYS_BAK_4572,.zip,1323.15,319,138,0
DARK_SYS_BAK_4573,.zip,3752.04,294,170,0
DARK_SYS_BAK_4574,.bak,3161.21,576,125,0
DARK_SYS_BAK_4575,.bak,828.7,364,181,0
DARK_SYS_BAK_4576,.zip,2941.5,475,366,0
DARK_SYS_BAK_4577,.bak,2340.86,255,255,0
DARK_SYS_BAK_4578,.log,2131.87,204,123,0
DARK_SYS_BAK_4579,.log,2148.33,237,208,0
DARK_SYS_BAK_4580,.log,906.59,516,448,0
DARK_SYS_BAK_4581,.log,3017.24,465,253,0
DARK_SYS_BAK_4582,.bak,1936.09,540,309,0
DARK_SYS_BAK_4583,.zip,1210.78,462,248,0
DARK_SYS_BAK_4584,.log,597.8,170,147,0
DARK_SYS_BAK_4585,.bak,903.37,204,141,0
DARK_SYS_BAK_4586,.log,2378.28,313,207,0
DARK_SYS_BAK_4587,.zip,4416.82,530,462,0
DARK_SYS_BAK_4588,.log,875.99,303,179,0
DARK_SYS_BAK_4589,.bak,2009.44,199,151,0
DARK_SYS_BAK_4590,.log,1836.47,235,166,0
DARK_SYS_BAK_4591,.zip,1195.99,438,365,0
DARK_SYS_BAK_4592,.log,3835.19,341,126,0
DARK_SYS_BAK_4593,.log,2364.0,279,276,0
DARK_SYS_BAK_4594,.zip,1719.61,503,298,0
DARK_SYS_BAK_4595,.bak,3968.02,542,166,0
DARK_SYS_BAK_4596,.log,1753.05,203,169,0
DARK_SYS_BAK_4597,.log,4300.89,175,145,0
DARK_SYS_BAK_4598,.bak,1291.42,208,143,0
DARK_SYS_BAK_4599,.log,2930.3,160,142,0
DARK_SYS_BAK_4600,.bak,3966.71,583,454,0
DARK_SYS_BAK_4601,.bak,3806.39,369,166,0
DARK_SYS_BAK_4602,.bak,1849.16,244,195,0
DARK_SYS_BAK_4603,.bak,3294.02,558,445,0
DARK_SYS_BAK_4604,.log,3263.46,431,291,0
DARK_SYS_BAK_4605,.bak,3979.43,432,371,0
DARK_SYS_BAK_4606,.bak,4210.73,294,183,0
DARK_SYS_BAK_4607,.bak,2708.89,261,236,0
DARK_SYS_BAK_4608,.bak,769.87,556,534,0
DARK_SYS_BAK_4609,.bak,3717.59,331,216,0
DARK_SYS_BAK_4610,.bak,2541.37,246,137,0
DARK_SYS_BAK_4611,.bak,3856.24,475,271,0
DARK_SYS_BAK_4612,.zip,3027.78,265,172,0
DARK_SYS_BAK_4613,.bak,2060.54,193,128,0
DARK_SYS_BAK_4614,.zip,4443.52,417,321,0
DARK_SYS_BAK_4615,.bak,1288.62,485,204,0
DARK_SYS_BAK_4616,.bak,2871.09,248,207,0
DARK_SYS_BAK_4617,.log,1970.72,387,120,0
DARK_SYS_BAK_4618,.log,844.37,457,120,0
DARK_SYS_BAK_4619,.bak,1562.14,389,129,0
DARK_SYS_BAK_4620,.bak,2039.58,315,219,0
DARK_SYS_BAK_4621,.log,4336.68,396,384,0
DARK_SYS_BAK_4622,.log,1909.6,478,208,0
DARK_SYS_BAK_4623,.bak,3300.78,564,323,0
DARK_SYS_BAK_4624,.bak,978.26,238,139,0
DARK_SYS_BAK_4625,.log,2986.21,444,390,0
DARK_SYS_BAK_4626,.bak,1393.25,583,224,0
DARK_SYS_BAK_4627,.zip,846.76,575,275,0
DARK_SYS_BAK_4628,.zip,3577.86,150,144,0
DARK_SYS_BAK_4629,.bak,3339.15,438,122,0
DARK_SYS_BAK_4630,.zip,2673.35,552,128,0
DARK_SYS_BAK_4631,.log,1408.68,238,123,0
DARK_SYS_BAK_4632,.zip,4148.64,424,141,0
DARK_SYS_BAK_4633,.zip,2020.08,380,226,0
DARK_SYS_BAK_4634,.bak,2060.62,333,252,0
DARK_SYS_BAK_4635,.bak,4082.12,403,142,0
DARK_SYS_BAK_4636,.bak,3375.62,336,287,0
DARK_SYS_BAK_4637,.bak,3841.57,425,164,0
DARK_SYS_BAK_4638,.log,883.83,363,322,0
DARK_SYS_BAK_4639,.zip,2900.26,276,141,0
DARK_SYS_BAK_4640,.zip,2914.44,484,262,0
DARK_SYS_BAK_4641,.zip,2562.45,529,418,0
DARK_SYS_BAK_4642,.bak,2496.99,210,138,0
DARK_SYS_BAK_4643,.log,4329.8,396,301,0
DARK_SYS_BAK_4644,.bak,2718.59,587,350,0
DARK_SYS_BAK_4645,.zip,1838.59,376,295,0
DARK_SYS_BAK_4646,.log,2899.75,350,236,0
DARK_SYS_BAK_4647,.zip,618.58,415,194,0
DARK_SYS_BAK_4648,.log,1463.11,324,123,0
DARK_SYS_BAK_4649,.zip,3359.18,273,123,0
DARK_SYS_BAK_4650,.bak,834.59,308,210,0
DARK_SYS_BAK_4651,.bak,2792.79,450,206,0
DARK_SYS_BAK_4652,.bak,4112.29,397,286,0
DARK_SYS_BAK_4653,.log,1131.59,280,280,0
DARK_SYS_BAK_4654,.log,1569.11,374,223,0
DARK_SYS_BAK_4655,.zip,2025.51,466,138,0
DARK_SYS_BAK_4656,.log,2422.61,189,121,0
DARK_SYS_BAK_4657,.zip,4474.74,259,237,0
DARK_SYS_BAK_4658,.zip,3380.39,526,187,0
DARK_SYS_BAK_4659,.zip,3441.75,597,521,0
DARK_SYS_BAK_4660,.bak,2400.94,204,181,0
DARK_SYS_BAK_4661,.log,1355.9,593,447,0
DARK_SYS_BAK_4662,.zip,3617.56,437,410,0
DARK_SYS_BAK_4663,.log,2884.72,282,200,0
DARK_SYS_BAK_4664,.zip,4442.91,438,159,0
DARK_SYS_BAK_4665,.log,2281.01,495,269,0
DARK_SYS_BAK_4666,.zip,2671.46,223,166,0
DARK_SYS_BAK_4667,.zip,3825.41,566,470,0
DARK_SYS_BAK_4668,.bak,2919.23,175,134,0
DARK_SYS_BAK_4669,.zip,2129.87,394,386,0
DARK_SYS_BAK_4670,.log,742.69,332,140,0
DARK_SYS_BAK_4671,.bak,1643.57,464,389,0
DARK_SYS_BAK_4672,.zip,3003.92,542,458,0
DARK_SYS_BAK_4673,.bak,2299.08,247,197,0
DARK_SYS_BAK_4674,.bak,1695.36,272,159,0
DARK_SYS_BAK_4675,.bak,3056.58,275,178,0
DARK_SYS_BAK_4676,.zip,4304.71,185,183,0
DARK_SYS_BAK_4677,.log,948.37,557,190,0
DARK_SYS_BAK_4678,.log,3850.94,248,231,0
DARK_SYS_BAK_4679,.bak,4426.74,356,132,0
DARK_SYS_BAK_4680,.zip,1474.65,535,516,0
DARK_SYS_BAK_4681,.log,3876.78,497,152,0
DARK_SYS_BAK_4682,.bak,3389.21,393,306,0
DARK_SYS_BAK_4683,.bak,3206.52,555,155,0
DARK_SYS_BAK_4684,.log,2071.79,177,160,0
DARK_SYS_BAK_4685,.log,4472.1,316,194,0
DARK_SYS_BAK_4686,.log,1769.9,276,146,0
DARK_SYS_BAK_4687,.zip,4158.93,437,220,0
DARK_SYS_BAK_4688,.zip,1969.55,295,255,0
DARK_SYS_BAK_4689,.bak,1046.02,328,197,0
DARK_SYS_BAK_4690,.bak,686.93,408,317,0
DARK_SYS_BAK_4691,.bak,3597.55,209,193,0
DARK_SYS_BAK_4692,.bak,2226.29,456,425,0
DARK_SYS_BAK_4693,.zip,674.94,476,357,0
DARK_SYS_BAK_4694,.zip,1462.28,284,206,0
DARK_SYS_BAK_4695,.log,3313.24,406,314,0
DARK_SYS_BAK_4696,.bak,2000.31,380,221,0
DARK_SYS_BAK_4697,.bak,2298.55,239,191,0
DARK_SYS_BAK_4698,.zip,890.66,422,253,0
DARK_SYS_BAK_4699,.bak,2138.35,391,373,0
DARK_SYS_BAK_4700,.bak,3811.47,507,276,0
DARK_SYS_BAK_4701,.log,931.12,225,152,0
DARK_SYS_BAK_4702,.bak,3430.61,593,340,0
DARK_SYS_BAK_4703,.bak,3863.64,391,265,0
DARK_SYS_BAK_4704,.bak,3301.23,302,200,0
DARK_SYS_BAK_4705,.log,2492.03,424,391,0
DARK_SYS_BAK_4706,.log,2848.71,479,160,0
DARK_SYS_BAK_4707,.zip,4168.04,297,137,0
DARK_SYS_BAK_4708,.bak,4035.64,241,188,0
DARK_SYS_BAK_4709,.zip,823.18,356,253,0
DARK_SYS_BAK_4710,.log,2271.93,234,201,0
DARK_SYS_BAK_4711,.log,1346.13,380,336,0
DARK_SYS_BAK_4712,.zip,545.25,372,161,0
DARK_SYS_BAK_4713,.zip,1387.56,410,166,0
DARK_SYS_BAK_4714,.zip,2163.66,431,159,0
DARK_SYS_BAK_4715,.zip,2741.97,546,352,0
DARK_SYS_BAK_4716,.zip,2940.1,445,186,0
DARK_SYS_BAK_4717,.bak,3780.7,584,249,0
DARK_SYS_BAK_4718,.bak,1661.76,274,177,0
DARK_SYS_BAK_4719,.zip,1873.17,491,265,0
DARK_SYS_BAK_4720,.log,1022.21,499,483,0
DARK_SYS_BAK_4721,.log,4217.75,360,294,0
DARK_SYS_BAK_4722,.log,3021.33,190,181,0
DARK_SYS_BAK_4723,.zip,867.55,208,160,0
DARK_SYS_BAK_4724,.bak,4332.3,427,322,0
DARK_SYS_BAK_4725,.bak,938.0,328,295,0
DARK_SYS_BAK_4726,.bak,2089.43,277,146,0
DARK_SYS_BAK_4727,.bak,1388.25,566,300,0
DARK_SYS_BAK_4728,.zip,890.53,494,326,0
DARK_SYS_BAK_4729,.bak,2224.15,321,314,0
DARK_SYS_BAK_4730,.bak,2433.87,176,136,0
DARK_SYS_BAK_4731,.log,3653.55,157,139,0
DARK_SYS_BAK_4732,.bak,3115.54,600,577,0
DARK_SYS_BAK_4733,.log,4244.92,572,288,0
DARK_SYS_BAK_4734,.bak,4247.44,373,284,0
DARK_SYS_BAK_4735,.zip,4478.6,232,221,0
DARK_SYS_BAK_4736,.zip,1290.21,245,217,0
DARK_SYS_BAK_4737,.bak,4105.4,221,164,0
DARK_SYS_BAK_4738,.log,2774.51,277,123,0
DARK_SYS_BAK_4739,.bak,2309.63,492,251,0
DARK_SYS_BAK_4740,.log,2413.95,502,427,0
DARK_SYS_BAK_4741,.bak,3730.79,509,253,0
DARK_SYS_BAK_4742,.log,2302.27,229,183,0
DARK_SYS_BAK_4743,.bak,4274.73,386,340,0
DARK_SYS_BAK_4744,.zip,500.44,542,191,0
DARK_SYS_BAK_4745,.bak,3019.25,304,256,0
DARK_SYS_BAK_4746,.bak,2380.18,513,377,0
DARK_SYS_BAK_4747,.zip,2633.27,376,191,0
DARK_SYS_BAK_4748,.log,2081.6,495,413,0
DARK_SYS_BAK_4749,.bak,2245.67,403,275,0
DARK_SYS_BAK_4750,.log,2689.57,167,136,0
DARK_SYS_BAK_4751,.zip,1546.14,458,399,0
DARK_SYS_BAK_4752,.bak,2559.84,284,243,0
DARK_SYS_BAK_4753,.zip,1181.46,570,570,0
DARK_SYS_BAK_4754,.bak,1592.62,555,248,0
DARK_SYS_BAK_4755,.zip,3602.18,521,435,0
DARK_SYS_BAK_4756,.log,4028.59,301,148,0
DARK_SYS_BAK_4757,.bak,2768.8,392,177,0
DARK_SYS_BAK_4758,.bak,3949.8,268,180,0
DARK_SYS_BAK_4759,.zip,709.26,150,137,0
DARK_SYS_BAK_4760,.log,1731.56,353,184,0
DARK_SYS_BAK_4761,.log,2800.77,406,171,0
DARK_SYS_BAK_4762,.zip,2130.06,224,153,0
DARK_SYS_BAK_4763,.zip,1942.06,585,493,0
DARK_SYS_BAK_4764,.zip,3577.19,425,226,0
DARK_SYS_BAK_4765,.zip,1937.76,436,337,0
DARK_SYS_BAK_4766,.bak,3313.66,256,152,0
DARK_SYS_BAK_4767,.log,1749.14,260,147,0
DARK_SYS_BAK_4768,.log,1928.57,473,303,0
DARK_SYS_BAK_4769,.zip,1238.83,567,137,0
DARK_SYS_BAK_4770,.bak,2049.75,415,402,0
DARK_SYS_BAK_4771,.bak,4003.8,507,344,0
DARK_SYS_BAK_4772,.zip,3672.31,169,120,0
DARK_SYS_BAK_4773,.log,1588.0,474,173,0
DARK_SYS_BAK_4774,.bak,1475.65,290,148,0
DARK_SYS_BAK_4775,.zip,1926.1,261,148,0
DARK_SYS_BAK_4776,.bak,1934.55,393,386,0
DARK_SYS_BAK_4777,.bak,3003.44,394,357,0
DARK_SYS_BAK_4778,.zip,3918.94,315,142,0
DARK_SYS_BAK_4779,.zip,1464.33,542,477,0
DARK_SYS_BAK_4780,.log,3558.21,351,294,0
DARK_SYS_BAK_4781,.log,2348.08,212,202,0
DARK_SYS_BAK_4782,.log,3539.46,367,336,0
DARK_SYS_BAK_4783,.zip,2639.97,172,129,0
DARK_SYS_BAK_4784,.log,3640.32,180,162,0
DARK_SYS_BAK_4785,.bak,1645.95,547,374,0
DARK_SYS_BAK_4786,.log,552.16,465,412,0
DARK_SYS_BAK_4787,.log,3147.62,390,126,0
DARK_SYS_BAK_4788,.log,2918.13,173,137,0
DARK_SYS_BAK_4789,.bak,625.96,331,135,0
DARK_SYS_BAK_4790,.bak,918.3,185,157,0
DARK_SYS_BAK_4791,.zip,1333.65,191,125,0
DARK_SYS_BAK_4792,.log,2242.02,550,298,0
DARK_SYS_BAK_4793,.bak,3253.19,461,354,0
DARK_SYS_BAK_4794,.log,1137.94,426,311,0
DARK_SYS_BAK_4795,.bak,2976.76,402,291,0
DARK_SYS_BAK_4796,.zip,1463.47,317,233,0
DARK_SYS_BAK_4797,.zip,2514.24,409,379,0
DARK_SYS_BAK_4798,.log,1332.02,477,451,0
DARK_SYS_BAK_4799,.log,658.59,358,244,0
DARK_SYS_BAK_4800,.bak,1377.07,378,374,0
DARK_SYS_BAK_4801,.zip,2064.93,328,158,0
DARK_SYS_BAK_4802,.bak,4460.39,452,223,0
DARK_SYS_BAK_4803,.log,2224.72,292,173,0
DARK_SYS_BAK_4804,.log,1448.82,411,262,0
DARK_SYS_BAK_4805,.bak,2034.25,582,147,0
DARK_SYS_BAK_4806,.bak,2977.23,355,312,0
DARK_SYS_BAK_4807,.log,1080.22,476,425,0
DARK_SYS_BAK_4808,.bak,2247.59,152,127,0
DARK_SYS_BAK_4809,.zip,806.87,277,269,0
DARK_SYS_BAK_4810,.log,2923.62,526,510,0
DARK_SYS_BAK_4811,.zip,507.86,565,305,0
DARK_SYS_BAK_4812,.bak,2896.38,408,284,0
DARK_SYS_BAK_4813,.log,3774.51,270,150,0
DARK_SYS_BAK_4814,.zip,1409.56,497,436,0
DARK_SYS_BAK_4815,.log,3048.31,423,153,0
DARK_SYS_BAK_4816,.log,776.19,199,149,0
DARK_SYS_BAK_4817,.zip,1031.49,479,148,0
DARK_SYS_BAK_4818,.zip,1189.69,245,235,0
DARK_SYS_BAK_4819,.log,4074.41,479,381,0
DARK_SYS_BAK_4820,.log,923.47,458,437,0
DARK_SYS_BAK_4821,.bak,1897.36,366,226,0
DARK_SYS_BAK_4822,.zip,3510.18,358,339,0
DARK_SYS_BAK_4823,.zip,524.42,499,432,0
DARK_SYS_BAK_4824,.log,4374.44,406,171,0
DARK_SYS_BAK_4825,.bak,3935.07,280,217,0
DARK_SYS_BAK_4826,.log,2798.19,269,122,0
DARK_SYS_BAK_4827,.zip,1008.57,595,395,0
DARK_SYS_BAK_4828,.bak,1630.77,265,172,0
DARK_SYS_BAK_4829,.bak,726.7,185,160,0
DARK_SYS_BAK_4830,.log,1431.89,537,262,0
DARK_SYS_BAK_4831,.log,4087.22,236,125,0
DARK_SYS_BAK_4832,.bak,1475.84,543,172,0
DARK_SYS_BAK_4833,.zip,540.59,438,297,0
DARK_SYS_BAK_4834,.log,3755.03,309,275,0
DARK_SYS_BAK_4835,.log,1074.18,353,165,0
DARK_SYS_BAK_4836,.log,3870.53,236,188,0
DARK_SYS_BAK_4837,.zip,4015.75,456,302,0
DARK_SYS_BAK_4838,.zip,1970.59,267,162,0
DARK_SYS_BAK_4839,.bak,1153.89,158,122,0
DARK_SYS_BAK_4840,.zip,1380.44,305,299,0
DARK_SYS_BAK_4841,.log,3741.39,544,233,0
DARK_SYS_BAK_4842,.bak,2432.6,511,485,0
DARK_SYS_BAK_4843,.bak,3392.53,345,208,0
DARK_SYS_BAK_4844,.zip,4397.94,554,360,0
DARK_SYS_BAK_4845,.zip,1890.52,317,121,0
DARK_SYS_BAK_4846,.zip,1109.61,544,540,0
DARK_SYS_BAK_4847,.bak,3595.95,153,124,0
DARK_SYS_BAK_4848,.bak,776.32,246,141,0
DARK_SYS_BAK_4849,.zip,2904.57,540,229,0
DARK_SYS_BAK_4850,.zip,1785.36,376,256,0
DARK_SYS_BAK_4851,.bak,1244.43,304,270,0
DARK_SYS_BAK_4852,.bak,2819.5,367,287,0
DARK_SYS_BAK_4853,.log,1471.34,472,200,0
DARK_SYS_BAK_4854,.log,4019.15,157,127,0
DARK_SYS_BAK_4855,.log,2285.57,523,378,0
DARK_SYS_BAK_4856,.bak,2938.93,217,169,0
DARK_SYS_BAK_4857,.zip,1198.47,232,142,0
DARK_SYS_BAK_4858,.zip,3418.41,285,163,0
DARK_SYS_BAK_4859,.bak,2463.23,599,231,0
DARK_SYS_BAK_4860,.zip,3643.5,510,237,0
DARK_SYS_BAK_4861,.bak,4219.39,584,444,0
DARK_SYS_BAK_4862,.log,4216.96,596,591,0
DARK_SYS_BAK_4863,.zip,2412.1,424,314,0
DARK_SYS_BAK_4864,.bak,2284.72,586,547,0
DARK_SYS_BAK_4865,.zip,2260.55,594,131,0
DARK_SYS_BAK_4866,.zip,763.15,266,233,0
DARK_SYS_BAK_4867,.bak,4289.15,193,182,0
DARK_SYS_BAK_4868,.log,1868.15,489,279,0
DARK_SYS_BAK_4869,.bak,2630.33,252,239,0
DARK_SYS_BAK_4870,.bak,1952.17,307,182,0
DARK_SYS_BAK_4871,.bak,3054.11,195,176,0
DARK_SYS_BAK_4872,.log,4239.98,589,290,0
DARK_SYS_BAK_4873,.log,2988.81,377,231,0
DARK_SYS_BAK_4874,.log,3780.87,230,163,0
DARK_SYS_BAK_4875,.zip,3808.17,400,181,0
DARK_SYS_BAK_4876,.log,1179.08,455,406,0
DARK_SYS_BAK_4877,.log,693.14,248,145,0
DARK_SYS_BAK_4878,.zip,1019.96,534,432,0
DARK_SYS_BAK_4879,.log,3453.28,234,180,0
DARK_SYS_BAK_4880,.zip,1135.38,328,295,0
DARK_SYS_BAK_4881,.bak,2232.62,425,333,0
DARK_SYS_BAK_4882,.bak,3616.09,289,211,0
DARK_SYS_BAK_4883,.bak,894.98,317,189,0
DARK_SYS_BAK_4884,.bak,2671.08,321,317,0
DARK_SYS_BAK_4885,.log,3096.48,212,180,0
DARK_SYS_BAK_4886,.bak,2289.94,469,401,0
DARK_SYS_BAK_4887,.zip,3831.99,474,324,0
DARK_SYS_BAK_4888,.bak,815.67,182,168,0
DARK_SYS_BAK_4889,.bak,1194.1,526,258,0
DARK_SYS_BAK_4890,.bak,4354.34,484,467,0
DARK_SYS_BAK_4891,.bak,1336.0,458,334,0
DARK_SYS_BAK_4892,.zip,2672.84,399,284,0
DARK_SYS_BAK_4893,.bak,1766.88,164,126,0
DARK_SYS_BAK_4894,.bak,4167.16,470,315,0
DARK_SYS_BAK_4895,.bak,2074.62,535,240,0
DARK_SYS_BAK_4896,.log,2220.54,472,293,0
DARK_SYS_BAK_4897,.bak,3285.56,588,537,0
DARK_SYS_BAK_4898,.zip,3544.55,159,123,0
DARK_SYS_BAK_4899,.zip,2706.85,549,336,0
DARK_SYS_BAK_4900,.bak,3835.69,151,126,0
DARK_SYS_BAK_4901,.log,2454.44,550,401,0
DARK_SYS_BAK_4902,.zip,500.28,252,201,0
DARK_SYS_BAK_4903,.zip,983.99,570,360,0
DARK_SYS_BAK_4904,.log,3373.5,531,509,0
DARK_SYS_BAK_4905,.log,554.87,306,306,0
DARK_SYS_BAK_4906,.log,4254.0,189,161,0
DARK_SYS_BAK_4907,.zip,3301.31,414,222,0
DARK_SYS_BAK_4908,.bak,3782.95,167,120,0
DARK_SYS_BAK_4909,.bak,1744.84,363,149,0
DARK_SYS_BAK_4910,.bak,1254.25,600,419,0
DARK_SYS_BAK_4911,.bak,1764.23,517,259,0
DARK_SYS_BAK_4912,.zip,887.38,492,408,0
DARK_SYS_BAK_4913,.log,3040.88,278,121,0
DARK_SYS_BAK_4914,.zip,1787.43,458,189,0
DARK_SYS_BAK_4915,.bak,3041.82,333,132,0
DARK_SYS_BAK_4916,.bak,1149.29,179,142,0
DARK_SYS_BAK_4917,.bak,2508.3,555,155,0
DARK_SYS_BAK_4918,.bak,1304.75,290,270,0
DARK_SYS_BAK_4919,.bak,1107.0,168,136,0
DARK_SYS_BAK_4920,.bak,4257.43,568,191,0
DARK_SYS_BAK_4921,.log,2123.24,589,187,0
DARK_SYS_BAK_4922,.log,3499.1,433,315,0
DARK_SYS_BAK_4923,.log,1151.34,194,122,0
DARK_SYS_BAK_4924,.bak,2499.04,553,451,0
DARK_SYS_BAK_4925,.bak,2158.51,323,206,0
DARK_SYS_BAK_4926,.log,4152.67,192,165,0
DARK_SYS_BAK_4927,.log,3214.36,271,268,0
DARK_SYS_BAK_4928,.bak,3605.39,278,131,0
DARK_SYS_BAK_4929,.bak,2882.56,492,442,0
DARK_SYS_BAK_4930,.bak,3556.7,425,170,0
DARK_SYS_BAK_4931,.log,4078.1,326,315,0
DARK_SYS_BAK_4932,.zip,534.3,421,128,0
DARK_SYS_BAK_4933,.bak,3256.12,369,347,0
DARK_SYS_BAK_4934,.log,1426.05,257,237,0
DARK_SYS_BAK_4935,.bak,2462.6,400,374,0
DARK_SYS_BAK_4936,.bak,1925.93,586,445,0
DARK_SYS_BAK_4937,.log,630.94,362,212,0
DARK_SYS_BAK_4938,.log,3206.11,282,218,0
DARK_SYS_BAK_4939,.bak,3376.18,289,263,0
DARK_SYS_BAK_4940,.log,1338.18,209,121,0
DARK_SYS_BAK_4941,.bak,3549.18,201,161,0
DARK_SYS_BAK_4942,.zip,2451.41,240,144,0
DARK_SYS_BAK_4943,.zip,4306.2,297,258,0
DARK_SYS_BAK_4944,.zip,2381.16,178,177,0
DARK_SYS_BAK_4945,.zip,3093.59,482,350,0
DARK_SYS_BAK_4946,.log,4223.88,485,384,0
DARK_SYS_BAK_4947,.bak,1336.9,192,150,0
DARK_SYS_BAK_4948,.log,3197.3,530,404,0
DARK_SYS_BAK_4949,.log,4424.85,446,301,0
DARK_SYS_BAK_4950,.bak,1399.81,151,148,0
DARK_SYS_BAK_4951,.zip,1920.2,250,229,0
DARK_SYS_BAK_4952,.zip,3425.64,265,152,0
DARK_SYS_BAK_4953,.zip,3974.72,462,148,0
DARK_SYS_BAK_4954,.bak,662.08,209,171,0
DARK_SYS_BAK_4955,.zip,3316.43,567,533,0
DARK_SYS_BAK_4956,.zip,1626.22,360,176,0
DARK_SYS_BAK_4957,.zip,995.94,384,179,0
DARK_SYS_BAK_4958,.bak,1998.94,457,288,0
DARK_SYS_BAK_4959,.log,4207.28,441,189,0
DARK_SYS_BAK_4960,.log,597.42,255,132,0
DARK_SYS_BAK_4961,.log,701.62,164,148,0
DARK_SYS_BAK_4962,.zip,606.34,296,135,0
DARK_SYS_BAK_4963,.zip,3596.13,218,157,0
DARK_SYS_BAK_4964,.log,3101.24,172,171,0
DARK_SYS_BAK_4965,.log,3102.36,552,212,0
DARK_SYS_BAK_4966,.zip,1433.4,470,285,0
DARK_SYS_BAK_4967,.zip,4180.72,578,269,0
DARK_SYS_BAK_4968,.log,1158.37,326,269,0
DARK_SYS_BAK_4969,.zip,1374.9,515,272,0
DARK_SYS_BAK_4970,.zip,1366.78,499,191,0
DARK_SYS_BAK_4971,.zip,1906.23,599,221,0
DARK_SYS_BAK_4972,.zip,3496.65,380,156,0
DARK_SYS_BAK_4973,.log,1604.33,456,325,0
DARK_SYS_BAK_4974,.bak,1782.33,330,193,0
DARK_SYS_BAK_4975,.log,3317.11,469,370,0
DARK_SYS_BAK_4976,.zip,2590.38,168,138,0
DARK_SYS_BAK_4977,.zip,3618.41,483,248,0
DARK_SYS_BAK_4978,.zip,1057.62,565,355,0
DARK_SYS_BAK_4979,.log,1774.29,223,153,0
DARK_SYS_BAK_4980,.zip,831.34,297,197,0
DARK_SYS_BAK_4981,.zip,2579.47,206,154,0
DARK_SYS_BAK_4982,.bak,1931.18,402,341,0
DARK_SYS_BAK_4983,.bak,3213.71,172,171,0
DARK_SYS_BAK_4984,.zip,4202.04,309,145,0
DARK_SYS_BAK_4985,.bak,815.64,250,188,0
DARK_SYS_BAK_4986,.log,1066.08,423,389,0
DARK_SYS_BAK_4987,.bak,1594.31,412,171,0
DARK_SYS_BAK_4988,.log,2662.77,433,131,0
DARK_SYS_BAK_4989,.bak,3869.16,415,180,0
DARK_SYS_BAK_4990,.log,754.02,234,191,0
DARK_SYS_BAK_4991,.log,4115.54,497,493,0
DARK_SYS_BAK_4992,.log,3608.96,261,155,0
DARK_SYS_BAK_4993,.log,1134.15,260,124,0
DARK_SYS_BAK_4994,.zip,3079.54,404,191,0
DARK_SYS_BAK_4995,.zip,3779.66,445,276,0
DARK_SYS_BAK_4996,.bak,1102.82,224,178,0
DARK_SYS_BAK_4997,.log,2424.32,475,225,0
DARK_SYS_BAK_4998,.zip,3584.67,354,169,0
DARK_SYS_BAK_4999,.bak,1769.83,420,417,0
DARK_SYS_BAK_5000,.log,1592.01,269,213,0
